Country,ISO3 Code,Datetime (UTC),Datetime (Local),Price (USD/MWh)
CAISO SP15,USA,2024-01-01 07:00:00,2023-12-31 23:00:00,45.09781
CAISO SP15,USA,2024-01-01 08:00:00,2024-01-01 00:00:00,46.08
CAISO SP15,USA,2024-01-01 09:00:00,2024-01-01 01:00:00,45.32571
CAISO SP15,USA,2024-01-01 10:00:00,2024-01-01 02:00:00,44.91129
CAISO SP15,USA,2024-01-01 11:00:00,2024-01-01 03:00:00,44.56314
CAISO SP15,USA,2024-01-01 12:00:00,2024-01-01 04:00:00,44.17126
CAISO SP15,USA,2024-01-01 13:00:00,2024-01-01 05:00:00,42.61442
CAISO SP15,USA,2024-01-01 14:00:00,2024-01-01 06:00:00,44.46233
CAISO SP15,USA,2024-01-01 15:00:00,2024-01-01 07:00:00,45.23494
CAISO SP15,USA,2024-01-01 16:00:00,2024-01-01 08:00:00,36.39075
CAISO SP15,USA,2024-01-01 17:00:00,2024-01-01 09:00:00,28.78897
CAISO SP15,USA,2024-01-01 18:00:00,2024-01-01 10:00:00,26.44054
CAISO SP15,USA,2024-01-01 19:00:00,2024-01-01 11:00:00,22.84608
CAISO SP15,USA,2024-01-01 20:00:00,2024-01-01 12:00:00,22.66
CAISO SP15,USA,2024-01-01 21:00:00,2024-01-01 13:00:00,22.36894
CAISO SP15,USA,2024-01-01 22:00:00,2024-01-01 14:00:00,23.85693
CAISO SP15,USA,2024-01-01 23:00:00,2024-01-01 15:00:00,37.86516
CAISO SP15,USA,2024-01-02 00:00:00,2024-01-01 16:00:00,49.77848
CAISO SP15,USA,2024-01-02 01:00:00,2024-01-01 17:00:00,50.7194
CAISO SP15,USA,2024-01-02 02:00:00,2024-01-01 18:00:00,50.99369
CAISO SP15,USA,2024-01-02 03:00:00,2024-01-01 19:00:00,51.06365
CAISO SP15,USA,2024-01-02 04:00:00,2024-01-01 20:00:00,50.89036
CAISO SP15,USA,2024-01-02 05:00:00,2024-01-01 21:00:00,50.44555
CAISO SP15,USA,2024-01-02 06:00:00,2024-01-01 22:00:00,50.16388
CAISO SP15,USA,2024-01-02 07:00:00,2024-01-01 23:00:00,47.2974
CAISO SP15,USA,2024-01-02 08:00:00,2024-01-02 00:00:00,44.53664
CAISO SP15,USA,2024-01-02 09:00:00,2024-01-02 01:00:00,43.89359
CAISO SP15,USA,2024-01-02 10:00:00,2024-01-02 02:00:00,43.72221
CAISO SP15,USA,2024-01-02 11:00:00,2024-01-02 03:00:00,43.97096
CAISO SP15,USA,2024-01-02 12:00:00,2024-01-02 04:00:00,44.43286
CAISO SP15,USA,2024-01-02 13:00:00,2024-01-02 05:00:00,48.40952
CAISO SP15,USA,2024-01-02 14:00:00,2024-01-02 06:00:00,56.89019
CAISO SP15,USA,2024-01-02 15:00:00,2024-01-02 07:00:00,57.28016
CAISO SP15,USA,2024-01-02 16:00:00,2024-01-02 08:00:00,38.19555
CAISO SP15,USA,2024-01-02 17:00:00,2024-01-02 09:00:00,28.87831
CAISO SP15,USA,2024-01-02 18:00:00,2024-01-02 10:00:00,27.00376
CAISO SP15,USA,2024-01-02 19:00:00,2024-01-02 11:00:00,26.4234
CAISO SP15,USA,2024-01-02 20:00:00,2024-01-02 12:00:00,22.92473
CAISO SP15,USA,2024-01-02 21:00:00,2024-01-02 13:00:00,21.93541
CAISO SP15,USA,2024-01-02 22:00:00,2024-01-02 14:00:00,26.87915
CAISO SP15,USA,2024-01-02 23:00:00,2024-01-02 15:00:00,41.58455
CAISO SP15,USA,2024-01-03 00:00:00,2024-01-02 16:00:00,55.23071
CAISO SP15,USA,2024-01-03 01:00:00,2024-01-02 17:00:00,57.7594
CAISO SP15,USA,2024-01-03 02:00:00,2024-01-02 18:00:00,56.64223
CAISO SP15,USA,2024-01-03 03:00:00,2024-01-02 19:00:00,56.52317
CAISO SP15,USA,2024-01-03 04:00:00,2024-01-02 20:00:00,55.3123
CAISO SP15,USA,2024-01-03 05:00:00,2024-01-02 21:00:00,54.66398
CAISO SP15,USA,2024-01-03 06:00:00,2024-01-02 22:00:00,48.36017
CAISO SP15,USA,2024-01-03 07:00:00,2024-01-02 23:00:00,47.09062
CAISO SP15,USA,2024-01-03 08:00:00,2024-01-03 00:00:00,49.3975
CAISO SP15,USA,2024-01-03 09:00:00,2024-01-03 01:00:00,49.24018
CAISO SP15,USA,2024-01-03 10:00:00,2024-01-03 02:00:00,45.93774
CAISO SP15,USA,2024-01-03 11:00:00,2024-01-03 03:00:00,44.84028
CAISO SP15,USA,2024-01-03 12:00:00,2024-01-03 04:00:00,44.38602
CAISO SP15,USA,2024-01-03 13:00:00,2024-01-03 05:00:00,49.32344
CAISO SP15,USA,2024-01-03 14:00:00,2024-01-03 06:00:00,52.74837
CAISO SP15,USA,2024-01-03 15:00:00,2024-01-03 07:00:00,52.6
CAISO SP15,USA,2024-01-03 16:00:00,2024-01-03 08:00:00,46.88579
CAISO SP15,USA,2024-01-03 17:00:00,2024-01-03 09:00:00,38.47423
CAISO SP15,USA,2024-01-03 18:00:00,2024-01-03 10:00:00,36.12302
CAISO SP15,USA,2024-01-03 19:00:00,2024-01-03 11:00:00,34.7141
CAISO SP15,USA,2024-01-03 20:00:00,2024-01-03 12:00:00,28.6507
CAISO SP15,USA,2024-01-03 21:00:00,2024-01-03 13:00:00,27.03855
CAISO SP15,USA,2024-01-03 22:00:00,2024-01-03 14:00:00,31.06349
CAISO SP15,USA,2024-01-03 23:00:00,2024-01-03 15:00:00,40.09115
CAISO SP15,USA,2024-01-04 00:00:00,2024-01-03 16:00:00,54.71921
CAISO SP15,USA,2024-01-04 01:00:00,2024-01-03 17:00:00,56.91617
CAISO SP15,USA,2024-01-04 02:00:00,2024-01-03 18:00:00,55.50909
CAISO SP15,USA,2024-01-04 03:00:00,2024-01-03 19:00:00,55.38014
CAISO SP15,USA,2024-01-04 04:00:00,2024-01-03 20:00:00,54.92503
CAISO SP15,USA,2024-01-04 05:00:00,2024-01-03 21:00:00,54.32708
CAISO SP15,USA,2024-01-04 06:00:00,2024-01-03 22:00:00,50.13689
CAISO SP15,USA,2024-01-04 07:00:00,2024-01-03 23:00:00,48.57919
CAISO SP15,USA,2024-01-04 08:00:00,2024-01-04 00:00:00,45.97142
CAISO SP15,USA,2024-01-04 09:00:00,2024-01-04 01:00:00,44.70786
CAISO SP15,USA,2024-01-04 10:00:00,2024-01-04 02:00:00,44.45258
CAISO SP15,USA,2024-01-04 11:00:00,2024-01-04 03:00:00,44.16841
CAISO SP15,USA,2024-01-04 12:00:00,2024-01-04 04:00:00,45.02343
CAISO SP15,USA,2024-01-04 13:00:00,2024-01-04 05:00:00,51.50517
CAISO SP15,USA,2024-01-04 14:00:00,2024-01-04 06:00:00,59.68781
CAISO SP15,USA,2024-01-04 15:00:00,2024-01-04 07:00:00,52.91265
CAISO SP15,USA,2024-01-04 16:00:00,2024-01-04 08:00:00,41.7394
CAISO SP15,USA,2024-01-04 17:00:00,2024-01-04 09:00:00,22.47634
CAISO SP15,USA,2024-01-04 18:00:00,2024-01-04 10:00:00,17.7528
CAISO SP15,USA,2024-01-04 19:00:00,2024-01-04 11:00:00,15.02375
CAISO SP15,USA,2024-01-04 20:00:00,2024-01-04 12:00:00,13.80864
CAISO SP15,USA,2024-01-04 21:00:00,2024-01-04 13:00:00,10.19
CAISO SP15,USA,2024-01-04 22:00:00,2024-01-04 14:00:00,15.2807
CAISO SP15,USA,2024-01-04 23:00:00,2024-01-04 15:00:00,42.03079
CAISO SP15,USA,2024-01-05 00:00:00,2024-01-04 16:00:00,62.09384
CAISO SP15,USA,2024-01-05 01:00:00,2024-01-04 17:00:00,63.15976
CAISO SP15,USA,2024-01-05 02:00:00,2024-01-04 18:00:00,63.19274
CAISO SP15,USA,2024-01-05 03:00:00,2024-01-04 19:00:00,63.26646
CAISO SP15,USA,2024-01-05 04:00:00,2024-01-04 20:00:00,63.2632
CAISO SP15,USA,2024-01-05 05:00:00,2024-01-04 21:00:00,62.86717
CAISO SP15,USA,2024-01-05 06:00:00,2024-01-04 22:00:00,62.40746
CAISO SP15,USA,2024-01-05 07:00:00,2024-01-04 23:00:00,61.43011
CAISO SP15,USA,2024-01-05 08:00:00,2024-01-05 00:00:00,67.55964
CAISO SP15,USA,2024-01-05 09:00:00,2024-01-05 01:00:00,60.17947
CAISO SP15,USA,2024-01-05 10:00:00,2024-01-05 02:00:00,60.16522
CAISO SP15,USA,2024-01-05 11:00:00,2024-01-05 03:00:00,59.57166
CAISO SP15,USA,2024-01-05 12:00:00,2024-01-05 04:00:00,61.03876
CAISO SP15,USA,2024-01-05 13:00:00,2024-01-05 05:00:00,68.96457
CAISO SP15,USA,2024-01-05 14:00:00,2024-01-05 06:00:00,78.61273
CAISO SP15,USA,2024-01-05 15:00:00,2024-01-05 07:00:00,71.0603
CAISO SP15,USA,2024-01-05 16:00:00,2024-01-05 08:00:00,56.79425
CAISO SP15,USA,2024-01-05 17:00:00,2024-01-05 09:00:00,42.41006
CAISO SP15,USA,2024-01-05 18:00:00,2024-01-05 10:00:00,33.47617
CAISO SP15,USA,2024-01-05 19:00:00,2024-01-05 11:00:00,27.2686
CAISO SP15,USA,2024-01-05 20:00:00,2024-01-05 12:00:00,25.54982
CAISO SP15,USA,2024-01-05 21:00:00,2024-01-05 13:00:00,23.58822
CAISO SP15,USA,2024-01-05 22:00:00,2024-01-05 14:00:00,32.5033
CAISO SP15,USA,2024-01-05 23:00:00,2024-01-05 15:00:00,54.5877
CAISO SP15,USA,2024-01-06 00:00:00,2024-01-05 16:00:00,74.89766
CAISO SP15,USA,2024-01-06 01:00:00,2024-01-05 17:00:00,75.6668
CAISO SP15,USA,2024-01-06 02:00:00,2024-01-05 18:00:00,75.86552
CAISO SP15,USA,2024-01-06 03:00:00,2024-01-05 19:00:00,75.89744
CAISO SP15,USA,2024-01-06 04:00:00,2024-01-05 20:00:00,75.73283
CAISO SP15,USA,2024-01-06 05:00:00,2024-01-05 21:00:00,75.46003
CAISO SP15,USA,2024-01-06 06:00:00,2024-01-05 22:00:00,75.08906
CAISO SP15,USA,2024-01-06 07:00:00,2024-01-05 23:00:00,74.8557
CAISO SP15,USA,2024-01-06 08:00:00,2024-01-06 00:00:00,69.05713
CAISO SP15,USA,2024-01-06 09:00:00,2024-01-06 01:00:00,68.48785
CAISO SP15,USA,2024-01-06 10:00:00,2024-01-06 02:00:00,67.79525
CAISO SP15,USA,2024-01-06 11:00:00,2024-01-06 03:00:00,66.84565
CAISO SP15,USA,2024-01-06 12:00:00,2024-01-06 04:00:00,65.39704
CAISO SP15,USA,2024-01-06 13:00:00,2024-01-06 05:00:00,68.76943
CAISO SP15,USA,2024-01-06 14:00:00,2024-01-06 06:00:00,68.96363
CAISO SP15,USA,2024-01-06 15:00:00,2024-01-06 07:00:00,64.93631
CAISO SP15,USA,2024-01-06 16:00:00,2024-01-06 08:00:00,43.20961
CAISO SP15,USA,2024-01-06 17:00:00,2024-01-06 09:00:00,32.75323
CAISO SP15,USA,2024-01-06 18:00:00,2024-01-06 10:00:00,23.09253
CAISO SP15,USA,2024-01-06 19:00:00,2024-01-06 11:00:00,22.20919
CAISO SP15,USA,2024-01-06 20:00:00,2024-01-06 12:00:00,10.16647
CAISO SP15,USA,2024-01-06 21:00:00,2024-01-06 13:00:00,8.28867
CAISO SP15,USA,2024-01-06 22:00:00,2024-01-06 14:00:00,18.66
CAISO SP15,USA,2024-01-06 23:00:00,2024-01-06 15:00:00,41.4739
CAISO SP15,USA,2024-01-07 00:00:00,2024-01-06 16:00:00,67.41662
CAISO SP15,USA,2024-01-07 01:00:00,2024-01-06 17:00:00,68.16743
CAISO SP15,USA,2024-01-07 02:00:00,2024-01-06 18:00:00,67.99516
CAISO SP15,USA,2024-01-07 03:00:00,2024-01-06 19:00:00,67.53463
CAISO SP15,USA,2024-01-07 04:00:00,2024-01-06 20:00:00,67.20484
CAISO SP15,USA,2024-01-07 05:00:00,2024-01-06 21:00:00,67.80384
CAISO SP15,USA,2024-01-07 06:00:00,2024-01-06 22:00:00,67.58157
CAISO SP15,USA,2024-01-07 07:00:00,2024-01-06 23:00:00,66.58526
CAISO SP15,USA,2024-01-07 08:00:00,2024-01-07 00:00:00,68.33823
CAISO SP15,USA,2024-01-07 09:00:00,2024-01-07 01:00:00,63.77193
CAISO SP15,USA,2024-01-07 10:00:00,2024-01-07 02:00:00,60.82637
CAISO SP15,USA,2024-01-07 11:00:00,2024-01-07 03:00:00,60.2358
CAISO SP15,USA,2024-01-07 12:00:00,2024-01-07 04:00:00,61.78692
CAISO SP15,USA,2024-01-07 13:00:00,2024-01-07 05:00:00,68.01429
CAISO SP15,USA,2024-01-07 14:00:00,2024-01-07 06:00:00,69.65
CAISO SP15,USA,2024-01-07 15:00:00,2024-01-07 07:00:00,62.28494
CAISO SP15,USA,2024-01-07 16:00:00,2024-01-07 08:00:00,48.06323
CAISO SP15,USA,2024-01-07 17:00:00,2024-01-07 09:00:00,26.25965
CAISO SP15,USA,2024-01-07 18:00:00,2024-01-07 10:00:00,20.87158
CAISO SP15,USA,2024-01-07 19:00:00,2024-01-07 11:00:00,17.90736
CAISO SP15,USA,2024-01-07 20:00:00,2024-01-07 12:00:00,12.79694
CAISO SP15,USA,2024-01-07 21:00:00,2024-01-07 13:00:00,12.65254
CAISO SP15,USA,2024-01-07 22:00:00,2024-01-07 14:00:00,18.07778
CAISO SP15,USA,2024-01-07 23:00:00,2024-01-07 15:00:00,48.1
CAISO SP15,USA,2024-01-08 00:00:00,2024-01-07 16:00:00,71.98545
CAISO SP15,USA,2024-01-08 01:00:00,2024-01-07 17:00:00,75.38776
CAISO SP15,USA,2024-01-08 02:00:00,2024-01-07 18:00:00,75.69
CAISO SP15,USA,2024-01-08 03:00:00,2024-01-07 19:00:00,75.80503
CAISO SP15,USA,2024-01-08 04:00:00,2024-01-07 20:00:00,75.41262
CAISO SP15,USA,2024-01-08 05:00:00,2024-01-07 21:00:00,75.35116
CAISO SP15,USA,2024-01-08 06:00:00,2024-01-07 22:00:00,74.25191
CAISO SP15,USA,2024-01-08 07:00:00,2024-01-07 23:00:00,73.15686
CAISO SP15,USA,2024-01-08 08:00:00,2024-01-08 00:00:00,71.22661
CAISO SP15,USA,2024-01-08 09:00:00,2024-01-08 01:00:00,70.43955
CAISO SP15,USA,2024-01-08 10:00:00,2024-01-08 02:00:00,70.70219
CAISO SP15,USA,2024-01-08 11:00:00,2024-01-08 03:00:00,70.70623
CAISO SP15,USA,2024-01-08 12:00:00,2024-01-08 04:00:00,72.07684
CAISO SP15,USA,2024-01-08 13:00:00,2024-01-08 05:00:00,89.73645
CAISO SP15,USA,2024-01-08 14:00:00,2024-01-08 06:00:00,106.16906
CAISO SP15,USA,2024-01-08 15:00:00,2024-01-08 07:00:00,101.2021
CAISO SP15,USA,2024-01-08 16:00:00,2024-01-08 08:00:00,53.96309
CAISO SP15,USA,2024-01-08 17:00:00,2024-01-08 09:00:00,42.59775
CAISO SP15,USA,2024-01-08 18:00:00,2024-01-08 10:00:00,35.16194
CAISO SP15,USA,2024-01-08 19:00:00,2024-01-08 11:00:00,35.77534
CAISO SP15,USA,2024-01-08 20:00:00,2024-01-08 12:00:00,32.39407
CAISO SP15,USA,2024-01-08 21:00:00,2024-01-08 13:00:00,30.40925
CAISO SP15,USA,2024-01-08 22:00:00,2024-01-08 14:00:00,33.09
CAISO SP15,USA,2024-01-08 23:00:00,2024-01-08 15:00:00,60.14971
CAISO SP15,USA,2024-01-09 00:00:00,2024-01-08 16:00:00,100.77538
CAISO SP15,USA,2024-01-09 01:00:00,2024-01-08 17:00:00,103.55552
CAISO SP15,USA,2024-01-09 02:00:00,2024-01-08 18:00:00,103.22581
CAISO SP15,USA,2024-01-09 03:00:00,2024-01-08 19:00:00,101.81423
CAISO SP15,USA,2024-01-09 04:00:00,2024-01-08 20:00:00,101.17378
CAISO SP15,USA,2024-01-09 05:00:00,2024-01-08 21:00:00,100.67012
CAISO SP15,USA,2024-01-09 06:00:00,2024-01-08 22:00:00,91.50492
CAISO SP15,USA,2024-01-09 07:00:00,2024-01-08 23:00:00,85.14355
CAISO SP15,USA,2024-01-09 08:00:00,2024-01-09 00:00:00,76.1929
CAISO SP15,USA,2024-01-09 09:00:00,2024-01-09 01:00:00,70.99221
CAISO SP15,USA,2024-01-09 10:00:00,2024-01-09 02:00:00,70.78193
CAISO SP15,USA,2024-01-09 11:00:00,2024-01-09 03:00:00,70.70166
CAISO SP15,USA,2024-01-09 12:00:00,2024-01-09 04:00:00,72.55794
CAISO SP15,USA,2024-01-09 13:00:00,2024-01-09 05:00:00,81.37685
CAISO SP15,USA,2024-01-09 14:00:00,2024-01-09 06:00:00,94.20499
CAISO SP15,USA,2024-01-09 15:00:00,2024-01-09 07:00:00,82.68167
CAISO SP15,USA,2024-01-09 16:00:00,2024-01-09 08:00:00,52.6417
CAISO SP15,USA,2024-01-09 17:00:00,2024-01-09 09:00:00,43.14706
CAISO SP15,USA,2024-01-09 18:00:00,2024-01-09 10:00:00,38.42303
CAISO SP15,USA,2024-01-09 19:00:00,2024-01-09 11:00:00,32.83848
CAISO SP15,USA,2024-01-09 20:00:00,2024-01-09 12:00:00,26.48226
CAISO SP15,USA,2024-01-09 21:00:00,2024-01-09 13:00:00,20.90278
CAISO SP15,USA,2024-01-09 22:00:00,2024-01-09 14:00:00,22.78692
CAISO SP15,USA,2024-01-09 23:00:00,2024-01-09 15:00:00,55.44925
CAISO SP15,USA,2024-01-10 00:00:00,2024-01-09 16:00:00,71.84988
CAISO SP15,USA,2024-01-10 01:00:00,2024-01-09 17:00:00,74.94851
CAISO SP15,USA,2024-01-10 02:00:00,2024-01-09 18:00:00,73.94801
CAISO SP15,USA,2024-01-10 03:00:00,2024-01-09 19:00:00,73.76385
CAISO SP15,USA,2024-01-10 04:00:00,2024-01-09 20:00:00,73.70763
CAISO SP15,USA,2024-01-10 05:00:00,2024-01-09 21:00:00,73.91158
CAISO SP15,USA,2024-01-10 06:00:00,2024-01-09 22:00:00,72.5258
CAISO SP15,USA,2024-01-10 07:00:00,2024-01-09 23:00:00,66.55651
CAISO SP15,USA,2024-01-10 08:00:00,2024-01-10 00:00:00,67.43231
CAISO SP15,USA,2024-01-10 09:00:00,2024-01-10 01:00:00,66.82332
CAISO SP15,USA,2024-01-10 10:00:00,2024-01-10 02:00:00,67.0096
CAISO SP15,USA,2024-01-10 11:00:00,2024-01-10 03:00:00,66.3579
CAISO SP15,USA,2024-01-10 12:00:00,2024-01-10 04:00:00,66.7571
CAISO SP15,USA,2024-01-10 13:00:00,2024-01-10 05:00:00,76.33491
CAISO SP15,USA,2024-01-10 14:00:00,2024-01-10 06:00:00,90.52976
CAISO SP15,USA,2024-01-10 15:00:00,2024-01-10 07:00:00,79.11182
CAISO SP15,USA,2024-01-10 16:00:00,2024-01-10 08:00:00,61.24718
CAISO SP15,USA,2024-01-10 17:00:00,2024-01-10 09:00:00,47.0632
CAISO SP15,USA,2024-01-10 18:00:00,2024-01-10 10:00:00,38.25508
CAISO SP15,USA,2024-01-10 19:00:00,2024-01-10 11:00:00,33.05799
CAISO SP15,USA,2024-01-10 20:00:00,2024-01-10 12:00:00,26.5113
CAISO SP15,USA,2024-01-10 21:00:00,2024-01-10 13:00:00,22.77562
CAISO SP15,USA,2024-01-10 22:00:00,2024-01-10 14:00:00,28.56948
CAISO SP15,USA,2024-01-10 23:00:00,2024-01-10 15:00:00,59.53154
CAISO SP15,USA,2024-01-11 00:00:00,2024-01-10 16:00:00,86.15364
CAISO SP15,USA,2024-01-11 01:00:00,2024-01-10 17:00:00,90.86239
CAISO SP15,USA,2024-01-11 02:00:00,2024-01-10 18:00:00,90.37961
CAISO SP15,USA,2024-01-11 03:00:00,2024-01-10 19:00:00,89.3844
CAISO SP15,USA,2024-01-11 04:00:00,2024-01-10 20:00:00,89.50873
CAISO SP15,USA,2024-01-11 05:00:00,2024-01-10 21:00:00,89.66716
CAISO SP15,USA,2024-01-11 06:00:00,2024-01-10 22:00:00,77.15219
CAISO SP15,USA,2024-01-11 07:00:00,2024-01-10 23:00:00,72.89675
CAISO SP15,USA,2024-01-11 08:00:00,2024-01-11 00:00:00,69.24503
CAISO SP15,USA,2024-01-11 09:00:00,2024-01-11 01:00:00,68.72232
CAISO SP15,USA,2024-01-11 10:00:00,2024-01-11 02:00:00,68.64947
CAISO SP15,USA,2024-01-11 11:00:00,2024-01-11 03:00:00,68.62096
CAISO SP15,USA,2024-01-11 12:00:00,2024-01-11 04:00:00,69.96124
CAISO SP15,USA,2024-01-11 13:00:00,2024-01-11 05:00:00,81.66398
CAISO SP15,USA,2024-01-11 14:00:00,2024-01-11 06:00:00,98.15078
CAISO SP15,USA,2024-01-11 15:00:00,2024-01-11 07:00:00,90.5556
CAISO SP15,USA,2024-01-11 16:00:00,2024-01-11 08:00:00,71.60847
CAISO SP15,USA,2024-01-11 17:00:00,2024-01-11 09:00:00,50.13369
CAISO SP15,USA,2024-01-11 18:00:00,2024-01-11 10:00:00,40.62151
CAISO SP15,USA,2024-01-11 19:00:00,2024-01-11 11:00:00,36.85883
CAISO SP15,USA,2024-01-11 20:00:00,2024-01-11 12:00:00,34.78317
CAISO SP15,USA,2024-01-11 21:00:00,2024-01-11 13:00:00,33.04436
CAISO SP15,USA,2024-01-11 22:00:00,2024-01-11 14:00:00,36.7799
CAISO SP15,USA,2024-01-11 23:00:00,2024-01-11 15:00:00,67.43221
CAISO SP15,USA,2024-01-12 00:00:00,2024-01-11 16:00:00,98.66202
CAISO SP15,USA,2024-01-12 01:00:00,2024-01-11 17:00:00,105.35327
CAISO SP15,USA,2024-01-12 02:00:00,2024-01-11 18:00:00,105.67868
CAISO SP15,USA,2024-01-12 03:00:00,2024-01-11 19:00:00,103.70572
CAISO SP15,USA,2024-01-12 04:00:00,2024-01-11 20:00:00,102.96281
CAISO SP15,USA,2024-01-12 05:00:00,2024-01-11 21:00:00,102.1292
CAISO SP15,USA,2024-01-12 06:00:00,2024-01-11 22:00:00,98.91505
CAISO SP15,USA,2024-01-12 07:00:00,2024-01-11 23:00:00,94.01375
CAISO SP15,USA,2024-01-12 08:00:00,2024-01-12 00:00:00,76.20444
CAISO SP15,USA,2024-01-12 09:00:00,2024-01-12 01:00:00,75.74276
CAISO SP15,USA,2024-01-12 10:00:00,2024-01-12 02:00:00,74.64742
CAISO SP15,USA,2024-01-12 11:00:00,2024-01-12 03:00:00,74.85993
CAISO SP15,USA,2024-01-12 12:00:00,2024-01-12 04:00:00,81.78889
CAISO SP15,USA,2024-01-12 13:00:00,2024-01-12 05:00:00,86.58127
CAISO SP15,USA,2024-01-12 14:00:00,2024-01-12 06:00:00,98.46312
CAISO SP15,USA,2024-01-12 15:00:00,2024-01-12 07:00:00,85.82731
CAISO SP15,USA,2024-01-12 16:00:00,2024-01-12 08:00:00,54.25979
CAISO SP15,USA,2024-01-12 17:00:00,2024-01-12 09:00:00,43.17188
CAISO SP15,USA,2024-01-12 18:00:00,2024-01-12 10:00:00,34.83446
CAISO SP15,USA,2024-01-12 19:00:00,2024-01-12 11:00:00,29.06584
CAISO SP15,USA,2024-01-12 20:00:00,2024-01-12 12:00:00,25.70464
CAISO SP15,USA,2024-01-12 21:00:00,2024-01-12 13:00:00,22.1
CAISO SP15,USA,2024-01-12 22:00:00,2024-01-12 14:00:00,24.0884
CAISO SP15,USA,2024-01-12 23:00:00,2024-01-12 15:00:00,51.73321
CAISO SP15,USA,2024-01-13 00:00:00,2024-01-12 16:00:00,83.70785
CAISO SP15,USA,2024-01-13 01:00:00,2024-01-12 17:00:00,90.4076
CAISO SP15,USA,2024-01-13 02:00:00,2024-01-12 18:00:00,90.81066
CAISO SP15,USA,2024-01-13 03:00:00,2024-01-12 19:00:00,90.33781
CAISO SP15,USA,2024-01-13 04:00:00,2024-01-12 20:00:00,89.2373
CAISO SP15,USA,2024-01-13 05:00:00,2024-01-12 21:00:00,88.95801
CAISO SP15,USA,2024-01-13 06:00:00,2024-01-12 22:00:00,83.99929
CAISO SP15,USA,2024-01-13 07:00:00,2024-01-12 23:00:00,74.79169
CAISO SP15,USA,2024-01-13 08:00:00,2024-01-13 00:00:00,181.66895
CAISO SP15,USA,2024-01-13 09:00:00,2024-01-13 01:00:00,165.46184
CAISO SP15,USA,2024-01-13 10:00:00,2024-01-13 02:00:00,163.76387
CAISO SP15,USA,2024-01-13 11:00:00,2024-01-13 03:00:00,164.06252
CAISO SP15,USA,2024-01-13 12:00:00,2024-01-13 04:00:00,164.67511
CAISO SP15,USA,2024-01-13 13:00:00,2024-01-13 05:00:00,181.04623
CAISO SP15,USA,2024-01-13 14:00:00,2024-01-13 06:00:00,184.45782
CAISO SP15,USA,2024-01-13 15:00:00,2024-01-13 07:00:00,172.46582
CAISO SP15,USA,2024-01-13 16:00:00,2024-01-13 08:00:00,99.3
CAISO SP15,USA,2024-01-13 17:00:00,2024-01-13 09:00:00,67.22808
CAISO SP15,USA,2024-01-13 18:00:00,2024-01-13 10:00:00,59.4518
CAISO SP15,USA,2024-01-13 19:00:00,2024-01-13 11:00:00,49.8752
CAISO SP15,USA,2024-01-13 20:00:00,2024-01-13 12:00:00,43.59566
CAISO SP15,USA,2024-01-13 21:00:00,2024-01-13 13:00:00,42.9571
CAISO SP15,USA,2024-01-13 22:00:00,2024-01-13 14:00:00,48.92338
CAISO SP15,USA,2024-01-13 23:00:00,2024-01-13 15:00:00,106.76001
CAISO SP15,USA,2024-01-14 00:00:00,2024-01-13 16:00:00,185.44583
CAISO SP15,USA,2024-01-14 01:00:00,2024-01-13 17:00:00,190.71477
CAISO SP15,USA,2024-01-14 02:00:00,2024-01-13 18:00:00,189.01453
CAISO SP15,USA,2024-01-14 03:00:00,2024-01-13 19:00:00,187.54288
CAISO SP15,USA,2024-01-14 04:00:00,2024-01-13 20:00:00,187.5393
CAISO SP15,USA,2024-01-14 05:00:00,2024-01-13 21:00:00,186.85162
CAISO SP15,USA,2024-01-14 06:00:00,2024-01-13 22:00:00,178.5513
CAISO SP15,USA,2024-01-14 07:00:00,2024-01-13 23:00:00,174.78609
CAISO SP15,USA,2024-01-14 08:00:00,2024-01-14 00:00:00,167.26154
CAISO SP15,USA,2024-01-14 09:00:00,2024-01-14 01:00:00,165.93297
CAISO SP15,USA,2024-01-14 10:00:00,2024-01-14 02:00:00,159.75133
CAISO SP15,USA,2024-01-14 11:00:00,2024-01-14 03:00:00,159.58514
CAISO SP15,USA,2024-01-14 12:00:00,2024-01-14 04:00:00,158.44664
CAISO SP15,USA,2024-01-14 13:00:00,2024-01-14 05:00:00,163.991
CAISO SP15,USA,2024-01-14 14:00:00,2024-01-14 06:00:00,172.87727
CAISO SP15,USA,2024-01-14 15:00:00,2024-01-14 07:00:00,157.57207
CAISO SP15,USA,2024-01-14 16:00:00,2024-01-14 08:00:00,102.21423
CAISO SP15,USA,2024-01-14 17:00:00,2024-01-14 09:00:00,67.93
CAISO SP15,USA,2024-01-14 18:00:00,2024-01-14 10:00:00,46.92743
CAISO SP15,USA,2024-01-14 19:00:00,2024-01-14 11:00:00,44.19904
CAISO SP15,USA,2024-01-14 20:00:00,2024-01-14 12:00:00,33.20434
CAISO SP15,USA,2024-01-14 21:00:00,2024-01-14 13:00:00,30.95774
CAISO SP15,USA,2024-01-14 22:00:00,2024-01-14 14:00:00,40.92
CAISO SP15,USA,2024-01-14 23:00:00,2024-01-14 15:00:00,94.27529
CAISO SP15,USA,2024-01-15 00:00:00,2024-01-14 16:00:00,165.17146
CAISO SP15,USA,2024-01-15 01:00:00,2024-01-14 17:00:00,189.00948
CAISO SP15,USA,2024-01-15 02:00:00,2024-01-14 18:00:00,188.13913
CAISO SP15,USA,2024-01-15 03:00:00,2024-01-14 19:00:00,191.72821
CAISO SP15,USA,2024-01-15 04:00:00,2024-01-14 20:00:00,191.67172
CAISO SP15,USA,2024-01-15 05:00:00,2024-01-14 21:00:00,189.07352
CAISO SP15,USA,2024-01-15 06:00:00,2024-01-14 22:00:00,188.01872
CAISO SP15,USA,2024-01-15 07:00:00,2024-01-14 23:00:00,180.53383
CAISO SP15,USA,2024-01-15 08:00:00,2024-01-15 00:00:00,197.66272
CAISO SP15,USA,2024-01-15 09:00:00,2024-01-15 01:00:00,184.56883
CAISO SP15,USA,2024-01-15 10:00:00,2024-01-15 02:00:00,183.83116
CAISO SP15,USA,2024-01-15 11:00:00,2024-01-15 03:00:00,182.72533
CAISO SP15,USA,2024-01-15 12:00:00,2024-01-15 04:00:00,184.24167
CAISO SP15,USA,2024-01-15 13:00:00,2024-01-15 05:00:00,202.11588
CAISO SP15,USA,2024-01-15 14:00:00,2024-01-15 06:00:00,217.69328
CAISO SP15,USA,2024-01-15 15:00:00,2024-01-15 07:00:00,215.6753
CAISO SP15,USA,2024-01-15 16:00:00,2024-01-15 08:00:00,152.08
CAISO SP15,USA,2024-01-15 17:00:00,2024-01-15 09:00:00,112.76614
CAISO SP15,USA,2024-01-15 18:00:00,2024-01-15 10:00:00,103.61262
CAISO SP15,USA,2024-01-15 19:00:00,2024-01-15 11:00:00,94.77395
CAISO SP15,USA,2024-01-15 20:00:00,2024-01-15 12:00:00,99.14088
CAISO SP15,USA,2024-01-15 21:00:00,2024-01-15 13:00:00,97.5494
CAISO SP15,USA,2024-01-15 22:00:00,2024-01-15 14:00:00,104.97563
CAISO SP15,USA,2024-01-15 23:00:00,2024-01-15 15:00:00,145.45917
CAISO SP15,USA,2024-01-16 00:00:00,2024-01-15 16:00:00,228.27316
CAISO SP15,USA,2024-01-16 01:00:00,2024-01-15 17:00:00,253.47485
CAISO SP15,USA,2024-01-16 02:00:00,2024-01-15 18:00:00,250.28377
CAISO SP15,USA,2024-01-16 03:00:00,2024-01-15 19:00:00,246.66489
CAISO SP15,USA,2024-01-16 04:00:00,2024-01-15 20:00:00,243.14279
CAISO SP15,USA,2024-01-16 05:00:00,2024-01-15 21:00:00,241.70116
CAISO SP15,USA,2024-01-16 06:00:00,2024-01-15 22:00:00,223.32516
CAISO SP15,USA,2024-01-16 07:00:00,2024-01-15 23:00:00,211.92215
CAISO SP15,USA,2024-01-16 08:00:00,2024-01-16 00:00:00,202.45625
CAISO SP15,USA,2024-01-16 09:00:00,2024-01-16 01:00:00,198.96938
CAISO SP15,USA,2024-01-16 10:00:00,2024-01-16 02:00:00,201.09566
CAISO SP15,USA,2024-01-16 11:00:00,2024-01-16 03:00:00,200.40913
CAISO SP15,USA,2024-01-16 12:00:00,2024-01-16 04:00:00,204.40813
CAISO SP15,USA,2024-01-16 13:00:00,2024-01-16 05:00:00,208.74248
CAISO SP15,USA,2024-01-16 14:00:00,2024-01-16 06:00:00,224.29445
CAISO SP15,USA,2024-01-16 15:00:00,2024-01-16 07:00:00,209.15884
CAISO SP15,USA,2024-01-16 16:00:00,2024-01-16 08:00:00,129.10004
CAISO SP15,USA,2024-01-16 17:00:00,2024-01-16 09:00:00,91.92008
CAISO SP15,USA,2024-01-16 18:00:00,2024-01-16 10:00:00,75.0
CAISO SP15,USA,2024-01-16 19:00:00,2024-01-16 11:00:00,74.42009
CAISO SP15,USA,2024-01-16 20:00:00,2024-01-16 12:00:00,64.30472
CAISO SP15,USA,2024-01-16 21:00:00,2024-01-16 13:00:00,59.6219
CAISO SP15,USA,2024-01-16 22:00:00,2024-01-16 14:00:00,75.0
CAISO SP15,USA,2024-01-16 23:00:00,2024-01-16 15:00:00,110.11435
CAISO SP15,USA,2024-01-17 00:00:00,2024-01-16 16:00:00,209.09029
CAISO SP15,USA,2024-01-17 01:00:00,2024-01-16 17:00:00,224.42987
CAISO SP15,USA,2024-01-17 02:00:00,2024-01-16 18:00:00,217.92964
CAISO SP15,USA,2024-01-17 03:00:00,2024-01-16 19:00:00,221.58398
CAISO SP15,USA,2024-01-17 04:00:00,2024-01-16 20:00:00,218.9253
CAISO SP15,USA,2024-01-17 05:00:00,2024-01-16 21:00:00,215.2651
CAISO SP15,USA,2024-01-17 06:00:00,2024-01-16 22:00:00,203.06686
CAISO SP15,USA,2024-01-17 07:00:00,2024-01-16 23:00:00,199.75851
CAISO SP15,USA,2024-01-17 08:00:00,2024-01-17 00:00:00,77.67922
CAISO SP15,USA,2024-01-17 09:00:00,2024-01-17 01:00:00,72.12504
CAISO SP15,USA,2024-01-17 10:00:00,2024-01-17 02:00:00,70.24053
CAISO SP15,USA,2024-01-17 11:00:00,2024-01-17 03:00:00,69.73416
CAISO SP15,USA,2024-01-17 12:00:00,2024-01-17 04:00:00,74.98611
CAISO SP15,USA,2024-01-17 13:00:00,2024-01-17 05:00:00,81.4267
CAISO SP15,USA,2024-01-17 14:00:00,2024-01-17 06:00:00,88.58116
CAISO SP15,USA,2024-01-17 15:00:00,2024-01-17 07:00:00,85.74002
CAISO SP15,USA,2024-01-17 16:00:00,2024-01-17 08:00:00,65.8075
CAISO SP15,USA,2024-01-17 17:00:00,2024-01-17 09:00:00,42.10494
CAISO SP15,USA,2024-01-17 18:00:00,2024-01-17 10:00:00,35.97921
CAISO SP15,USA,2024-01-17 19:00:00,2024-01-17 11:00:00,27.40361
CAISO SP15,USA,2024-01-17 20:00:00,2024-01-17 12:00:00,21.7953
CAISO SP15,USA,2024-01-17 21:00:00,2024-01-17 13:00:00,19.45257
CAISO SP15,USA,2024-01-17 22:00:00,2024-01-17 14:00:00,22.17436
CAISO SP15,USA,2024-01-17 23:00:00,2024-01-17 15:00:00,49.44675
CAISO SP15,USA,2024-01-18 00:00:00,2024-01-17 16:00:00,73.22566
CAISO SP15,USA,2024-01-18 01:00:00,2024-01-17 17:00:00,79.96172
CAISO SP15,USA,2024-01-18 02:00:00,2024-01-17 18:00:00,80.14544
CAISO SP15,USA,2024-01-18 03:00:00,2024-01-17 19:00:00,79.24081
CAISO SP15,USA,2024-01-18 04:00:00,2024-01-17 20:00:00,77.99428
CAISO SP15,USA,2024-01-18 05:00:00,2024-01-17 21:00:00,78.03
CAISO SP15,USA,2024-01-18 06:00:00,2024-01-17 22:00:00,76.40026
CAISO SP15,USA,2024-01-18 07:00:00,2024-01-17 23:00:00,69.90896
CAISO SP15,USA,2024-01-18 08:00:00,2024-01-18 00:00:00,46.02073
CAISO SP15,USA,2024-01-18 09:00:00,2024-01-18 01:00:00,45.7179
CAISO SP15,USA,2024-01-18 10:00:00,2024-01-18 02:00:00,45.76373
CAISO SP15,USA,2024-01-18 11:00:00,2024-01-18 03:00:00,47.11826
CAISO SP15,USA,2024-01-18 12:00:00,2024-01-18 04:00:00,49.20252
CAISO SP15,USA,2024-01-18 13:00:00,2024-01-18 05:00:00,60.33426
CAISO SP15,USA,2024-01-18 14:00:00,2024-01-18 06:00:00,74.26256
CAISO SP15,USA,2024-01-18 15:00:00,2024-01-18 07:00:00,62.19
CAISO SP15,USA,2024-01-18 16:00:00,2024-01-18 08:00:00,41.24935
CAISO SP15,USA,2024-01-18 17:00:00,2024-01-18 09:00:00,20.69201
CAISO SP15,USA,2024-01-18 18:00:00,2024-01-18 10:00:00,17.13446
CAISO SP15,USA,2024-01-18 19:00:00,2024-01-18 11:00:00,10.4
CAISO SP15,USA,2024-01-18 20:00:00,2024-01-18 12:00:00,7.91388
CAISO SP15,USA,2024-01-18 21:00:00,2024-01-18 13:00:00,12.30079
CAISO SP15,USA,2024-01-18 22:00:00,2024-01-18 14:00:00,15.9352
CAISO SP15,USA,2024-01-18 23:00:00,2024-01-18 15:00:00,42.09254
CAISO SP15,USA,2024-01-19 00:00:00,2024-01-18 16:00:00,71.19871
CAISO SP15,USA,2024-01-19 01:00:00,2024-01-18 17:00:00,76.59164
CAISO SP15,USA,2024-01-19 02:00:00,2024-01-18 18:00:00,76.42339
CAISO SP15,USA,2024-01-19 03:00:00,2024-01-18 19:00:00,74.8828
CAISO SP15,USA,2024-01-19 04:00:00,2024-01-18 20:00:00,71.48635
CAISO SP15,USA,2024-01-19 05:00:00,2024-01-18 21:00:00,71.02668
CAISO SP15,USA,2024-01-19 06:00:00,2024-01-18 22:00:00,65.10746
CAISO SP15,USA,2024-01-19 07:00:00,2024-01-18 23:00:00,61.73229
CAISO SP15,USA,2024-01-19 08:00:00,2024-01-19 00:00:00,62.08468
CAISO SP15,USA,2024-01-19 09:00:00,2024-01-19 01:00:00,58.45297
CAISO SP15,USA,2024-01-19 10:00:00,2024-01-19 02:00:00,57.77651
CAISO SP15,USA,2024-01-19 11:00:00,2024-01-19 03:00:00,57.94316
CAISO SP15,USA,2024-01-19 12:00:00,2024-01-19 04:00:00,61.78264
CAISO SP15,USA,2024-01-19 13:00:00,2024-01-19 05:00:00,64.84975
CAISO SP15,USA,2024-01-19 14:00:00,2024-01-19 06:00:00,75.70575
CAISO SP15,USA,2024-01-19 15:00:00,2024-01-19 07:00:00,75.03498
CAISO SP15,USA,2024-01-19 16:00:00,2024-01-19 08:00:00,60.94837
CAISO SP15,USA,2024-01-19 17:00:00,2024-01-19 09:00:00,50.64014
CAISO SP15,USA,2024-01-19 18:00:00,2024-01-19 10:00:00,49.08319
CAISO SP15,USA,2024-01-19 19:00:00,2024-01-19 11:00:00,45.12225
CAISO SP15,USA,2024-01-19 20:00:00,2024-01-19 12:00:00,43.36509
CAISO SP15,USA,2024-01-19 21:00:00,2024-01-19 13:00:00,45.23321
CAISO SP15,USA,2024-01-19 22:00:00,2024-01-19 14:00:00,49.6286
CAISO SP15,USA,2024-01-19 23:00:00,2024-01-19 15:00:00,62.56968
CAISO SP15,USA,2024-01-20 00:00:00,2024-01-19 16:00:00,75.24292
CAISO SP15,USA,2024-01-20 01:00:00,2024-01-19 17:00:00,76.7103
CAISO SP15,USA,2024-01-20 02:00:00,2024-01-19 18:00:00,76.19723
CAISO SP15,USA,2024-01-20 03:00:00,2024-01-19 19:00:00,70.1593
CAISO SP15,USA,2024-01-20 04:00:00,2024-01-19 20:00:00,66.46488
CAISO SP15,USA,2024-01-20 05:00:00,2024-01-19 21:00:00,64.18467
CAISO SP15,USA,2024-01-20 06:00:00,2024-01-19 22:00:00,63.08164
CAISO SP15,USA,2024-01-20 07:00:00,2024-01-19 23:00:00,54.50324
CAISO SP15,USA,2024-01-20 08:00:00,2024-01-20 00:00:00,55.11706
CAISO SP15,USA,2024-01-20 09:00:00,2024-01-20 01:00:00,50.67428
CAISO SP15,USA,2024-01-20 10:00:00,2024-01-20 02:00:00,50.63229
CAISO SP15,USA,2024-01-20 11:00:00,2024-01-20 03:00:00,50.4946
CAISO SP15,USA,2024-01-20 12:00:00,2024-01-20 04:00:00,51.56231
CAISO SP15,USA,2024-01-20 13:00:00,2024-01-20 05:00:00,51.50938
CAISO SP15,USA,2024-01-20 14:00:00,2024-01-20 06:00:00,57.16
CAISO SP15,USA,2024-01-20 15:00:00,2024-01-20 07:00:00,55.21883
CAISO SP15,USA,2024-01-20 16:00:00,2024-01-20 08:00:00,47.76308
CAISO SP15,USA,2024-01-20 17:00:00,2024-01-20 09:00:00,44.11867
CAISO SP15,USA,2024-01-20 18:00:00,2024-01-20 10:00:00,35.74369
CAISO SP15,USA,2024-01-20 19:00:00,2024-01-20 11:00:00,36.91202
CAISO SP15,USA,2024-01-20 20:00:00,2024-01-20 12:00:00,35.58504
CAISO SP15,USA,2024-01-20 21:00:00,2024-01-20 13:00:00,36.40767
CAISO SP15,USA,2024-01-20 22:00:00,2024-01-20 14:00:00,42.00095
CAISO SP15,USA,2024-01-20 23:00:00,2024-01-20 15:00:00,53.46602
CAISO SP15,USA,2024-01-21 00:00:00,2024-01-20 16:00:00,60.59779
CAISO SP15,USA,2024-01-21 01:00:00,2024-01-20 17:00:00,62.5634
CAISO SP15,USA,2024-01-21 02:00:00,2024-01-20 18:00:00,61.64859
CAISO SP15,USA,2024-01-21 03:00:00,2024-01-20 19:00:00,61.85537
CAISO SP15,USA,2024-01-21 04:00:00,2024-01-20 20:00:00,61.76738
CAISO SP15,USA,2024-01-21 05:00:00,2024-01-20 21:00:00,61.51324
CAISO SP15,USA,2024-01-21 06:00:00,2024-01-20 22:00:00,56.54737
CAISO SP15,USA,2024-01-21 07:00:00,2024-01-20 23:00:00,50.69864
CAISO SP15,USA,2024-01-21 08:00:00,2024-01-21 00:00:00,47.89802
CAISO SP15,USA,2024-01-21 09:00:00,2024-01-21 01:00:00,47.84714
CAISO SP15,USA,2024-01-21 10:00:00,2024-01-21 02:00:00,46.9585
CAISO SP15,USA,2024-01-21 11:00:00,2024-01-21 03:00:00,47.22681
CAISO SP15,USA,2024-01-21 12:00:00,2024-01-21 04:00:00,46.8388
CAISO SP15,USA,2024-01-21 13:00:00,2024-01-21 05:00:00,47.29011
CAISO SP15,USA,2024-01-21 14:00:00,2024-01-21 06:00:00,45.64306
CAISO SP15,USA,2024-01-21 15:00:00,2024-01-21 07:00:00,47.04522
CAISO SP15,USA,2024-01-21 16:00:00,2024-01-21 08:00:00,44.00255
CAISO SP15,USA,2024-01-21 17:00:00,2024-01-21 09:00:00,41.19523
CAISO SP15,USA,2024-01-21 18:00:00,2024-01-21 10:00:00,40.09119
CAISO SP15,USA,2024-01-21 19:00:00,2024-01-21 11:00:00,38.5
CAISO SP15,USA,2024-01-21 20:00:00,2024-01-21 12:00:00,37.6735
CAISO SP15,USA,2024-01-21 21:00:00,2024-01-21 13:00:00,36.51361
CAISO SP15,USA,2024-01-21 22:00:00,2024-01-21 14:00:00,38.06926
CAISO SP15,USA,2024-01-21 23:00:00,2024-01-21 15:00:00,41.72637
CAISO SP15,USA,2024-01-22 00:00:00,2024-01-21 16:00:00,55.76917
CAISO SP15,USA,2024-01-22 01:00:00,2024-01-21 17:00:00,60.0505
CAISO SP15,USA,2024-01-22 02:00:00,2024-01-21 18:00:00,59.80982
CAISO SP15,USA,2024-01-22 03:00:00,2024-01-21 19:00:00,57.68271
CAISO SP15,USA,2024-01-22 04:00:00,2024-01-21 20:00:00,57.26022
CAISO SP15,USA,2024-01-22 05:00:00,2024-01-21 21:00:00,56.33443
CAISO SP15,USA,2024-01-22 06:00:00,2024-01-21 22:00:00,51.29541
CAISO SP15,USA,2024-01-22 07:00:00,2024-01-21 23:00:00,47.55341
CAISO SP15,USA,2024-01-22 08:00:00,2024-01-22 00:00:00,49.32659
CAISO SP15,USA,2024-01-22 09:00:00,2024-01-22 01:00:00,49.08331
CAISO SP15,USA,2024-01-22 10:00:00,2024-01-22 02:00:00,49.05043
CAISO SP15,USA,2024-01-22 11:00:00,2024-01-22 03:00:00,48.91815
CAISO SP15,USA,2024-01-22 12:00:00,2024-01-22 04:00:00,49.81953
CAISO SP15,USA,2024-01-22 13:00:00,2024-01-22 05:00:00,52.16622
CAISO SP15,USA,2024-01-22 14:00:00,2024-01-22 06:00:00,68.51729
CAISO SP15,USA,2024-01-22 15:00:00,2024-01-22 07:00:00,70.84095
CAISO SP15,USA,2024-01-22 16:00:00,2024-01-22 08:00:00,71.48717
CAISO SP15,USA,2024-01-22 17:00:00,2024-01-22 09:00:00,70.72794
CAISO SP15,USA,2024-01-22 18:00:00,2024-01-22 10:00:00,65.64294
CAISO SP15,USA,2024-01-22 19:00:00,2024-01-22 11:00:00,62.69593
CAISO SP15,USA,2024-01-22 20:00:00,2024-01-22 12:00:00,61.26228
CAISO SP15,USA,2024-01-22 21:00:00,2024-01-22 13:00:00,59.94733
CAISO SP15,USA,2024-01-22 22:00:00,2024-01-22 14:00:00,59.5319
CAISO SP15,USA,2024-01-22 23:00:00,2024-01-22 15:00:00,65.41
CAISO SP15,USA,2024-01-23 00:00:00,2024-01-22 16:00:00,72.2849
CAISO SP15,USA,2024-01-23 01:00:00,2024-01-22 17:00:00,76.16868
CAISO SP15,USA,2024-01-23 02:00:00,2024-01-22 18:00:00,73.38599
CAISO SP15,USA,2024-01-23 03:00:00,2024-01-22 19:00:00,71.34151
CAISO SP15,USA,2024-01-23 04:00:00,2024-01-22 20:00:00,64.48262
CAISO SP15,USA,2024-01-23 05:00:00,2024-01-22 21:00:00,62.96485
CAISO SP15,USA,2024-01-23 06:00:00,2024-01-22 22:00:00,50.59398
CAISO SP15,USA,2024-01-23 07:00:00,2024-01-22 23:00:00,49.70183
CAISO SP15,USA,2024-01-23 08:00:00,2024-01-23 00:00:00,43.58651
CAISO SP15,USA,2024-01-23 09:00:00,2024-01-23 01:00:00,43.09377
CAISO SP15,USA,2024-01-23 10:00:00,2024-01-23 02:00:00,43.13657
CAISO SP15,USA,2024-01-23 11:00:00,2024-01-23 03:00:00,42.69304
CAISO SP15,USA,2024-01-23 12:00:00,2024-01-23 04:00:00,43.16605
CAISO SP15,USA,2024-01-23 13:00:00,2024-01-23 05:00:00,50.31197
CAISO SP15,USA,2024-01-23 14:00:00,2024-01-23 06:00:00,62.22539
CAISO SP15,USA,2024-01-23 15:00:00,2024-01-23 07:00:00,61.8716
CAISO SP15,USA,2024-01-23 16:00:00,2024-01-23 08:00:00,48.99898
CAISO SP15,USA,2024-01-23 17:00:00,2024-01-23 09:00:00,42.95344
CAISO SP15,USA,2024-01-23 18:00:00,2024-01-23 10:00:00,36.43855
CAISO SP15,USA,2024-01-23 19:00:00,2024-01-23 11:00:00,34.33521
CAISO SP15,USA,2024-01-23 20:00:00,2024-01-23 12:00:00,27.29444
CAISO SP15,USA,2024-01-23 21:00:00,2024-01-23 13:00:00,22.02386
CAISO SP15,USA,2024-01-23 22:00:00,2024-01-23 14:00:00,24.86282
CAISO SP15,USA,2024-01-23 23:00:00,2024-01-23 15:00:00,39.33014
CAISO SP15,USA,2024-01-24 00:00:00,2024-01-23 16:00:00,61.07471
CAISO SP15,USA,2024-01-24 01:00:00,2024-01-23 17:00:00,64.78124
CAISO SP15,USA,2024-01-24 02:00:00,2024-01-23 18:00:00,64.34146
CAISO SP15,USA,2024-01-24 03:00:00,2024-01-23 19:00:00,63.16937
CAISO SP15,USA,2024-01-24 04:00:00,2024-01-23 20:00:00,62.90761
CAISO SP15,USA,2024-01-24 05:00:00,2024-01-23 21:00:00,62.71095
CAISO SP15,USA,2024-01-24 06:00:00,2024-01-23 22:00:00,54.2726
CAISO SP15,USA,2024-01-24 07:00:00,2024-01-23 23:00:00,49.09887
CAISO SP15,USA,2024-01-24 08:00:00,2024-01-24 00:00:00,48.89381
CAISO SP15,USA,2024-01-24 09:00:00,2024-01-24 01:00:00,48.59799
CAISO SP15,USA,2024-01-24 10:00:00,2024-01-24 02:00:00,48.4264
CAISO SP15,USA,2024-01-24 11:00:00,2024-01-24 03:00:00,48.36032
CAISO SP15,USA,2024-01-24 12:00:00,2024-01-24 04:00:00,50.15822
CAISO SP15,USA,2024-01-24 13:00:00,2024-01-24 05:00:00,63.15302
CAISO SP15,USA,2024-01-24 14:00:00,2024-01-24 06:00:00,69.73944
CAISO SP15,USA,2024-01-24 15:00:00,2024-01-24 07:00:00,66.1944
CAISO SP15,USA,2024-01-24 16:00:00,2024-01-24 08:00:00,49.06666
CAISO SP15,USA,2024-01-24 17:00:00,2024-01-24 09:00:00,44.64611
CAISO SP15,USA,2024-01-24 18:00:00,2024-01-24 10:00:00,42.17
CAISO SP15,USA,2024-01-24 19:00:00,2024-01-24 11:00:00,41.67311
CAISO SP15,USA,2024-01-24 20:00:00,2024-01-24 12:00:00,39.48709
CAISO SP15,USA,2024-01-24 21:00:00,2024-01-24 13:00:00,38.72844
CAISO SP15,USA,2024-01-24 22:00:00,2024-01-24 14:00:00,40.86939
CAISO SP15,USA,2024-01-24 23:00:00,2024-01-24 15:00:00,53.9712
CAISO SP15,USA,2024-01-25 00:00:00,2024-01-24 16:00:00,65.89411
CAISO SP15,USA,2024-01-25 01:00:00,2024-01-24 17:00:00,69.13646
CAISO SP15,USA,2024-01-25 02:00:00,2024-01-24 18:00:00,67.18899
CAISO SP15,USA,2024-01-25 03:00:00,2024-01-24 19:00:00,66.11388
CAISO SP15,USA,2024-01-25 04:00:00,2024-01-24 20:00:00,65.20339
CAISO SP15,USA,2024-01-25 05:00:00,2024-01-24 21:00:00,63.17386
CAISO SP15,USA,2024-01-25 06:00:00,2024-01-24 22:00:00,57.14442
CAISO SP15,USA,2024-01-25 07:00:00,2024-01-24 23:00:00,48.30497
CAISO SP15,USA,2024-01-25 08:00:00,2024-01-25 00:00:00,47.81616
CAISO SP15,USA,2024-01-25 09:00:00,2024-01-25 01:00:00,45.44481
CAISO SP15,USA,2024-01-25 10:00:00,2024-01-25 02:00:00,44.39681
CAISO SP15,USA,2024-01-25 11:00:00,2024-01-25 03:00:00,44.21434
CAISO SP15,USA,2024-01-25 12:00:00,2024-01-25 04:00:00,44.76148
CAISO SP15,USA,2024-01-25 13:00:00,2024-01-25 05:00:00,51.26182
CAISO SP15,USA,2024-01-25 14:00:00,2024-01-25 06:00:00,56.42545
CAISO SP15,USA,2024-01-25 15:00:00,2024-01-25 07:00:00,54.52598
CAISO SP15,USA,2024-01-25 16:00:00,2024-01-25 08:00:00,48.32306
CAISO SP15,USA,2024-01-25 17:00:00,2024-01-25 09:00:00,35.91013
CAISO SP15,USA,2024-01-25 18:00:00,2024-01-25 10:00:00,29.14987
CAISO SP15,USA,2024-01-25 19:00:00,2024-01-25 11:00:00,25.16042
CAISO SP15,USA,2024-01-25 20:00:00,2024-01-25 12:00:00,20.5939
CAISO SP15,USA,2024-01-25 21:00:00,2024-01-25 13:00:00,16.92441
CAISO SP15,USA,2024-01-25 22:00:00,2024-01-25 14:00:00,18.79896
CAISO SP15,USA,2024-01-25 23:00:00,2024-01-25 15:00:00,34.3326
CAISO SP15,USA,2024-01-26 00:00:00,2024-01-25 16:00:00,54.78662
CAISO SP15,USA,2024-01-26 01:00:00,2024-01-25 17:00:00,61.36089
CAISO SP15,USA,2024-01-26 02:00:00,2024-01-25 18:00:00,61.31679
CAISO SP15,USA,2024-01-26 03:00:00,2024-01-25 19:00:00,60.72658
CAISO SP15,USA,2024-01-26 04:00:00,2024-01-25 20:00:00,60.75718
CAISO SP15,USA,2024-01-26 05:00:00,2024-01-25 21:00:00,60.24787
CAISO SP15,USA,2024-01-26 06:00:00,2024-01-25 22:00:00,54.62042
CAISO SP15,USA,2024-01-26 07:00:00,2024-01-25 23:00:00,48.8907
CAISO SP15,USA,2024-01-26 08:00:00,2024-01-26 00:00:00,51.47554
CAISO SP15,USA,2024-01-26 09:00:00,2024-01-26 01:00:00,51.47011
CAISO SP15,USA,2024-01-26 10:00:00,2024-01-26 02:00:00,51.27683
CAISO SP15,USA,2024-01-26 11:00:00,2024-01-26 03:00:00,51.44195
CAISO SP15,USA,2024-01-26 12:00:00,2024-01-26 04:00:00,52.25355
CAISO SP15,USA,2024-01-26 13:00:00,2024-01-26 05:00:00,57.67903
CAISO SP15,USA,2024-01-26 14:00:00,2024-01-26 06:00:00,69.18022
CAISO SP15,USA,2024-01-26 15:00:00,2024-01-26 07:00:00,63.0315
CAISO SP15,USA,2024-01-26 16:00:00,2024-01-26 08:00:00,40.84913
CAISO SP15,USA,2024-01-26 17:00:00,2024-01-26 09:00:00,25.94138
CAISO SP15,USA,2024-01-26 18:00:00,2024-01-26 10:00:00,22.72921
CAISO SP15,USA,2024-01-26 19:00:00,2024-01-26 11:00:00,16.73489
CAISO SP15,USA,2024-01-26 20:00:00,2024-01-26 12:00:00,16.07908
CAISO SP15,USA,2024-01-26 21:00:00,2024-01-26 13:00:00,15.04863
CAISO SP15,USA,2024-01-26 22:00:00,2024-01-26 14:00:00,18.82965
CAISO SP15,USA,2024-01-26 23:00:00,2024-01-26 15:00:00,35.14875
CAISO SP15,USA,2024-01-27 00:00:00,2024-01-26 16:00:00,63.49582
CAISO SP15,USA,2024-01-27 01:00:00,2024-01-26 17:00:00,64.70146
CAISO SP15,USA,2024-01-27 02:00:00,2024-01-26 18:00:00,65.00659
CAISO SP15,USA,2024-01-27 03:00:00,2024-01-26 19:00:00,65.17857
CAISO SP15,USA,2024-01-27 04:00:00,2024-01-26 20:00:00,63.31267
CAISO SP15,USA,2024-01-27 05:00:00,2024-01-26 21:00:00,63.60636
CAISO SP15,USA,2024-01-27 06:00:00,2024-01-26 22:00:00,59.33261
CAISO SP15,USA,2024-01-27 07:00:00,2024-01-26 23:00:00,54.72681
CAISO SP15,USA,2024-01-27 08:00:00,2024-01-27 00:00:00,46.7507
CAISO SP15,USA,2024-01-27 09:00:00,2024-01-27 01:00:00,46.70902
CAISO SP15,USA,2024-01-27 10:00:00,2024-01-27 02:00:00,46.62547
CAISO SP15,USA,2024-01-27 11:00:00,2024-01-27 03:00:00,42.48455
CAISO SP15,USA,2024-01-27 12:00:00,2024-01-27 04:00:00,43.07564
CAISO SP15,USA,2024-01-27 13:00:00,2024-01-27 05:00:00,46.62134
CAISO SP15,USA,2024-01-27 14:00:00,2024-01-27 06:00:00,48.97853
CAISO SP15,USA,2024-01-27 15:00:00,2024-01-27 07:00:00,46.51904
CAISO SP15,USA,2024-01-27 16:00:00,2024-01-27 08:00:00,33.57164
CAISO SP15,USA,2024-01-27 17:00:00,2024-01-27 09:00:00,16.67509
CAISO SP15,USA,2024-01-27 18:00:00,2024-01-27 10:00:00,8.62147
CAISO SP15,USA,2024-01-27 19:00:00,2024-01-27 11:00:00,5.70152
CAISO SP15,USA,2024-01-27 20:00:00,2024-01-27 12:00:00,3.9979
CAISO SP15,USA,2024-01-27 21:00:00,2024-01-27 13:00:00,2.19051
CAISO SP15,USA,2024-01-27 22:00:00,2024-01-27 14:00:00,6.05922
CAISO SP15,USA,2024-01-27 23:00:00,2024-01-27 15:00:00,19.3839
CAISO SP15,USA,2024-01-28 00:00:00,2024-01-27 16:00:00,55.60547
CAISO SP15,USA,2024-01-28 01:00:00,2024-01-27 17:00:00,57.38514
CAISO SP15,USA,2024-01-28 02:00:00,2024-01-27 18:00:00,57.42187
CAISO SP15,USA,2024-01-28 03:00:00,2024-01-27 19:00:00,57.0769
CAISO SP15,USA,2024-01-28 04:00:00,2024-01-27 20:00:00,56.2554
CAISO SP15,USA,2024-01-28 05:00:00,2024-01-27 21:00:00,56.25747
CAISO SP15,USA,2024-01-28 06:00:00,2024-01-27 22:00:00,54.06748
CAISO SP15,USA,2024-01-28 07:00:00,2024-01-27 23:00:00,47.30283
CAISO SP15,USA,2024-01-28 08:00:00,2024-01-28 00:00:00,43.43995
CAISO SP15,USA,2024-01-28 09:00:00,2024-01-28 01:00:00,42.85202
CAISO SP15,USA,2024-01-28 10:00:00,2024-01-28 02:00:00,42.47043
CAISO SP15,USA,2024-01-28 11:00:00,2024-01-28 03:00:00,42.30087
CAISO SP15,USA,2024-01-28 12:00:00,2024-01-28 04:00:00,40.9716
CAISO SP15,USA,2024-01-28 13:00:00,2024-01-28 05:00:00,42.90817
CAISO SP15,USA,2024-01-28 14:00:00,2024-01-28 06:00:00,43.41973
CAISO SP15,USA,2024-01-28 15:00:00,2024-01-28 07:00:00,43.25904
CAISO SP15,USA,2024-01-28 16:00:00,2024-01-28 08:00:00,29.95573
CAISO SP15,USA,2024-01-28 17:00:00,2024-01-28 09:00:00,16.61436
CAISO SP15,USA,2024-01-28 18:00:00,2024-01-28 10:00:00,10.08867
CAISO SP15,USA,2024-01-28 19:00:00,2024-01-28 11:00:00,6.03068
CAISO SP15,USA,2024-01-28 20:00:00,2024-01-28 12:00:00,3.15101
CAISO SP15,USA,2024-01-28 21:00:00,2024-01-28 13:00:00,5.29153
CAISO SP15,USA,2024-01-28 22:00:00,2024-01-28 14:00:00,11.14777
CAISO SP15,USA,2024-01-28 23:00:00,2024-01-28 15:00:00,33.8987
CAISO SP15,USA,2024-01-29 00:00:00,2024-01-28 16:00:00,51.40395
CAISO SP15,USA,2024-01-29 01:00:00,2024-01-28 17:00:00,54.46521
CAISO SP15,USA,2024-01-29 02:00:00,2024-01-28 18:00:00,54.77045
CAISO SP15,USA,2024-01-29 03:00:00,2024-01-28 19:00:00,53.8812
CAISO SP15,USA,2024-01-29 04:00:00,2024-01-28 20:00:00,53.45103
CAISO SP15,USA,2024-01-29 05:00:00,2024-01-28 21:00:00,52.86175
CAISO SP15,USA,2024-01-29 06:00:00,2024-01-28 22:00:00,51.08738
CAISO SP15,USA,2024-01-29 07:00:00,2024-01-28 23:00:00,48.1477
CAISO SP15,USA,2024-01-29 08:00:00,2024-01-29 00:00:00,44.02297
CAISO SP15,USA,2024-01-29 09:00:00,2024-01-29 01:00:00,43.24853
CAISO SP15,USA,2024-01-29 10:00:00,2024-01-29 02:00:00,41.85254
CAISO SP15,USA,2024-01-29 11:00:00,2024-01-29 03:00:00,42.11402
CAISO SP15,USA,2024-01-29 12:00:00,2024-01-29 04:00:00,44.13269
CAISO SP15,USA,2024-01-29 13:00:00,2024-01-29 05:00:00,48.16769
CAISO SP15,USA,2024-01-29 14:00:00,2024-01-29 06:00:00,59.07888
CAISO SP15,USA,2024-01-29 15:00:00,2024-01-29 07:00:00,48.01523
CAISO SP15,USA,2024-01-29 16:00:00,2024-01-29 08:00:00,40.82651
CAISO SP15,USA,2024-01-29 17:00:00,2024-01-29 09:00:00,23.66776
CAISO SP15,USA,2024-01-29 18:00:00,2024-01-29 10:00:00,18.07953
CAISO SP15,USA,2024-01-29 19:00:00,2024-01-29 11:00:00,15.60796
CAISO SP15,USA,2024-01-29 20:00:00,2024-01-29 12:00:00,13.70827
CAISO SP15,USA,2024-01-29 21:00:00,2024-01-29 13:00:00,10.38749
CAISO SP15,USA,2024-01-29 22:00:00,2024-01-29 14:00:00,14.99937
CAISO SP15,USA,2024-01-29 23:00:00,2024-01-29 15:00:00,33.0
CAISO SP15,USA,2024-01-30 00:00:00,2024-01-29 16:00:00,58.30901
CAISO SP15,USA,2024-01-30 01:00:00,2024-01-29 17:00:00,61.32751
CAISO SP15,USA,2024-01-30 02:00:00,2024-01-29 18:00:00,61.69956
CAISO SP15,USA,2024-01-30 03:00:00,2024-01-29 19:00:00,61.47612
CAISO SP15,USA,2024-01-30 04:00:00,2024-01-29 20:00:00,60.74019
CAISO SP15,USA,2024-01-30 05:00:00,2024-01-29 21:00:00,60.0186
CAISO SP15,USA,2024-01-30 06:00:00,2024-01-29 22:00:00,58.58912
CAISO SP15,USA,2024-01-30 07:00:00,2024-01-29 23:00:00,49.65199
CAISO SP15,USA,2024-01-30 08:00:00,2024-01-30 00:00:00,39.10525
CAISO SP15,USA,2024-01-30 09:00:00,2024-01-30 01:00:00,38.08435
CAISO SP15,USA,2024-01-30 10:00:00,2024-01-30 02:00:00,37.15539
CAISO SP15,USA,2024-01-30 11:00:00,2024-01-30 03:00:00,37.24525
CAISO SP15,USA,2024-01-30 12:00:00,2024-01-30 04:00:00,38.37094
CAISO SP15,USA,2024-01-30 13:00:00,2024-01-30 05:00:00,42.9667
CAISO SP15,USA,2024-01-30 14:00:00,2024-01-30 06:00:00,55.0329
CAISO SP15,USA,2024-01-30 15:00:00,2024-01-30 07:00:00,50.22687
CAISO SP15,USA,2024-01-30 16:00:00,2024-01-30 08:00:00,33.0087
CAISO SP15,USA,2024-01-30 17:00:00,2024-01-30 09:00:00,10.61871
CAISO SP15,USA,2024-01-30 18:00:00,2024-01-30 10:00:00,6.84662
CAISO SP15,USA,2024-01-30 19:00:00,2024-01-30 11:00:00,4.04212
CAISO SP15,USA,2024-01-30 20:00:00,2024-01-30 12:00:00,4.23359
CAISO SP15,USA,2024-01-30 21:00:00,2024-01-30 13:00:00,4.14804
CAISO SP15,USA,2024-01-30 22:00:00,2024-01-30 14:00:00,7.23946
CAISO SP15,USA,2024-01-30 23:00:00,2024-01-30 15:00:00,32.8776
CAISO SP15,USA,2024-01-31 00:00:00,2024-01-30 16:00:00,50.40585
CAISO SP15,USA,2024-01-31 01:00:00,2024-01-30 17:00:00,55.78974
CAISO SP15,USA,2024-01-31 02:00:00,2024-01-30 18:00:00,54.42317
CAISO SP15,USA,2024-01-31 03:00:00,2024-01-30 19:00:00,52.83906
CAISO SP15,USA,2024-01-31 04:00:00,2024-01-30 20:00:00,52.22459
CAISO SP15,USA,2024-01-31 05:00:00,2024-01-30 21:00:00,52.15266
CAISO SP15,USA,2024-01-31 06:00:00,2024-01-30 22:00:00,46.49746
CAISO SP15,USA,2024-01-31 07:00:00,2024-01-30 23:00:00,46.22255
CAISO SP15,USA,2024-01-31 08:00:00,2024-01-31 00:00:00,43.35585
CAISO SP15,USA,2024-01-31 09:00:00,2024-01-31 01:00:00,42.68045
CAISO SP15,USA,2024-01-31 10:00:00,2024-01-31 02:00:00,41.46439
CAISO SP15,USA,2024-01-31 11:00:00,2024-01-31 03:00:00,40.52127
CAISO SP15,USA,2024-01-31 12:00:00,2024-01-31 04:00:00,41.66814
CAISO SP15,USA,2024-01-31 13:00:00,2024-01-31 05:00:00,43.73685
CAISO SP15,USA,2024-01-31 14:00:00,2024-01-31 06:00:00,48.73423
CAISO SP15,USA,2024-01-31 15:00:00,2024-01-31 07:00:00,46.42683
CAISO SP15,USA,2024-01-31 16:00:00,2024-01-31 08:00:00,35.54278
CAISO SP15,USA,2024-01-31 17:00:00,2024-01-31 09:00:00,29.28459
CAISO SP15,USA,2024-01-31 18:00:00,2024-01-31 10:00:00,26.09673
CAISO SP15,USA,2024-01-31 19:00:00,2024-01-31 11:00:00,25.79079
CAISO SP15,USA,2024-01-31 20:00:00,2024-01-31 12:00:00,25.0
CAISO SP15,USA,2024-01-31 21:00:00,2024-01-31 13:00:00,25.57966
CAISO SP15,USA,2024-01-31 22:00:00,2024-01-31 14:00:00,27.30634
CAISO SP15,USA,2024-01-31 23:00:00,2024-01-31 15:00:00,36.28833
CAISO SP15,USA,2024-02-01 00:00:00,2024-01-31 16:00:00,44.93905
CAISO SP15,USA,2024-02-01 01:00:00,2024-01-31 17:00:00,48.99651
CAISO SP15,USA,2024-02-01 02:00:00,2024-01-31 18:00:00,49.18929
CAISO SP15,USA,2024-02-01 03:00:00,2024-01-31 19:00:00,47.89104
CAISO SP15,USA,2024-02-01 04:00:00,2024-01-31 20:00:00,46.13458
CAISO SP15,USA,2024-02-01 05:00:00,2024-01-31 21:00:00,45.46719
CAISO SP15,USA,2024-02-01 06:00:00,2024-01-31 22:00:00,40.8599
CAISO SP15,USA,2024-02-01 07:00:00,2024-01-31 23:00:00,40.44318
CAISO SP15,USA,2024-02-01 08:00:00,2024-02-01 00:00:00,38.73534
CAISO SP15,USA,2024-02-01 09:00:00,2024-02-01 01:00:00,36.7632
CAISO SP15,USA,2024-02-01 10:00:00,2024-02-01 02:00:00,36.672
CAISO SP15,USA,2024-02-01 11:00:00,2024-02-01 03:00:00,36.7952
CAISO SP15,USA,2024-02-01 12:00:00,2024-02-01 04:00:00,37.09235
CAISO SP15,USA,2024-02-01 13:00:00,2024-02-01 05:00:00,40.92383
CAISO SP15,USA,2024-02-01 14:00:00,2024-02-01 06:00:00,47.95819
CAISO SP15,USA,2024-02-01 15:00:00,2024-02-01 07:00:00,50.0
CAISO SP15,USA,2024-02-01 16:00:00,2024-02-01 08:00:00,48.20442
CAISO SP15,USA,2024-02-01 17:00:00,2024-02-01 09:00:00,49.66684
CAISO SP15,USA,2024-02-01 18:00:00,2024-02-01 10:00:00,46.65903
CAISO SP15,USA,2024-02-01 19:00:00,2024-02-01 11:00:00,39.53457
CAISO SP15,USA,2024-02-01 20:00:00,2024-02-01 12:00:00,38.78429
CAISO SP15,USA,2024-02-01 21:00:00,2024-02-01 13:00:00,37.3195
CAISO SP15,USA,2024-02-01 22:00:00,2024-02-01 14:00:00,37.35712
CAISO SP15,USA,2024-02-01 23:00:00,2024-02-01 15:00:00,42.5644
CAISO SP15,USA,2024-02-02 00:00:00,2024-02-01 16:00:00,50.18706
CAISO SP15,USA,2024-02-02 01:00:00,2024-02-01 17:00:00,53.40822
CAISO SP15,USA,2024-02-02 02:00:00,2024-02-01 18:00:00,54.30357
CAISO SP15,USA,2024-02-02 03:00:00,2024-02-01 19:00:00,52.58379
CAISO SP15,USA,2024-02-02 04:00:00,2024-02-01 20:00:00,51.96228
CAISO SP15,USA,2024-02-02 05:00:00,2024-02-01 21:00:00,51.07936
CAISO SP15,USA,2024-02-02 06:00:00,2024-02-01 22:00:00,45.61314
CAISO SP15,USA,2024-02-02 07:00:00,2024-02-01 23:00:00,41.22568
CAISO SP15,USA,2024-02-02 08:00:00,2024-02-02 00:00:00,40.34295
CAISO SP15,USA,2024-02-02 09:00:00,2024-02-02 01:00:00,37.77439
CAISO SP15,USA,2024-02-02 10:00:00,2024-02-02 02:00:00,36.46419
CAISO SP15,USA,2024-02-02 11:00:00,2024-02-02 03:00:00,36.37004
CAISO SP15,USA,2024-02-02 12:00:00,2024-02-02 04:00:00,37.56966
CAISO SP15,USA,2024-02-02 13:00:00,2024-02-02 05:00:00,45.11717
CAISO SP15,USA,2024-02-02 14:00:00,2024-02-02 06:00:00,51.83
CAISO SP15,USA,2024-02-02 15:00:00,2024-02-02 07:00:00,48.66307
CAISO SP15,USA,2024-02-02 16:00:00,2024-02-02 08:00:00,36.64927
CAISO SP15,USA,2024-02-02 17:00:00,2024-02-02 09:00:00,25.0
CAISO SP15,USA,2024-02-02 18:00:00,2024-02-02 10:00:00,15.92535
CAISO SP15,USA,2024-02-02 19:00:00,2024-02-02 11:00:00,13.83056
CAISO SP15,USA,2024-02-02 20:00:00,2024-02-02 12:00:00,12.60157
CAISO SP15,USA,2024-02-02 21:00:00,2024-02-02 13:00:00,10.02759
CAISO SP15,USA,2024-02-02 22:00:00,2024-02-02 14:00:00,11.92651
CAISO SP15,USA,2024-02-02 23:00:00,2024-02-02 15:00:00,25.54202
CAISO SP15,USA,2024-02-03 00:00:00,2024-02-02 16:00:00,44.38715
CAISO SP15,USA,2024-02-03 01:00:00,2024-02-02 17:00:00,49.39374
CAISO SP15,USA,2024-02-03 02:00:00,2024-02-02 18:00:00,49.46343
CAISO SP15,USA,2024-02-03 03:00:00,2024-02-02 19:00:00,49.06313
CAISO SP15,USA,2024-02-03 04:00:00,2024-02-02 20:00:00,48.45882
CAISO SP15,USA,2024-02-03 05:00:00,2024-02-02 21:00:00,47.05524
CAISO SP15,USA,2024-02-03 06:00:00,2024-02-02 22:00:00,44.83022
CAISO SP15,USA,2024-02-03 07:00:00,2024-02-02 23:00:00,42.54121
CAISO SP15,USA,2024-02-03 08:00:00,2024-02-03 00:00:00,33.40436
CAISO SP15,USA,2024-02-03 09:00:00,2024-02-03 01:00:00,33.21787
CAISO SP15,USA,2024-02-03 10:00:00,2024-02-03 02:00:00,33.31926
CAISO SP15,USA,2024-02-03 11:00:00,2024-02-03 03:00:00,33.27127
CAISO SP15,USA,2024-02-03 12:00:00,2024-02-03 04:00:00,33.20659
CAISO SP15,USA,2024-02-03 13:00:00,2024-02-03 05:00:00,36.08489
CAISO SP15,USA,2024-02-03 14:00:00,2024-02-03 06:00:00,47.80352
CAISO SP15,USA,2024-02-03 15:00:00,2024-02-03 07:00:00,37.91346
CAISO SP15,USA,2024-02-03 16:00:00,2024-02-03 08:00:00,6.61241
CAISO SP15,USA,2024-02-03 17:00:00,2024-02-03 09:00:00,1.00512
CAISO SP15,USA,2024-02-03 18:00:00,2024-02-03 10:00:00,0.73014
CAISO SP15,USA,2024-02-03 19:00:00,2024-02-03 11:00:00,0.00986
CAISO SP15,USA,2024-02-03 20:00:00,2024-02-03 12:00:00,-0.58803
CAISO SP15,USA,2024-02-03 21:00:00,2024-02-03 13:00:00,-0.13224
CAISO SP15,USA,2024-02-03 22:00:00,2024-02-03 14:00:00,0.65455
CAISO SP15,USA,2024-02-03 23:00:00,2024-02-03 15:00:00,19.12984
CAISO SP15,USA,2024-02-04 00:00:00,2024-02-03 16:00:00,45.76275
CAISO SP15,USA,2024-02-04 01:00:00,2024-02-03 17:00:00,47.5589
CAISO SP15,USA,2024-02-04 02:00:00,2024-02-03 18:00:00,47.01954
CAISO SP15,USA,2024-02-04 03:00:00,2024-02-03 19:00:00,47.16078
CAISO SP15,USA,2024-02-04 04:00:00,2024-02-03 20:00:00,46.90412
CAISO SP15,USA,2024-02-04 05:00:00,2024-02-03 21:00:00,46.67555
CAISO SP15,USA,2024-02-04 06:00:00,2024-02-03 22:00:00,42.28436
CAISO SP15,USA,2024-02-04 07:00:00,2024-02-03 23:00:00,40.78788
CAISO SP15,USA,2024-02-04 08:00:00,2024-02-04 00:00:00,42.86863
CAISO SP15,USA,2024-02-04 09:00:00,2024-02-04 01:00:00,42.26463
CAISO SP15,USA,2024-02-04 10:00:00,2024-02-04 02:00:00,41.4958
CAISO SP15,USA,2024-02-04 11:00:00,2024-02-04 03:00:00,41.21577
CAISO SP15,USA,2024-02-04 12:00:00,2024-02-04 04:00:00,40.56855
CAISO SP15,USA,2024-02-04 13:00:00,2024-02-04 05:00:00,42.00867
CAISO SP15,USA,2024-02-04 14:00:00,2024-02-04 06:00:00,43.27819
CAISO SP15,USA,2024-02-04 15:00:00,2024-02-04 07:00:00,38.3287
CAISO SP15,USA,2024-02-04 16:00:00,2024-02-04 08:00:00,34.96367
CAISO SP15,USA,2024-02-04 17:00:00,2024-02-04 09:00:00,29.39779
CAISO SP15,USA,2024-02-04 18:00:00,2024-02-04 10:00:00,28.66612
CAISO SP15,USA,2024-02-04 19:00:00,2024-02-04 11:00:00,27.60043
CAISO SP15,USA,2024-02-04 20:00:00,2024-02-04 12:00:00,26.12682
CAISO SP15,USA,2024-02-04 21:00:00,2024-02-04 13:00:00,24.30752
CAISO SP15,USA,2024-02-04 22:00:00,2024-02-04 14:00:00,28.06996
CAISO SP15,USA,2024-02-04 23:00:00,2024-02-04 15:00:00,35.08149
CAISO SP15,USA,2024-02-05 00:00:00,2024-02-04 16:00:00,51.07532
CAISO SP15,USA,2024-02-05 01:00:00,2024-02-04 17:00:00,51.2868
CAISO SP15,USA,2024-02-05 02:00:00,2024-02-04 18:00:00,51.63381
CAISO SP15,USA,2024-02-05 03:00:00,2024-02-04 19:00:00,51.57636
CAISO SP15,USA,2024-02-05 04:00:00,2024-02-04 20:00:00,51.50915
CAISO SP15,USA,2024-02-05 05:00:00,2024-02-04 21:00:00,50.64387
CAISO SP15,USA,2024-02-05 06:00:00,2024-02-04 22:00:00,46.46052
CAISO SP15,USA,2024-02-05 07:00:00,2024-02-04 23:00:00,43.9501
CAISO SP15,USA,2024-02-05 08:00:00,2024-02-05 00:00:00,46.93879
CAISO SP15,USA,2024-02-05 09:00:00,2024-02-05 01:00:00,46.54664
CAISO SP15,USA,2024-02-05 10:00:00,2024-02-05 02:00:00,44.59158
CAISO SP15,USA,2024-02-05 11:00:00,2024-02-05 03:00:00,44.96133
CAISO SP15,USA,2024-02-05 12:00:00,2024-02-05 04:00:00,46.2079
CAISO SP15,USA,2024-02-05 13:00:00,2024-02-05 05:00:00,48.4836
CAISO SP15,USA,2024-02-05 14:00:00,2024-02-05 06:00:00,54.10728
CAISO SP15,USA,2024-02-05 15:00:00,2024-02-05 07:00:00,56.00199
CAISO SP15,USA,2024-02-05 16:00:00,2024-02-05 08:00:00,52.05365
CAISO SP15,USA,2024-02-05 17:00:00,2024-02-05 09:00:00,51.60196
CAISO SP15,USA,2024-02-05 18:00:00,2024-02-05 10:00:00,44.1993
CAISO SP15,USA,2024-02-05 19:00:00,2024-02-05 11:00:00,43.31843
CAISO SP15,USA,2024-02-05 20:00:00,2024-02-05 12:00:00,42.9517
CAISO SP15,USA,2024-02-05 21:00:00,2024-02-05 13:00:00,43.41645
CAISO SP15,USA,2024-02-05 22:00:00,2024-02-05 14:00:00,44.22321
CAISO SP15,USA,2024-02-05 23:00:00,2024-02-05 15:00:00,54.16455
CAISO SP15,USA,2024-02-06 00:00:00,2024-02-05 16:00:00,61.82047
CAISO SP15,USA,2024-02-06 01:00:00,2024-02-05 17:00:00,63.35677
CAISO SP15,USA,2024-02-06 02:00:00,2024-02-05 18:00:00,62.0172
CAISO SP15,USA,2024-02-06 03:00:00,2024-02-05 19:00:00,59.29891
CAISO SP15,USA,2024-02-06 04:00:00,2024-02-05 20:00:00,58.6959
CAISO SP15,USA,2024-02-06 05:00:00,2024-02-05 21:00:00,57.93802
CAISO SP15,USA,2024-02-06 06:00:00,2024-02-05 22:00:00,49.7329
CAISO SP15,USA,2024-02-06 07:00:00,2024-02-05 23:00:00,48.77154
CAISO SP15,USA,2024-02-06 08:00:00,2024-02-06 00:00:00,48.19432
CAISO SP15,USA,2024-02-06 09:00:00,2024-02-06 01:00:00,43.64195
CAISO SP15,USA,2024-02-06 10:00:00,2024-02-06 02:00:00,43.41228
CAISO SP15,USA,2024-02-06 11:00:00,2024-02-06 03:00:00,43.31052
CAISO SP15,USA,2024-02-06 12:00:00,2024-02-06 04:00:00,43.78946
CAISO SP15,USA,2024-02-06 13:00:00,2024-02-06 05:00:00,52.03685
CAISO SP15,USA,2024-02-06 14:00:00,2024-02-06 06:00:00,55.08077
CAISO SP15,USA,2024-02-06 15:00:00,2024-02-06 07:00:00,55.45177
CAISO SP15,USA,2024-02-06 16:00:00,2024-02-06 08:00:00,52.09639
CAISO SP15,USA,2024-02-06 17:00:00,2024-02-06 09:00:00,48.33
CAISO SP15,USA,2024-02-06 18:00:00,2024-02-06 10:00:00,45.74938
CAISO SP15,USA,2024-02-06 19:00:00,2024-02-06 11:00:00,41.6609
CAISO SP15,USA,2024-02-06 20:00:00,2024-02-06 12:00:00,41.51754
CAISO SP15,USA,2024-02-06 21:00:00,2024-02-06 13:00:00,41.47904
CAISO SP15,USA,2024-02-06 22:00:00,2024-02-06 14:00:00,41.61709
CAISO SP15,USA,2024-02-06 23:00:00,2024-02-06 15:00:00,45.50807
CAISO SP15,USA,2024-02-07 00:00:00,2024-02-06 16:00:00,51.99321
CAISO SP15,USA,2024-02-07 01:00:00,2024-02-06 17:00:00,52.13
CAISO SP15,USA,2024-02-07 02:00:00,2024-02-06 18:00:00,51.85902
CAISO SP15,USA,2024-02-07 03:00:00,2024-02-06 19:00:00,51.01974
CAISO SP15,USA,2024-02-07 04:00:00,2024-02-06 20:00:00,50.90663
CAISO SP15,USA,2024-02-07 05:00:00,2024-02-06 21:00:00,50.59615
CAISO SP15,USA,2024-02-07 06:00:00,2024-02-06 22:00:00,48.69499
CAISO SP15,USA,2024-02-07 07:00:00,2024-02-06 23:00:00,47.04142
CAISO SP15,USA,2024-02-07 08:00:00,2024-02-07 00:00:00,43.26877
CAISO SP15,USA,2024-02-07 09:00:00,2024-02-07 01:00:00,39.75333
CAISO SP15,USA,2024-02-07 10:00:00,2024-02-07 02:00:00,39.42885
CAISO SP15,USA,2024-02-07 11:00:00,2024-02-07 03:00:00,38.49477
CAISO SP15,USA,2024-02-07 12:00:00,2024-02-07 04:00:00,41.01525
CAISO SP15,USA,2024-02-07 13:00:00,2024-02-07 05:00:00,44.45906
CAISO SP15,USA,2024-02-07 14:00:00,2024-02-07 06:00:00,53.67912
CAISO SP15,USA,2024-02-07 15:00:00,2024-02-07 07:00:00,48.57633
CAISO SP15,USA,2024-02-07 16:00:00,2024-02-07 08:00:00,37.91634
CAISO SP15,USA,2024-02-07 17:00:00,2024-02-07 09:00:00,22.18656
CAISO SP15,USA,2024-02-07 18:00:00,2024-02-07 10:00:00,18.24594
CAISO SP15,USA,2024-02-07 19:00:00,2024-02-07 11:00:00,8.08991
CAISO SP15,USA,2024-02-07 20:00:00,2024-02-07 12:00:00,9.26647
CAISO SP15,USA,2024-02-07 21:00:00,2024-02-07 13:00:00,12.75338
CAISO SP15,USA,2024-02-07 22:00:00,2024-02-07 14:00:00,18.24837
CAISO SP15,USA,2024-02-07 23:00:00,2024-02-07 15:00:00,31.57751
CAISO SP15,USA,2024-02-08 00:00:00,2024-02-07 16:00:00,46.97085
CAISO SP15,USA,2024-02-08 01:00:00,2024-02-07 17:00:00,53.36279
CAISO SP15,USA,2024-02-08 02:00:00,2024-02-07 18:00:00,52.37214
CAISO SP15,USA,2024-02-08 03:00:00,2024-02-07 19:00:00,51.67448
CAISO SP15,USA,2024-02-08 04:00:00,2024-02-07 20:00:00,48.73122
CAISO SP15,USA,2024-02-08 05:00:00,2024-02-07 21:00:00,47.01721
CAISO SP15,USA,2024-02-08 06:00:00,2024-02-07 22:00:00,46.70466
CAISO SP15,USA,2024-02-08 07:00:00,2024-02-07 23:00:00,43.16587
CAISO SP15,USA,2024-02-08 08:00:00,2024-02-08 00:00:00,37.40112
CAISO SP15,USA,2024-02-08 09:00:00,2024-02-08 01:00:00,37.807
CAISO SP15,USA,2024-02-08 10:00:00,2024-02-08 02:00:00,37.53055
CAISO SP15,USA,2024-02-08 11:00:00,2024-02-08 03:00:00,37.50225
CAISO SP15,USA,2024-02-08 12:00:00,2024-02-08 04:00:00,38.11097
CAISO SP15,USA,2024-02-08 13:00:00,2024-02-08 05:00:00,46.04174
CAISO SP15,USA,2024-02-08 14:00:00,2024-02-08 06:00:00,55.65085
CAISO SP15,USA,2024-02-08 15:00:00,2024-02-08 07:00:00,47.52224
CAISO SP15,USA,2024-02-08 16:00:00,2024-02-08 08:00:00,18.61398
CAISO SP15,USA,2024-02-08 17:00:00,2024-02-08 09:00:00,3.41263
CAISO SP15,USA,2024-02-08 18:00:00,2024-02-08 10:00:00,1.0
CAISO SP15,USA,2024-02-08 19:00:00,2024-02-08 11:00:00,-1.16701
CAISO SP15,USA,2024-02-08 20:00:00,2024-02-08 12:00:00,-1.0
CAISO SP15,USA,2024-02-08 21:00:00,2024-02-08 13:00:00,-1.45231
CAISO SP15,USA,2024-02-08 22:00:00,2024-02-08 14:00:00,0.71809
CAISO SP15,USA,2024-02-08 23:00:00,2024-02-08 15:00:00,4.94342
CAISO SP15,USA,2024-02-09 00:00:00,2024-02-08 16:00:00,44.089
CAISO SP15,USA,2024-02-09 01:00:00,2024-02-08 17:00:00,58.16931
CAISO SP15,USA,2024-02-09 02:00:00,2024-02-08 18:00:00,57.42594
CAISO SP15,USA,2024-02-09 03:00:00,2024-02-08 19:00:00,57.46754
CAISO SP15,USA,2024-02-09 04:00:00,2024-02-08 20:00:00,56.87762
CAISO SP15,USA,2024-02-09 05:00:00,2024-02-08 21:00:00,56.19454
CAISO SP15,USA,2024-02-09 06:00:00,2024-02-08 22:00:00,47.04628
CAISO SP15,USA,2024-02-09 07:00:00,2024-02-08 23:00:00,45.44857
CAISO SP15,USA,2024-02-09 08:00:00,2024-02-09 00:00:00,44.64346
CAISO SP15,USA,2024-02-09 09:00:00,2024-02-09 01:00:00,44.21033
CAISO SP15,USA,2024-02-09 10:00:00,2024-02-09 02:00:00,44.14201
CAISO SP15,USA,2024-02-09 11:00:00,2024-02-09 03:00:00,44.26391
CAISO SP15,USA,2024-02-09 12:00:00,2024-02-09 04:00:00,46.05272
CAISO SP15,USA,2024-02-09 13:00:00,2024-02-09 05:00:00,60.97214
CAISO SP15,USA,2024-02-09 14:00:00,2024-02-09 06:00:00,67.56408
CAISO SP15,USA,2024-02-09 15:00:00,2024-02-09 07:00:00,59.36298
CAISO SP15,USA,2024-02-09 16:00:00,2024-02-09 08:00:00,32.11171
CAISO SP15,USA,2024-02-09 17:00:00,2024-02-09 09:00:00,12.70323
CAISO SP15,USA,2024-02-09 18:00:00,2024-02-09 10:00:00,8.09155
CAISO SP15,USA,2024-02-09 19:00:00,2024-02-09 11:00:00,4.02659
CAISO SP15,USA,2024-02-09 20:00:00,2024-02-09 12:00:00,3.92823
CAISO SP15,USA,2024-02-09 21:00:00,2024-02-09 13:00:00,4.22691
CAISO SP15,USA,2024-02-09 22:00:00,2024-02-09 14:00:00,4.34125
CAISO SP15,USA,2024-02-09 23:00:00,2024-02-09 15:00:00,18.25814
CAISO SP15,USA,2024-02-10 00:00:00,2024-02-09 16:00:00,50.28425
CAISO SP15,USA,2024-02-10 01:00:00,2024-02-09 17:00:00,59.20562
CAISO SP15,USA,2024-02-10 02:00:00,2024-02-09 18:00:00,59.17353
CAISO SP15,USA,2024-02-10 03:00:00,2024-02-09 19:00:00,58.82367
CAISO SP15,USA,2024-02-10 04:00:00,2024-02-09 20:00:00,58.591
CAISO SP15,USA,2024-02-10 05:00:00,2024-02-09 21:00:00,56.82549
CAISO SP15,USA,2024-02-10 06:00:00,2024-02-09 22:00:00,54.61766
CAISO SP15,USA,2024-02-10 07:00:00,2024-02-09 23:00:00,47.1111
CAISO SP15,USA,2024-02-10 08:00:00,2024-02-10 00:00:00,48.18269
CAISO SP15,USA,2024-02-10 09:00:00,2024-02-10 01:00:00,47.50591
CAISO SP15,USA,2024-02-10 10:00:00,2024-02-10 02:00:00,46.91705
CAISO SP15,USA,2024-02-10 11:00:00,2024-02-10 03:00:00,46.33488
CAISO SP15,USA,2024-02-10 12:00:00,2024-02-10 04:00:00,47.1979
CAISO SP15,USA,2024-02-10 13:00:00,2024-02-10 05:00:00,48.77135
CAISO SP15,USA,2024-02-10 14:00:00,2024-02-10 06:00:00,56.80703
CAISO SP15,USA,2024-02-10 15:00:00,2024-02-10 07:00:00,46.43119
CAISO SP15,USA,2024-02-10 16:00:00,2024-02-10 08:00:00,9.47956
CAISO SP15,USA,2024-02-10 17:00:00,2024-02-10 09:00:00,-5.0
CAISO SP15,USA,2024-02-10 18:00:00,2024-02-10 10:00:00,-8.0
CAISO SP15,USA,2024-02-10 19:00:00,2024-02-10 11:00:00,-11.06727
CAISO SP15,USA,2024-02-10 20:00:00,2024-02-10 12:00:00,-12.33515
CAISO SP15,USA,2024-02-10 21:00:00,2024-02-10 13:00:00,-12.20454
CAISO SP15,USA,2024-02-10 22:00:00,2024-02-10 14:00:00,-9.89902
CAISO SP15,USA,2024-02-10 23:00:00,2024-02-10 15:00:00,-4.01473
CAISO SP15,USA,2024-02-11 00:00:00,2024-02-10 16:00:00,43.63088
CAISO SP15,USA,2024-02-11 01:00:00,2024-02-10 17:00:00,57.3973
CAISO SP15,USA,2024-02-11 02:00:00,2024-02-10 18:00:00,57.67022
CAISO SP15,USA,2024-02-11 03:00:00,2024-02-10 19:00:00,57.90088
CAISO SP15,USA,2024-02-11 04:00:00,2024-02-10 20:00:00,57.76059
CAISO SP15,USA,2024-02-11 05:00:00,2024-02-10 21:00:00,57.67638
CAISO SP15,USA,2024-02-11 06:00:00,2024-02-10 22:00:00,54.82852
CAISO SP15,USA,2024-02-11 07:00:00,2024-02-10 23:00:00,50.72263
CAISO SP15,USA,2024-02-11 08:00:00,2024-02-11 00:00:00,49.86017
CAISO SP15,USA,2024-02-11 09:00:00,2024-02-11 01:00:00,49.31352
CAISO SP15,USA,2024-02-11 10:00:00,2024-02-11 02:00:00,49.10864
CAISO SP15,USA,2024-02-11 11:00:00,2024-02-11 03:00:00,48.97088
CAISO SP15,USA,2024-02-11 12:00:00,2024-02-11 04:00:00,47.69576
CAISO SP15,USA,2024-02-11 13:00:00,2024-02-11 05:00:00,49.32938
CAISO SP15,USA,2024-02-11 14:00:00,2024-02-11 06:00:00,49.65348
CAISO SP15,USA,2024-02-11 15:00:00,2024-02-11 07:00:00,41.88501
CAISO SP15,USA,2024-02-11 16:00:00,2024-02-11 08:00:00,-1.59063
CAISO SP15,USA,2024-02-11 17:00:00,2024-02-11 09:00:00,-17.70973
CAISO SP15,USA,2024-02-11 18:00:00,2024-02-11 10:00:00,-18.38419
CAISO SP15,USA,2024-02-11 19:00:00,2024-02-11 11:00:00,-18.43038
CAISO SP15,USA,2024-02-11 20:00:00,2024-02-11 12:00:00,-18.32363
CAISO SP15,USA,2024-02-11 21:00:00,2024-02-11 13:00:00,-18.28956
CAISO SP15,USA,2024-02-11 22:00:00,2024-02-11 14:00:00,-18.20698
CAISO SP15,USA,2024-02-11 23:00:00,2024-02-11 15:00:00,-12.6791
CAISO SP15,USA,2024-02-12 00:00:00,2024-02-11 16:00:00,40.83979
CAISO SP15,USA,2024-02-12 01:00:00,2024-02-11 17:00:00,52.95464
CAISO SP15,USA,2024-02-12 02:00:00,2024-02-11 18:00:00,53.41296
CAISO SP15,USA,2024-02-12 03:00:00,2024-02-11 19:00:00,53.32421
CAISO SP15,USA,2024-02-12 04:00:00,2024-02-11 20:00:00,53.26699
CAISO SP15,USA,2024-02-12 05:00:00,2024-02-11 21:00:00,53.23073
CAISO SP15,USA,2024-02-12 06:00:00,2024-02-11 22:00:00,53.19253
CAISO SP15,USA,2024-02-12 07:00:00,2024-02-11 23:00:00,52.2183
CAISO SP15,USA,2024-02-12 08:00:00,2024-02-12 00:00:00,49.29622
CAISO SP15,USA,2024-02-12 09:00:00,2024-02-12 01:00:00,48.11484
CAISO SP15,USA,2024-02-12 10:00:00,2024-02-12 02:00:00,47.61448
CAISO SP15,USA,2024-02-12 11:00:00,2024-02-12 03:00:00,47.13342
CAISO SP15,USA,2024-02-12 12:00:00,2024-02-12 04:00:00,52.28596
CAISO SP15,USA,2024-02-12 13:00:00,2024-02-12 05:00:00,56.8932
CAISO SP15,USA,2024-02-12 14:00:00,2024-02-12 06:00:00,63.69033
CAISO SP15,USA,2024-02-12 15:00:00,2024-02-12 07:00:00,52.18647
CAISO SP15,USA,2024-02-12 16:00:00,2024-02-12 08:00:00,20.12263
CAISO SP15,USA,2024-02-12 17:00:00,2024-02-12 09:00:00,2.63875
CAISO SP15,USA,2024-02-12 18:00:00,2024-02-12 10:00:00,0.43382
CAISO SP15,USA,2024-02-12 19:00:00,2024-02-12 11:00:00,0.55643
CAISO SP15,USA,2024-02-12 20:00:00,2024-02-12 12:00:00,-0.37404
CAISO SP15,USA,2024-02-12 21:00:00,2024-02-12 13:00:00,-0.10813
CAISO SP15,USA,2024-02-12 22:00:00,2024-02-12 14:00:00,-0.25981
CAISO SP15,USA,2024-02-12 23:00:00,2024-02-12 15:00:00,9.73714
CAISO SP15,USA,2024-02-13 00:00:00,2024-02-12 16:00:00,49.43
CAISO SP15,USA,2024-02-13 01:00:00,2024-02-12 17:00:00,63.94301
CAISO SP15,USA,2024-02-13 02:00:00,2024-02-12 18:00:00,64.2941
CAISO SP15,USA,2024-02-13 03:00:00,2024-02-12 19:00:00,64.21931
CAISO SP15,USA,2024-02-13 04:00:00,2024-02-12 20:00:00,63.36704
CAISO SP15,USA,2024-02-13 05:00:00,2024-02-12 21:00:00,62.80228
CAISO SP15,USA,2024-02-13 06:00:00,2024-02-12 22:00:00,60.26846
CAISO SP15,USA,2024-02-13 07:00:00,2024-02-12 23:00:00,53.50171
CAISO SP15,USA,2024-02-13 08:00:00,2024-02-13 00:00:00,44.86382
CAISO SP15,USA,2024-02-13 09:00:00,2024-02-13 01:00:00,44.87831
CAISO SP15,USA,2024-02-13 10:00:00,2024-02-13 02:00:00,44.47626
CAISO SP15,USA,2024-02-13 11:00:00,2024-02-13 03:00:00,44.55106
CAISO SP15,USA,2024-02-13 12:00:00,2024-02-13 04:00:00,46.61627
CAISO SP15,USA,2024-02-13 13:00:00,2024-02-13 05:00:00,52.04505
CAISO SP15,USA,2024-02-13 14:00:00,2024-02-13 06:00:00,62.34666
CAISO SP15,USA,2024-02-13 15:00:00,2024-02-13 07:00:00,47.1669
CAISO SP15,USA,2024-02-13 16:00:00,2024-02-13 08:00:00,24.48015
CAISO SP15,USA,2024-02-13 17:00:00,2024-02-13 09:00:00,7.1544
CAISO SP15,USA,2024-02-13 18:00:00,2024-02-13 10:00:00,3.72199
CAISO SP15,USA,2024-02-13 19:00:00,2024-02-13 11:00:00,2.39119
CAISO SP15,USA,2024-02-13 20:00:00,2024-02-13 12:00:00,1.0
CAISO SP15,USA,2024-02-13 21:00:00,2024-02-13 13:00:00,-0.1541
CAISO SP15,USA,2024-02-13 22:00:00,2024-02-13 14:00:00,1.06065
CAISO SP15,USA,2024-02-13 23:00:00,2024-02-13 15:00:00,10.53525
CAISO SP15,USA,2024-02-14 00:00:00,2024-02-13 16:00:00,45.10274
CAISO SP15,USA,2024-02-14 01:00:00,2024-02-13 17:00:00,59.55624
CAISO SP15,USA,2024-02-14 02:00:00,2024-02-13 18:00:00,58.82532
CAISO SP15,USA,2024-02-14 03:00:00,2024-02-13 19:00:00,56.09508
CAISO SP15,USA,2024-02-14 04:00:00,2024-02-13 20:00:00,55.7075
CAISO SP15,USA,2024-02-14 05:00:00,2024-02-13 21:00:00,55.43808
CAISO SP15,USA,2024-02-14 06:00:00,2024-02-13 22:00:00,50.85313
CAISO SP15,USA,2024-02-14 07:00:00,2024-02-13 23:00:00,48.81344
CAISO SP15,USA,2024-02-14 08:00:00,2024-02-14 00:00:00,45.21622
CAISO SP15,USA,2024-02-14 09:00:00,2024-02-14 01:00:00,43.37046
CAISO SP15,USA,2024-02-14 10:00:00,2024-02-14 02:00:00,43.05271
CAISO SP15,USA,2024-02-14 11:00:00,2024-02-14 03:00:00,43.67706
CAISO SP15,USA,2024-02-14 12:00:00,2024-02-14 04:00:00,46.87997
CAISO SP15,USA,2024-02-14 13:00:00,2024-02-14 05:00:00,50.92782
CAISO SP15,USA,2024-02-14 14:00:00,2024-02-14 06:00:00,58.52807
CAISO SP15,USA,2024-02-14 15:00:00,2024-02-14 07:00:00,46.87806
CAISO SP15,USA,2024-02-14 16:00:00,2024-02-14 08:00:00,16.0
CAISO SP15,USA,2024-02-14 17:00:00,2024-02-14 09:00:00,-0.43844
CAISO SP15,USA,2024-02-14 18:00:00,2024-02-14 10:00:00,-2.94275
CAISO SP15,USA,2024-02-14 19:00:00,2024-02-14 11:00:00,-6.52969
CAISO SP15,USA,2024-02-14 20:00:00,2024-02-14 12:00:00,-7.01801
CAISO SP15,USA,2024-02-14 21:00:00,2024-02-14 13:00:00,-4.87822
CAISO SP15,USA,2024-02-14 22:00:00,2024-02-14 14:00:00,-3.86442
CAISO SP15,USA,2024-02-14 23:00:00,2024-02-14 15:00:00,5.54
CAISO SP15,USA,2024-02-15 00:00:00,2024-02-14 16:00:00,44.18434
CAISO SP15,USA,2024-02-15 01:00:00,2024-02-14 17:00:00,58.67214
CAISO SP15,USA,2024-02-15 02:00:00,2024-02-14 18:00:00,59.23174
CAISO SP15,USA,2024-02-15 03:00:00,2024-02-14 19:00:00,59.39912
CAISO SP15,USA,2024-02-15 04:00:00,2024-02-14 20:00:00,56.61361
CAISO SP15,USA,2024-02-15 05:00:00,2024-02-14 21:00:00,56.02
CAISO SP15,USA,2024-02-15 06:00:00,2024-02-14 22:00:00,49.29539
CAISO SP15,USA,2024-02-15 07:00:00,2024-02-14 23:00:00,47.14253
CAISO SP15,USA,2024-02-15 08:00:00,2024-02-15 00:00:00,43.35996
CAISO SP15,USA,2024-02-15 09:00:00,2024-02-15 01:00:00,41.57379
CAISO SP15,USA,2024-02-15 10:00:00,2024-02-15 02:00:00,41.01721
CAISO SP15,USA,2024-02-15 11:00:00,2024-02-15 03:00:00,42.6899
CAISO SP15,USA,2024-02-15 12:00:00,2024-02-15 04:00:00,44.0755
CAISO SP15,USA,2024-02-15 13:00:00,2024-02-15 05:00:00,50.0
CAISO SP15,USA,2024-02-15 14:00:00,2024-02-15 06:00:00,57.98158
CAISO SP15,USA,2024-02-15 15:00:00,2024-02-15 07:00:00,46.43026
CAISO SP15,USA,2024-02-15 16:00:00,2024-02-15 08:00:00,16.98065
CAISO SP15,USA,2024-02-15 17:00:00,2024-02-15 09:00:00,-2.50068
CAISO SP15,USA,2024-02-15 18:00:00,2024-02-15 10:00:00,-7.73925
CAISO SP15,USA,2024-02-15 19:00:00,2024-02-15 11:00:00,-11.8392
CAISO SP15,USA,2024-02-15 20:00:00,2024-02-15 12:00:00,-12.99763
CAISO SP15,USA,2024-02-15 21:00:00,2024-02-15 13:00:00,-12.95565
CAISO SP15,USA,2024-02-15 22:00:00,2024-02-15 14:00:00,-12.92041
CAISO SP15,USA,2024-02-15 23:00:00,2024-02-15 15:00:00,-6.5
CAISO SP15,USA,2024-02-16 00:00:00,2024-02-15 16:00:00,38.06771
CAISO SP15,USA,2024-02-16 01:00:00,2024-02-15 17:00:00,51.59603
CAISO SP15,USA,2024-02-16 02:00:00,2024-02-15 18:00:00,52.66595
CAISO SP15,USA,2024-02-16 03:00:00,2024-02-15 19:00:00,50.21225
CAISO SP15,USA,2024-02-16 04:00:00,2024-02-15 20:00:00,50.07873
CAISO SP15,USA,2024-02-16 05:00:00,2024-02-15 21:00:00,49.71079
CAISO SP15,USA,2024-02-16 06:00:00,2024-02-15 22:00:00,44.77194
CAISO SP15,USA,2024-02-16 07:00:00,2024-02-15 23:00:00,43.68886
CAISO SP15,USA,2024-02-16 08:00:00,2024-02-16 00:00:00,43.75394
CAISO SP15,USA,2024-02-16 09:00:00,2024-02-16 01:00:00,43.03602
CAISO SP15,USA,2024-02-16 10:00:00,2024-02-16 02:00:00,41.13696
CAISO SP15,USA,2024-02-16 11:00:00,2024-02-16 03:00:00,42.86014
CAISO SP15,USA,2024-02-16 12:00:00,2024-02-16 04:00:00,44.01028
CAISO SP15,USA,2024-02-16 13:00:00,2024-02-16 05:00:00,47.87621
CAISO SP15,USA,2024-02-16 14:00:00,2024-02-16 06:00:00,54.56116
CAISO SP15,USA,2024-02-16 15:00:00,2024-02-16 07:00:00,40.89585
CAISO SP15,USA,2024-02-16 16:00:00,2024-02-16 08:00:00,11.48735
CAISO SP15,USA,2024-02-16 17:00:00,2024-02-16 09:00:00,0.99819
CAISO SP15,USA,2024-02-16 18:00:00,2024-02-16 10:00:00,-0.35361
CAISO SP15,USA,2024-02-16 19:00:00,2024-02-16 11:00:00,-2.65901
CAISO SP15,USA,2024-02-16 20:00:00,2024-02-16 12:00:00,-3.0231
CAISO SP15,USA,2024-02-16 21:00:00,2024-02-16 13:00:00,-3.431
CAISO SP15,USA,2024-02-16 22:00:00,2024-02-16 14:00:00,-0.41895
CAISO SP15,USA,2024-02-16 23:00:00,2024-02-16 15:00:00,15.02
CAISO SP15,USA,2024-02-17 00:00:00,2024-02-16 16:00:00,41.69828
CAISO SP15,USA,2024-02-17 01:00:00,2024-02-16 17:00:00,52.6849
CAISO SP15,USA,2024-02-17 02:00:00,2024-02-16 18:00:00,52.45319
CAISO SP15,USA,2024-02-17 03:00:00,2024-02-16 19:00:00,51.99979
CAISO SP15,USA,2024-02-17 04:00:00,2024-02-16 20:00:00,51.85617
CAISO SP15,USA,2024-02-17 05:00:00,2024-02-16 21:00:00,51.38837
CAISO SP15,USA,2024-02-17 06:00:00,2024-02-16 22:00:00,48.34428
CAISO SP15,USA,2024-02-17 07:00:00,2024-02-16 23:00:00,44.58697
CAISO SP15,USA,2024-02-17 08:00:00,2024-02-17 00:00:00,45.16002
CAISO SP15,USA,2024-02-17 09:00:00,2024-02-17 01:00:00,44.5214
CAISO SP15,USA,2024-02-17 10:00:00,2024-02-17 02:00:00,44.0754
CAISO SP15,USA,2024-02-17 11:00:00,2024-02-17 03:00:00,44.6722
CAISO SP15,USA,2024-02-17 12:00:00,2024-02-17 04:00:00,44.51051
CAISO SP15,USA,2024-02-17 13:00:00,2024-02-17 05:00:00,45.00513
CAISO SP15,USA,2024-02-17 14:00:00,2024-02-17 06:00:00,45.16004
CAISO SP15,USA,2024-02-17 15:00:00,2024-02-17 07:00:00,32.15673
CAISO SP15,USA,2024-02-17 16:00:00,2024-02-17 08:00:00,7.97255
CAISO SP15,USA,2024-02-17 17:00:00,2024-02-17 09:00:00,-6.17622
CAISO SP15,USA,2024-02-17 18:00:00,2024-02-17 10:00:00,-7.17573
CAISO SP15,USA,2024-02-17 19:00:00,2024-02-17 11:00:00,-7.24095
CAISO SP15,USA,2024-02-17 20:00:00,2024-02-17 12:00:00,-9.99789
CAISO SP15,USA,2024-02-17 21:00:00,2024-02-17 13:00:00,-9.9129
CAISO SP15,USA,2024-02-17 22:00:00,2024-02-17 14:00:00,-8.62685
CAISO SP15,USA,2024-02-17 23:00:00,2024-02-17 15:00:00,-1.93458
CAISO SP15,USA,2024-02-18 00:00:00,2024-02-17 16:00:00,43.55556
CAISO SP15,USA,2024-02-18 01:00:00,2024-02-17 17:00:00,50.14001
CAISO SP15,USA,2024-02-18 02:00:00,2024-02-17 18:00:00,46.98072
CAISO SP15,USA,2024-02-18 03:00:00,2024-02-17 19:00:00,45.87285
CAISO SP15,USA,2024-02-18 04:00:00,2024-02-17 20:00:00,45.6723
CAISO SP15,USA,2024-02-18 05:00:00,2024-02-17 21:00:00,45.46758
CAISO SP15,USA,2024-02-18 06:00:00,2024-02-17 22:00:00,44.65903
CAISO SP15,USA,2024-02-18 07:00:00,2024-02-17 23:00:00,41.65981
CAISO SP15,USA,2024-02-18 08:00:00,2024-02-18 00:00:00,45.60514
CAISO SP15,USA,2024-02-18 09:00:00,2024-02-18 01:00:00,42.86433
CAISO SP15,USA,2024-02-18 10:00:00,2024-02-18 02:00:00,42.35687
CAISO SP15,USA,2024-02-18 11:00:00,2024-02-18 03:00:00,42.34597
CAISO SP15,USA,2024-02-18 12:00:00,2024-02-18 04:00:00,42.29239
CAISO SP15,USA,2024-02-18 13:00:00,2024-02-18 05:00:00,42.31914
CAISO SP15,USA,2024-02-18 14:00:00,2024-02-18 06:00:00,43.70608
CAISO SP15,USA,2024-02-18 15:00:00,2024-02-18 07:00:00,32.4053
CAISO SP15,USA,2024-02-18 16:00:00,2024-02-18 08:00:00,-1.79596
CAISO SP15,USA,2024-02-18 17:00:00,2024-02-18 09:00:00,-15.57681
CAISO SP15,USA,2024-02-18 18:00:00,2024-02-18 10:00:00,-17.63818
CAISO SP15,USA,2024-02-18 19:00:00,2024-02-18 11:00:00,-18.79704
CAISO SP15,USA,2024-02-18 20:00:00,2024-02-18 12:00:00,-18.88443
CAISO SP15,USA,2024-02-18 21:00:00,2024-02-18 13:00:00,-19.0
CAISO SP15,USA,2024-02-18 22:00:00,2024-02-18 14:00:00,-17.15773
CAISO SP15,USA,2024-02-18 23:00:00,2024-02-18 15:00:00,-4.93497
CAISO SP15,USA,2024-02-19 00:00:00,2024-02-18 16:00:00,40.49172
CAISO SP15,USA,2024-02-19 01:00:00,2024-02-18 17:00:00,52.64675
CAISO SP15,USA,2024-02-19 02:00:00,2024-02-18 18:00:00,52.75161
CAISO SP15,USA,2024-02-19 03:00:00,2024-02-18 19:00:00,52.9741
CAISO SP15,USA,2024-02-19 04:00:00,2024-02-18 20:00:00,52.83596
CAISO SP15,USA,2024-02-19 05:00:00,2024-02-18 21:00:00,52.43433
CAISO SP15,USA,2024-02-19 06:00:00,2024-02-18 22:00:00,47.42577
CAISO SP15,USA,2024-02-19 07:00:00,2024-02-18 23:00:00,43.10899
CAISO SP15,USA,2024-02-19 08:00:00,2024-02-19 00:00:00,45.28454
CAISO SP15,USA,2024-02-19 09:00:00,2024-02-19 01:00:00,43.31796
CAISO SP15,USA,2024-02-19 10:00:00,2024-02-19 02:00:00,43.08
CAISO SP15,USA,2024-02-19 11:00:00,2024-02-19 03:00:00,43.36929
CAISO SP15,USA,2024-02-19 12:00:00,2024-02-19 04:00:00,44.7571
CAISO SP15,USA,2024-02-19 13:00:00,2024-02-19 05:00:00,50.0
CAISO SP15,USA,2024-02-19 14:00:00,2024-02-19 06:00:00,51.8033
CAISO SP15,USA,2024-02-19 15:00:00,2024-02-19 07:00:00,43.99773
CAISO SP15,USA,2024-02-19 16:00:00,2024-02-19 08:00:00,34.89907
CAISO SP15,USA,2024-02-19 17:00:00,2024-02-19 09:00:00,32.45834
CAISO SP15,USA,2024-02-19 18:00:00,2024-02-19 10:00:00,32.12132
CAISO SP15,USA,2024-02-19 19:00:00,2024-02-19 11:00:00,31.74077
CAISO SP15,USA,2024-02-19 20:00:00,2024-02-19 12:00:00,30.81513
CAISO SP15,USA,2024-02-19 21:00:00,2024-02-19 13:00:00,30.89316
CAISO SP15,USA,2024-02-19 22:00:00,2024-02-19 14:00:00,31.92388
CAISO SP15,USA,2024-02-19 23:00:00,2024-02-19 15:00:00,35.22373
CAISO SP15,USA,2024-02-20 00:00:00,2024-02-19 16:00:00,49.52682
CAISO SP15,USA,2024-02-20 01:00:00,2024-02-19 17:00:00,56.77873
CAISO SP15,USA,2024-02-20 02:00:00,2024-02-19 18:00:00,57.10472
CAISO SP15,USA,2024-02-20 03:00:00,2024-02-19 19:00:00,56.48392
CAISO SP15,USA,2024-02-20 04:00:00,2024-02-19 20:00:00,55.78781
CAISO SP15,USA,2024-02-20 05:00:00,2024-02-19 21:00:00,54.40285
CAISO SP15,USA,2024-02-20 06:00:00,2024-02-19 22:00:00,45.31899
CAISO SP15,USA,2024-02-20 07:00:00,2024-02-19 23:00:00,41.90339
CAISO SP15,USA,2024-02-20 08:00:00,2024-02-20 00:00:00,38.71544
CAISO SP15,USA,2024-02-20 09:00:00,2024-02-20 01:00:00,38.09262
CAISO SP15,USA,2024-02-20 10:00:00,2024-02-20 02:00:00,38.10366
CAISO SP15,USA,2024-02-20 11:00:00,2024-02-20 03:00:00,38.13419
CAISO SP15,USA,2024-02-20 12:00:00,2024-02-20 04:00:00,38.26131
CAISO SP15,USA,2024-02-20 13:00:00,2024-02-20 05:00:00,44.75131
CAISO SP15,USA,2024-02-20 14:00:00,2024-02-20 06:00:00,51.98588
CAISO SP15,USA,2024-02-20 15:00:00,2024-02-20 07:00:00,50.85159
CAISO SP15,USA,2024-02-20 16:00:00,2024-02-20 08:00:00,40.19394
CAISO SP15,USA,2024-02-20 17:00:00,2024-02-20 09:00:00,38.03796
CAISO SP15,USA,2024-02-20 18:00:00,2024-02-20 10:00:00,35.16568
CAISO SP15,USA,2024-02-20 19:00:00,2024-02-20 11:00:00,33.65872
CAISO SP15,USA,2024-02-20 20:00:00,2024-02-20 12:00:00,32.27059
CAISO SP15,USA,2024-02-20 21:00:00,2024-02-20 13:00:00,33.43459
CAISO SP15,USA,2024-02-20 22:00:00,2024-02-20 14:00:00,34.85145
CAISO SP15,USA,2024-02-20 23:00:00,2024-02-20 15:00:00,39.44178
CAISO SP15,USA,2024-02-21 00:00:00,2024-02-20 16:00:00,53.90835
CAISO SP15,USA,2024-02-21 01:00:00,2024-02-20 17:00:00,60.05779
CAISO SP15,USA,2024-02-21 02:00:00,2024-02-20 18:00:00,59.80514
CAISO SP15,USA,2024-02-21 03:00:00,2024-02-20 19:00:00,56.63627
CAISO SP15,USA,2024-02-21 04:00:00,2024-02-20 20:00:00,56.27325
CAISO SP15,USA,2024-02-21 05:00:00,2024-02-20 21:00:00,55.84702
CAISO SP15,USA,2024-02-21 06:00:00,2024-02-20 22:00:00,46.66255
CAISO SP15,USA,2024-02-21 07:00:00,2024-02-20 23:00:00,42.02337
CAISO SP15,USA,2024-02-21 08:00:00,2024-02-21 00:00:00,42.09446
CAISO SP15,USA,2024-02-21 09:00:00,2024-02-21 01:00:00,38.42911
CAISO SP15,USA,2024-02-21 10:00:00,2024-02-21 02:00:00,36.97562
CAISO SP15,USA,2024-02-21 11:00:00,2024-02-21 03:00:00,36.82497
CAISO SP15,USA,2024-02-21 12:00:00,2024-02-21 04:00:00,37.78845
CAISO SP15,USA,2024-02-21 13:00:00,2024-02-21 05:00:00,43.71414
CAISO SP15,USA,2024-02-21 14:00:00,2024-02-21 06:00:00,54.74684
CAISO SP15,USA,2024-02-21 15:00:00,2024-02-21 07:00:00,42.17198
CAISO SP15,USA,2024-02-21 16:00:00,2024-02-21 08:00:00,26.01623
CAISO SP15,USA,2024-02-21 17:00:00,2024-02-21 09:00:00,3.67506
CAISO SP15,USA,2024-02-21 18:00:00,2024-02-21 10:00:00,-1.56358
CAISO SP15,USA,2024-02-21 19:00:00,2024-02-21 11:00:00,-2.92071
CAISO SP15,USA,2024-02-21 20:00:00,2024-02-21 12:00:00,-4.37229
CAISO SP15,USA,2024-02-21 21:00:00,2024-02-21 13:00:00,-4.09738
CAISO SP15,USA,2024-02-21 22:00:00,2024-02-21 14:00:00,-3.65756
CAISO SP15,USA,2024-02-21 23:00:00,2024-02-21 15:00:00,2.19796
CAISO SP15,USA,2024-02-22 00:00:00,2024-02-21 16:00:00,38.43914
CAISO SP15,USA,2024-02-22 01:00:00,2024-02-21 17:00:00,49.70514
CAISO SP15,USA,2024-02-22 02:00:00,2024-02-21 18:00:00,49.84885
CAISO SP15,USA,2024-02-22 03:00:00,2024-02-21 19:00:00,49.61517
CAISO SP15,USA,2024-02-22 04:00:00,2024-02-21 20:00:00,49.68465
CAISO SP15,USA,2024-02-22 05:00:00,2024-02-21 21:00:00,48.90019
CAISO SP15,USA,2024-02-22 06:00:00,2024-02-21 22:00:00,43.53737
CAISO SP15,USA,2024-02-22 07:00:00,2024-02-21 23:00:00,41.52289
CAISO SP15,USA,2024-02-22 08:00:00,2024-02-22 00:00:00,34.22853
CAISO SP15,USA,2024-02-22 09:00:00,2024-02-22 01:00:00,34.40559
CAISO SP15,USA,2024-02-22 10:00:00,2024-02-22 02:00:00,33.96863
CAISO SP15,USA,2024-02-22 11:00:00,2024-02-22 03:00:00,34.27082
CAISO SP15,USA,2024-02-22 12:00:00,2024-02-22 04:00:00,40.67
CAISO SP15,USA,2024-02-22 13:00:00,2024-02-22 05:00:00,47.41377
CAISO SP15,USA,2024-02-22 14:00:00,2024-02-22 06:00:00,63.325
CAISO SP15,USA,2024-02-22 15:00:00,2024-02-22 07:00:00,43.56211
CAISO SP15,USA,2024-02-22 16:00:00,2024-02-22 08:00:00,11.95709
CAISO SP15,USA,2024-02-22 17:00:00,2024-02-22 09:00:00,1.4344
CAISO SP15,USA,2024-02-22 18:00:00,2024-02-22 10:00:00,-5.32868
CAISO SP15,USA,2024-02-22 19:00:00,2024-02-22 11:00:00,-7.3078
CAISO SP15,USA,2024-02-22 20:00:00,2024-02-22 12:00:00,-8.44353
CAISO SP15,USA,2024-02-22 21:00:00,2024-02-22 13:00:00,-8.0
CAISO SP15,USA,2024-02-22 22:00:00,2024-02-22 14:00:00,-7.46523
CAISO SP15,USA,2024-02-22 23:00:00,2024-02-22 15:00:00,0.18376
CAISO SP15,USA,2024-02-23 00:00:00,2024-02-22 16:00:00,39.26008
CAISO SP15,USA,2024-02-23 01:00:00,2024-02-22 17:00:00,59.92454
CAISO SP15,USA,2024-02-23 02:00:00,2024-02-22 18:00:00,61.44325
CAISO SP15,USA,2024-02-23 03:00:00,2024-02-22 19:00:00,58.41479
CAISO SP15,USA,2024-02-23 04:00:00,2024-02-22 20:00:00,58.52888
CAISO SP15,USA,2024-02-23 05:00:00,2024-02-22 21:00:00,57.67037
CAISO SP15,USA,2024-02-23 06:00:00,2024-02-22 22:00:00,47.96257
CAISO SP15,USA,2024-02-23 07:00:00,2024-02-22 23:00:00,42.79508
CAISO SP15,USA,2024-02-23 08:00:00,2024-02-23 00:00:00,39.40417
CAISO SP15,USA,2024-02-23 09:00:00,2024-02-23 01:00:00,37.40657
CAISO SP15,USA,2024-02-23 10:00:00,2024-02-23 02:00:00,34.98823
CAISO SP15,USA,2024-02-23 11:00:00,2024-02-23 03:00:00,35.14417
CAISO SP15,USA,2024-02-23 12:00:00,2024-02-23 04:00:00,38.69087
CAISO SP15,USA,2024-02-23 13:00:00,2024-02-23 05:00:00,44.44773
CAISO SP15,USA,2024-02-23 14:00:00,2024-02-23 06:00:00,53.9099
CAISO SP15,USA,2024-02-23 15:00:00,2024-02-23 07:00:00,45.09239
CAISO SP15,USA,2024-02-23 16:00:00,2024-02-23 08:00:00,26.47959
CAISO SP15,USA,2024-02-23 17:00:00,2024-02-23 09:00:00,12.18
CAISO SP15,USA,2024-02-23 18:00:00,2024-02-23 10:00:00,3.49943
CAISO SP15,USA,2024-02-23 19:00:00,2024-02-23 11:00:00,0.69497
CAISO SP15,USA,2024-02-23 20:00:00,2024-02-23 12:00:00,-0.90971
CAISO SP15,USA,2024-02-23 21:00:00,2024-02-23 13:00:00,-1.96832
CAISO SP15,USA,2024-02-23 22:00:00,2024-02-23 14:00:00,-0.67028
CAISO SP15,USA,2024-02-23 23:00:00,2024-02-23 15:00:00,10.73395
CAISO SP15,USA,2024-02-24 00:00:00,2024-02-23 16:00:00,38.91656
CAISO SP15,USA,2024-02-24 01:00:00,2024-02-23 17:00:00,53.73651
CAISO SP15,USA,2024-02-24 02:00:00,2024-02-23 18:00:00,53.26
CAISO SP15,USA,2024-02-24 03:00:00,2024-02-23 19:00:00,50.46068
CAISO SP15,USA,2024-02-24 04:00:00,2024-02-23 20:00:00,51.84206
CAISO SP15,USA,2024-02-24 05:00:00,2024-02-23 21:00:00,50.29235
CAISO SP15,USA,2024-02-24 06:00:00,2024-02-23 22:00:00,41.3325
CAISO SP15,USA,2024-02-24 07:00:00,2024-02-23 23:00:00,40.99583
CAISO SP15,USA,2024-02-24 08:00:00,2024-02-24 00:00:00,35.9526
CAISO SP15,USA,2024-02-24 09:00:00,2024-02-24 01:00:00,35.71495
CAISO SP15,USA,2024-02-24 10:00:00,2024-02-24 02:00:00,35.56518
CAISO SP15,USA,2024-02-24 11:00:00,2024-02-24 03:00:00,35.28066
CAISO SP15,USA,2024-02-24 12:00:00,2024-02-24 04:00:00,35.64569
CAISO SP15,USA,2024-02-24 13:00:00,2024-02-24 05:00:00,36.33646
CAISO SP15,USA,2024-02-24 14:00:00,2024-02-24 06:00:00,40.97852
CAISO SP15,USA,2024-02-24 15:00:00,2024-02-24 07:00:00,31.68012
CAISO SP15,USA,2024-02-24 16:00:00,2024-02-24 08:00:00,23.01451
CAISO SP15,USA,2024-02-24 17:00:00,2024-02-24 09:00:00,10.37563
CAISO SP15,USA,2024-02-24 18:00:00,2024-02-24 10:00:00,3.88366
CAISO SP15,USA,2024-02-24 19:00:00,2024-02-24 11:00:00,-0.67903
CAISO SP15,USA,2024-02-24 20:00:00,2024-02-24 12:00:00,-4.85364
CAISO SP15,USA,2024-02-24 21:00:00,2024-02-24 13:00:00,-6.39599
CAISO SP15,USA,2024-02-24 22:00:00,2024-02-24 14:00:00,-4.56325
CAISO SP15,USA,2024-02-24 23:00:00,2024-02-24 15:00:00,2.44292
CAISO SP15,USA,2024-02-25 00:00:00,2024-02-24 16:00:00,29.85539
CAISO SP15,USA,2024-02-25 01:00:00,2024-02-24 17:00:00,44.96839
CAISO SP15,USA,2024-02-25 02:00:00,2024-02-24 18:00:00,45.06097
CAISO SP15,USA,2024-02-25 03:00:00,2024-02-24 19:00:00,44.45743
CAISO SP15,USA,2024-02-25 04:00:00,2024-02-24 20:00:00,44.27715
CAISO SP15,USA,2024-02-25 05:00:00,2024-02-24 21:00:00,41.00021
CAISO SP15,USA,2024-02-25 06:00:00,2024-02-24 22:00:00,39.55385
CAISO SP15,USA,2024-02-25 07:00:00,2024-02-24 23:00:00,35.87979
CAISO SP15,USA,2024-02-25 08:00:00,2024-02-25 00:00:00,32.91904
CAISO SP15,USA,2024-02-25 09:00:00,2024-02-25 01:00:00,32.60561
CAISO SP15,USA,2024-02-25 10:00:00,2024-02-25 02:00:00,32.73093
CAISO SP15,USA,2024-02-25 11:00:00,2024-02-25 03:00:00,32.08584
CAISO SP15,USA,2024-02-25 12:00:00,2024-02-25 04:00:00,32.85838
CAISO SP15,USA,2024-02-25 13:00:00,2024-02-25 05:00:00,33.24181
CAISO SP15,USA,2024-02-25 14:00:00,2024-02-25 06:00:00,31.84045
CAISO SP15,USA,2024-02-25 15:00:00,2024-02-25 07:00:00,21.55105
CAISO SP15,USA,2024-02-25 16:00:00,2024-02-25 08:00:00,4.09528
CAISO SP15,USA,2024-02-25 17:00:00,2024-02-25 09:00:00,0.11544
CAISO SP15,USA,2024-02-25 18:00:00,2024-02-25 10:00:00,-3.99166
CAISO SP15,USA,2024-02-25 19:00:00,2024-02-25 11:00:00,-6.75805
CAISO SP15,USA,2024-02-25 20:00:00,2024-02-25 12:00:00,-10.70985
CAISO SP15,USA,2024-02-25 21:00:00,2024-02-25 13:00:00,-10.01895
CAISO SP15,USA,2024-02-25 22:00:00,2024-02-25 14:00:00,-2.04533
CAISO SP15,USA,2024-02-25 23:00:00,2024-02-25 15:00:00,1.71897
CAISO SP15,USA,2024-02-26 00:00:00,2024-02-25 16:00:00,31.8274
CAISO SP15,USA,2024-02-26 01:00:00,2024-02-25 17:00:00,40.86649
CAISO SP15,USA,2024-02-26 02:00:00,2024-02-25 18:00:00,41.7034
CAISO SP15,USA,2024-02-26 03:00:00,2024-02-25 19:00:00,41.15613
CAISO SP15,USA,2024-02-26 04:00:00,2024-02-25 20:00:00,40.69108
CAISO SP15,USA,2024-02-26 05:00:00,2024-02-25 21:00:00,40.13545
CAISO SP15,USA,2024-02-26 06:00:00,2024-02-25 22:00:00,35.68806
CAISO SP15,USA,2024-02-26 07:00:00,2024-02-25 23:00:00,31.25817
CAISO SP15,USA,2024-02-26 08:00:00,2024-02-26 00:00:00,30.0
CAISO SP15,USA,2024-02-26 09:00:00,2024-02-26 01:00:00,30.03236
CAISO SP15,USA,2024-02-26 10:00:00,2024-02-26 02:00:00,28.92227
CAISO SP15,USA,2024-02-26 11:00:00,2024-02-26 03:00:00,29.39085
CAISO SP15,USA,2024-02-26 12:00:00,2024-02-26 04:00:00,30.83438
CAISO SP15,USA,2024-02-26 13:00:00,2024-02-26 05:00:00,35.03279
CAISO SP15,USA,2024-02-26 14:00:00,2024-02-26 06:00:00,37.75594
CAISO SP15,USA,2024-02-26 15:00:00,2024-02-26 07:00:00,33.10302
CAISO SP15,USA,2024-02-26 16:00:00,2024-02-26 08:00:00,28.30652
CAISO SP15,USA,2024-02-26 17:00:00,2024-02-26 09:00:00,21.68478
CAISO SP15,USA,2024-02-26 18:00:00,2024-02-26 10:00:00,20.26683
CAISO SP15,USA,2024-02-26 19:00:00,2024-02-26 11:00:00,18.49503
CAISO SP15,USA,2024-02-26 20:00:00,2024-02-26 12:00:00,17.83393
CAISO SP15,USA,2024-02-26 21:00:00,2024-02-26 13:00:00,19.36624
CAISO SP15,USA,2024-02-26 22:00:00,2024-02-26 14:00:00,21.91012
CAISO SP15,USA,2024-02-26 23:00:00,2024-02-26 15:00:00,29.25177
CAISO SP15,USA,2024-02-27 00:00:00,2024-02-26 16:00:00,35.58927
CAISO SP15,USA,2024-02-27 01:00:00,2024-02-26 17:00:00,44.83072
CAISO SP15,USA,2024-02-27 02:00:00,2024-02-26 18:00:00,44.88835
CAISO SP15,USA,2024-02-27 03:00:00,2024-02-26 19:00:00,43.45921
CAISO SP15,USA,2024-02-27 04:00:00,2024-02-26 20:00:00,42.77412
CAISO SP15,USA,2024-02-27 05:00:00,2024-02-26 21:00:00,40.70345
CAISO SP15,USA,2024-02-27 06:00:00,2024-02-26 22:00:00,32.76862
CAISO SP15,USA,2024-02-27 07:00:00,2024-02-26 23:00:00,31.09838
CAISO SP15,USA,2024-02-27 08:00:00,2024-02-27 00:00:00,28.2881
CAISO SP15,USA,2024-02-27 09:00:00,2024-02-27 01:00:00,26.86644
CAISO SP15,USA,2024-02-27 10:00:00,2024-02-27 02:00:00,27.35349
CAISO SP15,USA,2024-02-27 11:00:00,2024-02-27 03:00:00,26.78231
CAISO SP15,USA,2024-02-27 12:00:00,2024-02-27 04:00:00,30.92313
CAISO SP15,USA,2024-02-27 13:00:00,2024-02-27 05:00:00,32.14784
CAISO SP15,USA,2024-02-27 14:00:00,2024-02-27 06:00:00,41.68355
CAISO SP15,USA,2024-02-27 15:00:00,2024-02-27 07:00:00,19.14
CAISO SP15,USA,2024-02-27 16:00:00,2024-02-27 08:00:00,-5.6836
CAISO SP15,USA,2024-02-27 17:00:00,2024-02-27 09:00:00,-28.0
CAISO SP15,USA,2024-02-27 18:00:00,2024-02-27 10:00:00,-28.0
CAISO SP15,USA,2024-02-27 19:00:00,2024-02-27 11:00:00,-30.0
CAISO SP15,USA,2024-02-27 20:00:00,2024-02-27 12:00:00,-30.0
CAISO SP15,USA,2024-02-27 21:00:00,2024-02-27 13:00:00,-30.0
CAISO SP15,USA,2024-02-27 22:00:00,2024-02-27 14:00:00,-31.01
CAISO SP15,USA,2024-02-27 23:00:00,2024-02-27 15:00:00,-30.0
CAISO SP15,USA,2024-02-28 00:00:00,2024-02-27 16:00:00,11.28
CAISO SP15,USA,2024-02-28 01:00:00,2024-02-27 17:00:00,32.32
CAISO SP15,USA,2024-02-28 02:00:00,2024-02-27 18:00:00,34.03
CAISO SP15,USA,2024-02-28 03:00:00,2024-02-27 19:00:00,33.72
CAISO SP15,USA,2024-02-28 04:00:00,2024-02-27 20:00:00,47.21957
CAISO SP15,USA,2024-02-28 05:00:00,2024-02-27 21:00:00,46.19113
CAISO SP15,USA,2024-02-28 06:00:00,2024-02-27 22:00:00,46.65776
CAISO SP15,USA,2024-02-28 07:00:00,2024-02-27 23:00:00,37.76064
CAISO SP15,USA,2024-02-28 08:00:00,2024-02-28 00:00:00,31.50004
CAISO SP15,USA,2024-02-28 09:00:00,2024-02-28 01:00:00,30.3564
CAISO SP15,USA,2024-02-28 10:00:00,2024-02-28 02:00:00,30.13387
CAISO SP15,USA,2024-02-28 11:00:00,2024-02-28 03:00:00,30.94331
CAISO SP15,USA,2024-02-28 12:00:00,2024-02-28 04:00:00,29.36493
CAISO SP15,USA,2024-02-28 13:00:00,2024-02-28 05:00:00,40.99234
CAISO SP15,USA,2024-02-28 14:00:00,2024-02-28 06:00:00,45.52815
CAISO SP15,USA,2024-02-28 15:00:00,2024-02-28 07:00:00,30.26401
CAISO SP15,USA,2024-02-28 16:00:00,2024-02-28 08:00:00,-3.87657
CAISO SP15,USA,2024-02-28 17:00:00,2024-02-28 09:00:00,-17.61576
CAISO SP15,USA,2024-02-28 18:00:00,2024-02-28 10:00:00,-20.08748
CAISO SP15,USA,2024-02-28 19:00:00,2024-02-28 11:00:00,-20.29938
CAISO SP15,USA,2024-02-28 20:00:00,2024-02-28 12:00:00,-20.90515
CAISO SP15,USA,2024-02-28 21:00:00,2024-02-28 13:00:00,-20.6001
CAISO SP15,USA,2024-02-28 22:00:00,2024-02-28 14:00:00,-20.2799
CAISO SP15,USA,2024-02-28 23:00:00,2024-02-28 15:00:00,-12.46242
CAISO SP15,USA,2024-02-29 00:00:00,2024-02-28 16:00:00,22.5668
CAISO SP15,USA,2024-02-29 01:00:00,2024-02-28 17:00:00,45.06441
CAISO SP15,USA,2024-02-29 02:00:00,2024-02-28 18:00:00,46.47807
CAISO SP15,USA,2024-02-29 03:00:00,2024-02-28 19:00:00,44.74035
CAISO SP15,USA,2024-02-29 04:00:00,2024-02-28 20:00:00,42.93634
CAISO SP15,USA,2024-02-29 05:00:00,2024-02-28 21:00:00,41.42881
CAISO SP15,USA,2024-02-29 06:00:00,2024-02-28 22:00:00,32.23181
CAISO SP15,USA,2024-02-29 07:00:00,2024-02-28 23:00:00,33.01324
CAISO SP15,USA,2024-02-29 08:00:00,2024-02-29 00:00:00,31.33083
CAISO SP15,USA,2024-02-29 09:00:00,2024-02-29 01:00:00,31.62669
CAISO SP15,USA,2024-02-29 10:00:00,2024-02-29 02:00:00,30.09684
CAISO SP15,USA,2024-02-29 11:00:00,2024-02-29 03:00:00,29.69444
CAISO SP15,USA,2024-02-29 12:00:00,2024-02-29 04:00:00,30.48848
CAISO SP15,USA,2024-02-29 13:00:00,2024-02-29 05:00:00,31.95163
CAISO SP15,USA,2024-02-29 14:00:00,2024-02-29 06:00:00,43.11411
CAISO SP15,USA,2024-02-29 15:00:00,2024-02-29 07:00:00,28.39986
CAISO SP15,USA,2024-02-29 16:00:00,2024-02-29 08:00:00,-5.71911
CAISO SP15,USA,2024-02-29 17:00:00,2024-02-29 09:00:00,-17.91268
CAISO SP15,USA,2024-02-29 18:00:00,2024-02-29 10:00:00,-20.01207
CAISO SP15,USA,2024-02-29 19:00:00,2024-02-29 11:00:00,-22.50304
CAISO SP15,USA,2024-02-29 20:00:00,2024-02-29 12:00:00,-23.15069
CAISO SP15,USA,2024-02-29 21:00:00,2024-02-29 13:00:00,-22.88
CAISO SP15,USA,2024-02-29 22:00:00,2024-02-29 14:00:00,-19.66327
CAISO SP15,USA,2024-02-29 23:00:00,2024-02-29 15:00:00,-13.123
CAISO SP15,USA,2024-03-01 00:00:00,2024-02-29 16:00:00,24.47993
CAISO SP15,USA,2024-03-01 01:00:00,2024-02-29 17:00:00,43.60503
CAISO SP15,USA,2024-03-01 02:00:00,2024-02-29 18:00:00,44.44384
CAISO SP15,USA,2024-03-01 03:00:00,2024-02-29 19:00:00,42.91024
CAISO SP15,USA,2024-03-01 04:00:00,2024-02-29 20:00:00,42.20593
CAISO SP15,USA,2024-03-01 05:00:00,2024-02-29 21:00:00,41.98504
CAISO SP15,USA,2024-03-01 06:00:00,2024-02-29 22:00:00,31.25024
CAISO SP15,USA,2024-03-01 07:00:00,2024-02-29 23:00:00,29.425
CAISO SP15,USA,2024-03-01 08:00:00,2024-03-01 00:00:00,29.11782
CAISO SP15,USA,2024-03-01 09:00:00,2024-03-01 01:00:00,28.75578
CAISO SP15,USA,2024-03-01 10:00:00,2024-03-01 02:00:00,28.59572
CAISO SP15,USA,2024-03-01 11:00:00,2024-03-01 03:00:00,28.63475
CAISO SP15,USA,2024-03-01 12:00:00,2024-03-01 04:00:00,29.76544
CAISO SP15,USA,2024-03-01 13:00:00,2024-03-01 05:00:00,40.17654
CAISO SP15,USA,2024-03-01 14:00:00,2024-03-01 06:00:00,38.35982
CAISO SP15,USA,2024-03-01 15:00:00,2024-03-01 07:00:00,17.27363
CAISO SP15,USA,2024-03-01 16:00:00,2024-03-01 08:00:00,-1.13256
CAISO SP15,USA,2024-03-01 17:00:00,2024-03-01 09:00:00,-12.0605
CAISO SP15,USA,2024-03-01 18:00:00,2024-03-01 10:00:00,-13.65048
CAISO SP15,USA,2024-03-01 19:00:00,2024-03-01 11:00:00,-14.58737
CAISO SP15,USA,2024-03-01 20:00:00,2024-03-01 12:00:00,-15.30466
CAISO SP15,USA,2024-03-01 21:00:00,2024-03-01 13:00:00,-15.17214
CAISO SP15,USA,2024-03-01 22:00:00,2024-03-01 14:00:00,-14.41842
CAISO SP15,USA,2024-03-01 23:00:00,2024-03-01 15:00:00,-6.68921
CAISO SP15,USA,2024-03-02 00:00:00,2024-03-01 16:00:00,32.20147
CAISO SP15,USA,2024-03-02 01:00:00,2024-03-01 17:00:00,45.43035
CAISO SP15,USA,2024-03-02 02:00:00,2024-03-01 18:00:00,46.84567
CAISO SP15,USA,2024-03-02 03:00:00,2024-03-01 19:00:00,43.04172
CAISO SP15,USA,2024-03-02 04:00:00,2024-03-01 20:00:00,43.00557
CAISO SP15,USA,2024-03-02 05:00:00,2024-03-01 21:00:00,43.00639
CAISO SP15,USA,2024-03-02 06:00:00,2024-03-01 22:00:00,39.70686
CAISO SP15,USA,2024-03-02 07:00:00,2024-03-01 23:00:00,37.44221
CAISO SP15,USA,2024-03-02 08:00:00,2024-03-02 00:00:00,32.3465
CAISO SP15,USA,2024-03-02 09:00:00,2024-03-02 01:00:00,31.59341
CAISO SP15,USA,2024-03-02 10:00:00,2024-03-02 02:00:00,31.65516
CAISO SP15,USA,2024-03-02 11:00:00,2024-03-02 03:00:00,31.60183
CAISO SP15,USA,2024-03-02 12:00:00,2024-03-02 04:00:00,31.67017
CAISO SP15,USA,2024-03-02 13:00:00,2024-03-02 05:00:00,32.68373
CAISO SP15,USA,2024-03-02 14:00:00,2024-03-02 06:00:00,32.05576
CAISO SP15,USA,2024-03-02 15:00:00,2024-03-02 07:00:00,8.50008
CAISO SP15,USA,2024-03-02 16:00:00,2024-03-02 08:00:00,-0.90751
CAISO SP15,USA,2024-03-02 17:00:00,2024-03-02 09:00:00,-2.79762
CAISO SP15,USA,2024-03-02 18:00:00,2024-03-02 10:00:00,-4.22054
CAISO SP15,USA,2024-03-02 19:00:00,2024-03-02 11:00:00,-5.42855
CAISO SP15,USA,2024-03-02 20:00:00,2024-03-02 12:00:00,-8.99088
CAISO SP15,USA,2024-03-02 21:00:00,2024-03-02 13:00:00,-11.57886
CAISO SP15,USA,2024-03-02 22:00:00,2024-03-02 14:00:00,-11.18844
CAISO SP15,USA,2024-03-02 23:00:00,2024-03-02 15:00:00,-3.22537
CAISO SP15,USA,2024-03-03 00:00:00,2024-03-02 16:00:00,18.89872
CAISO SP15,USA,2024-03-03 01:00:00,2024-03-02 17:00:00,41.69856
CAISO SP15,USA,2024-03-03 02:00:00,2024-03-02 18:00:00,44.38631
CAISO SP15,USA,2024-03-03 03:00:00,2024-03-02 19:00:00,41.95205
CAISO SP15,USA,2024-03-03 04:00:00,2024-03-02 20:00:00,41.63373
CAISO SP15,USA,2024-03-03 05:00:00,2024-03-02 21:00:00,41.39667
CAISO SP15,USA,2024-03-03 06:00:00,2024-03-02 22:00:00,38.60685
CAISO SP15,USA,2024-03-03 07:00:00,2024-03-02 23:00:00,37.34622
CAISO SP15,USA,2024-03-03 08:00:00,2024-03-03 00:00:00,37.14471
CAISO SP15,USA,2024-03-03 09:00:00,2024-03-03 01:00:00,32.95712
CAISO SP15,USA,2024-03-03 10:00:00,2024-03-03 02:00:00,33.04657
CAISO SP15,USA,2024-03-03 11:00:00,2024-03-03 03:00:00,33.15717
CAISO SP15,USA,2024-03-03 12:00:00,2024-03-03 04:00:00,32.66389
CAISO SP15,USA,2024-03-03 13:00:00,2024-03-03 05:00:00,32.94444
CAISO SP15,USA,2024-03-03 14:00:00,2024-03-03 06:00:00,32.35893
CAISO SP15,USA,2024-03-03 15:00:00,2024-03-03 07:00:00,-1.14636
CAISO SP15,USA,2024-03-03 16:00:00,2024-03-03 08:00:00,-28.88
CAISO SP15,USA,2024-03-03 17:00:00,2024-03-03 09:00:00,-41.93171
CAISO SP15,USA,2024-03-03 18:00:00,2024-03-03 10:00:00,-42.24542
CAISO SP15,USA,2024-03-03 19:00:00,2024-03-03 11:00:00,-44.4247
CAISO SP15,USA,2024-03-03 20:00:00,2024-03-03 12:00:00,-44.75239
CAISO SP15,USA,2024-03-03 21:00:00,2024-03-03 13:00:00,-45.0
CAISO SP15,USA,2024-03-03 22:00:00,2024-03-03 14:00:00,-44.37609
CAISO SP15,USA,2024-03-03 23:00:00,2024-03-03 15:00:00,-33.88
CAISO SP15,USA,2024-03-04 00:00:00,2024-03-03 16:00:00,-0.50303
CAISO SP15,USA,2024-03-04 01:00:00,2024-03-03 17:00:00,41.19517
CAISO SP15,USA,2024-03-04 02:00:00,2024-03-03 18:00:00,45.74832
CAISO SP15,USA,2024-03-04 03:00:00,2024-03-03 19:00:00,42.11298
CAISO SP15,USA,2024-03-04 04:00:00,2024-03-03 20:00:00,41.4586
CAISO SP15,USA,2024-03-04 05:00:00,2024-03-03 21:00:00,41.21969
CAISO SP15,USA,2024-03-04 06:00:00,2024-03-03 22:00:00,40.28895
CAISO SP15,USA,2024-03-04 07:00:00,2024-03-03 23:00:00,39.31779
CAISO SP15,USA,2024-03-04 08:00:00,2024-03-04 00:00:00,38.13701
CAISO SP15,USA,2024-03-04 09:00:00,2024-03-04 01:00:00,37.53248
CAISO SP15,USA,2024-03-04 10:00:00,2024-03-04 02:00:00,38.29361
CAISO SP15,USA,2024-03-04 11:00:00,2024-03-04 03:00:00,38.52326
CAISO SP15,USA,2024-03-04 12:00:00,2024-03-04 04:00:00,38.51641
CAISO SP15,USA,2024-03-04 13:00:00,2024-03-04 05:00:00,43.27998
CAISO SP15,USA,2024-03-04 14:00:00,2024-03-04 06:00:00,44.11215
CAISO SP15,USA,2024-03-04 15:00:00,2024-03-04 07:00:00,20.0
CAISO SP15,USA,2024-03-04 16:00:00,2024-03-04 08:00:00,-18.91067
CAISO SP15,USA,2024-03-04 17:00:00,2024-03-04 09:00:00,-31.00416
CAISO SP15,USA,2024-03-04 18:00:00,2024-03-04 10:00:00,-34.0
CAISO SP15,USA,2024-03-04 19:00:00,2024-03-04 11:00:00,-34.71276
CAISO SP15,USA,2024-03-04 20:00:00,2024-03-04 12:00:00,-33.39579
CAISO SP15,USA,2024-03-04 21:00:00,2024-03-04 13:00:00,-33.21717
CAISO SP15,USA,2024-03-04 22:00:00,2024-03-04 14:00:00,-32.0534
CAISO SP15,USA,2024-03-04 23:00:00,2024-03-04 15:00:00,-20.37877
CAISO SP15,USA,2024-03-05 00:00:00,2024-03-04 16:00:00,10.72873
CAISO SP15,USA,2024-03-05 01:00:00,2024-03-04 17:00:00,49.08096
CAISO SP15,USA,2024-03-05 02:00:00,2024-03-04 18:00:00,55.68506
CAISO SP15,USA,2024-03-05 03:00:00,2024-03-04 19:00:00,54.73082
CAISO SP15,USA,2024-03-05 04:00:00,2024-03-04 20:00:00,53.17315
CAISO SP15,USA,2024-03-05 05:00:00,2024-03-04 21:00:00,49.88405
CAISO SP15,USA,2024-03-05 06:00:00,2024-03-04 22:00:00,48.43333
CAISO SP15,USA,2024-03-05 07:00:00,2024-03-04 23:00:00,45.47435
CAISO SP15,USA,2024-03-05 08:00:00,2024-03-05 00:00:00,39.90668
CAISO SP15,USA,2024-03-05 09:00:00,2024-03-05 01:00:00,38.62294
CAISO SP15,USA,2024-03-05 10:00:00,2024-03-05 02:00:00,38.55055
CAISO SP15,USA,2024-03-05 11:00:00,2024-03-05 03:00:00,38.6475
CAISO SP15,USA,2024-03-05 12:00:00,2024-03-05 04:00:00,40.80548
CAISO SP15,USA,2024-03-05 13:00:00,2024-03-05 05:00:00,49.62294
CAISO SP15,USA,2024-03-05 14:00:00,2024-03-05 06:00:00,56.27511
CAISO SP15,USA,2024-03-05 15:00:00,2024-03-05 07:00:00,18.89252
CAISO SP15,USA,2024-03-05 16:00:00,2024-03-05 08:00:00,-14.48476
CAISO SP15,USA,2024-03-05 17:00:00,2024-03-05 09:00:00,-23.65619
CAISO SP15,USA,2024-03-05 18:00:00,2024-03-05 10:00:00,-25.21714
CAISO SP15,USA,2024-03-05 19:00:00,2024-03-05 11:00:00,-26.74051
CAISO SP15,USA,2024-03-05 20:00:00,2024-03-05 12:00:00,-26.66984
CAISO SP15,USA,2024-03-05 21:00:00,2024-03-05 13:00:00,-25.08681
CAISO SP15,USA,2024-03-05 22:00:00,2024-03-05 14:00:00,-25.15408
CAISO SP15,USA,2024-03-05 23:00:00,2024-03-05 15:00:00,-18.22616
CAISO SP15,USA,2024-03-06 00:00:00,2024-03-05 16:00:00,8.4826
CAISO SP15,USA,2024-03-06 01:00:00,2024-03-05 17:00:00,52.50681
CAISO SP15,USA,2024-03-06 02:00:00,2024-03-05 18:00:00,57.27168
CAISO SP15,USA,2024-03-06 03:00:00,2024-03-05 19:00:00,55.04298
CAISO SP15,USA,2024-03-06 04:00:00,2024-03-05 20:00:00,53.76085
CAISO SP15,USA,2024-03-06 05:00:00,2024-03-05 21:00:00,53.17843
CAISO SP15,USA,2024-03-06 06:00:00,2024-03-05 22:00:00,48.91636
CAISO SP15,USA,2024-03-06 07:00:00,2024-03-05 23:00:00,42.08229
CAISO SP15,USA,2024-03-06 08:00:00,2024-03-06 00:00:00,40.93508
CAISO SP15,USA,2024-03-06 09:00:00,2024-03-06 01:00:00,36.86647
CAISO SP15,USA,2024-03-06 10:00:00,2024-03-06 02:00:00,36.14592
CAISO SP15,USA,2024-03-06 11:00:00,2024-03-06 03:00:00,39.16162
CAISO SP15,USA,2024-03-06 12:00:00,2024-03-06 04:00:00,44.34354
CAISO SP15,USA,2024-03-06 13:00:00,2024-03-06 05:00:00,51.75507
CAISO SP15,USA,2024-03-06 14:00:00,2024-03-06 06:00:00,57.37887
CAISO SP15,USA,2024-03-06 15:00:00,2024-03-06 07:00:00,28.58845
CAISO SP15,USA,2024-03-06 16:00:00,2024-03-06 08:00:00,5.4709
CAISO SP15,USA,2024-03-06 17:00:00,2024-03-06 09:00:00,-2.58186
CAISO SP15,USA,2024-03-06 18:00:00,2024-03-06 10:00:00,-4.31612
CAISO SP15,USA,2024-03-06 19:00:00,2024-03-06 11:00:00,-5.99344
CAISO SP15,USA,2024-03-06 20:00:00,2024-03-06 12:00:00,-5.72904
CAISO SP15,USA,2024-03-06 21:00:00,2024-03-06 13:00:00,-6.94403
CAISO SP15,USA,2024-03-06 22:00:00,2024-03-06 14:00:00,-0.85963
CAISO SP15,USA,2024-03-06 23:00:00,2024-03-06 15:00:00,14.36363
CAISO SP15,USA,2024-03-07 00:00:00,2024-03-06 16:00:00,34.77589
CAISO SP15,USA,2024-03-07 01:00:00,2024-03-06 17:00:00,50.93918
CAISO SP15,USA,2024-03-07 02:00:00,2024-03-06 18:00:00,51.80571
CAISO SP15,USA,2024-03-07 03:00:00,2024-03-06 19:00:00,51.67441
CAISO SP15,USA,2024-03-07 04:00:00,2024-03-06 20:00:00,50.91286
CAISO SP15,USA,2024-03-07 05:00:00,2024-03-06 21:00:00,50.3624
CAISO SP15,USA,2024-03-07 06:00:00,2024-03-06 22:00:00,41.00047
CAISO SP15,USA,2024-03-07 07:00:00,2024-03-06 23:00:00,38.51917
CAISO SP15,USA,2024-03-07 08:00:00,2024-03-07 00:00:00,36.03323
CAISO SP15,USA,2024-03-07 09:00:00,2024-03-07 01:00:00,35.6648
CAISO SP15,USA,2024-03-07 10:00:00,2024-03-07 02:00:00,33.50169
CAISO SP15,USA,2024-03-07 11:00:00,2024-03-07 03:00:00,33.1976
CAISO SP15,USA,2024-03-07 12:00:00,2024-03-07 04:00:00,35.75861
CAISO SP15,USA,2024-03-07 13:00:00,2024-03-07 05:00:00,37.35097
CAISO SP15,USA,2024-03-07 14:00:00,2024-03-07 06:00:00,48.31432
CAISO SP15,USA,2024-03-07 15:00:00,2024-03-07 07:00:00,20.01955
CAISO SP15,USA,2024-03-07 16:00:00,2024-03-07 08:00:00,-10.0
CAISO SP15,USA,2024-03-07 17:00:00,2024-03-07 09:00:00,-20.68559
CAISO SP15,USA,2024-03-07 18:00:00,2024-03-07 10:00:00,-25.23957
CAISO SP15,USA,2024-03-07 19:00:00,2024-03-07 11:00:00,-26.70207
CAISO SP15,USA,2024-03-07 20:00:00,2024-03-07 12:00:00,-27.77334
CAISO SP15,USA,2024-03-07 21:00:00,2024-03-07 13:00:00,-29.93232
CAISO SP15,USA,2024-03-07 22:00:00,2024-03-07 14:00:00,-28.01491
CAISO SP15,USA,2024-03-07 23:00:00,2024-03-07 15:00:00,-25.08138
CAISO SP15,USA,2024-03-08 00:00:00,2024-03-07 16:00:00,-3.50616
CAISO SP15,USA,2024-03-08 01:00:00,2024-03-07 17:00:00,44.41186
CAISO SP15,USA,2024-03-08 02:00:00,2024-03-07 18:00:00,45.36471
CAISO SP15,USA,2024-03-08 03:00:00,2024-03-07 19:00:00,45.79929
CAISO SP15,USA,2024-03-08 04:00:00,2024-03-07 20:00:00,45.0
CAISO SP15,USA,2024-03-08 05:00:00,2024-03-07 21:00:00,44.50919
CAISO SP15,USA,2024-03-08 06:00:00,2024-03-07 22:00:00,35.215
CAISO SP15,USA,2024-03-08 07:00:00,2024-03-07 23:00:00,31.69235
CAISO SP15,USA,2024-03-08 08:00:00,2024-03-08 00:00:00,37.91191
CAISO SP15,USA,2024-03-08 09:00:00,2024-03-08 01:00:00,37.6866
CAISO SP15,USA,2024-03-08 10:00:00,2024-03-08 02:00:00,37.34367
CAISO SP15,USA,2024-03-08 11:00:00,2024-03-08 03:00:00,39.06577
CAISO SP15,USA,2024-03-08 12:00:00,2024-03-08 04:00:00,48.93911
CAISO SP15,USA,2024-03-08 13:00:00,2024-03-08 05:00:00,55.75051
CAISO SP15,USA,2024-03-08 14:00:00,2024-03-08 06:00:00,55.18813
CAISO SP15,USA,2024-03-08 15:00:00,2024-03-08 07:00:00,22.76649
CAISO SP15,USA,2024-03-08 16:00:00,2024-03-08 08:00:00,-16.33239
CAISO SP15,USA,2024-03-08 17:00:00,2024-03-08 09:00:00,-29.12321
CAISO SP15,USA,2024-03-08 18:00:00,2024-03-08 10:00:00,-34.13782
CAISO SP15,USA,2024-03-08 19:00:00,2024-03-08 11:00:00,-35.80758
CAISO SP15,USA,2024-03-08 20:00:00,2024-03-08 12:00:00,-36.45356
CAISO SP15,USA,2024-03-08 21:00:00,2024-03-08 13:00:00,-36.08
CAISO SP15,USA,2024-03-08 22:00:00,2024-03-08 14:00:00,-35.18236
CAISO SP15,USA,2024-03-08 23:00:00,2024-03-08 15:00:00,-29.16177
CAISO SP15,USA,2024-03-09 00:00:00,2024-03-08 16:00:00,-1.15098
CAISO SP15,USA,2024-03-09 01:00:00,2024-03-08 17:00:00,52.13991
CAISO SP15,USA,2024-03-09 02:00:00,2024-03-08 18:00:00,56.99393
CAISO SP15,USA,2024-03-09 03:00:00,2024-03-08 19:00:00,52.6737
CAISO SP15,USA,2024-03-09 04:00:00,2024-03-08 20:00:00,52.03872
CAISO SP15,USA,2024-03-09 05:00:00,2024-03-08 21:00:00,51.46787
CAISO SP15,USA,2024-03-09 06:00:00,2024-03-08 22:00:00,49.28699
CAISO SP15,USA,2024-03-09 07:00:00,2024-03-08 23:00:00,42.60666
CAISO SP15,USA,2024-03-09 08:00:00,2024-03-09 00:00:00,41.84298
CAISO SP15,USA,2024-03-09 09:00:00,2024-03-09 01:00:00,40.01569
CAISO SP15,USA,2024-03-09 10:00:00,2024-03-09 02:00:00,39.71152
CAISO SP15,USA,2024-03-09 11:00:00,2024-03-09 03:00:00,37.75957
CAISO SP15,USA,2024-03-09 12:00:00,2024-03-09 04:00:00,39.33879
CAISO SP15,USA,2024-03-09 13:00:00,2024-03-09 05:00:00,44.28945
CAISO SP15,USA,2024-03-09 14:00:00,2024-03-09 06:00:00,47.48197
CAISO SP15,USA,2024-03-09 15:00:00,2024-03-09 07:00:00,17.22814
CAISO SP15,USA,2024-03-09 16:00:00,2024-03-09 08:00:00,-15.97121
CAISO SP15,USA,2024-03-09 17:00:00,2024-03-09 09:00:00,-27.97094
CAISO SP15,USA,2024-03-09 18:00:00,2024-03-09 10:00:00,-34.03089
CAISO SP15,USA,2024-03-09 19:00:00,2024-03-09 11:00:00,-34.60566
CAISO SP15,USA,2024-03-09 20:00:00,2024-03-09 12:00:00,-34.71607
CAISO SP15,USA,2024-03-09 21:00:00,2024-03-09 13:00:00,-34.21
CAISO SP15,USA,2024-03-09 22:00:00,2024-03-09 14:00:00,-34.07911
CAISO SP15,USA,2024-03-09 23:00:00,2024-03-09 15:00:00,-24.0209
CAISO SP15,USA,2024-03-10 00:00:00,2024-03-09 16:00:00,16.83825
CAISO SP15,USA,2024-03-10 01:00:00,2024-03-09 17:00:00,46.29879
CAISO SP15,USA,2024-03-10 02:00:00,2024-03-09 18:00:00,47.14575
CAISO SP15,USA,2024-03-10 03:00:00,2024-03-09 19:00:00,47.10702
CAISO SP15,USA,2024-03-10 04:00:00,2024-03-09 20:00:00,46.25694
CAISO SP15,USA,2024-03-10 05:00:00,2024-03-09 21:00:00,45.90039
CAISO SP15,USA,2024-03-10 06:00:00,2024-03-09 22:00:00,41.54409
CAISO SP15,USA,2024-03-10 07:00:00,2024-03-09 23:00:00,39.31673
CAISO SP15,USA,2024-03-10 08:00:00,2024-03-10 00:00:00,46.28904
CAISO SP15,USA,2024-03-10 09:00:00,2024-03-10 01:00:00,45.82564
CAISO SP15,USA,2024-03-10 10:00:00,2024-03-10 02:00:00,41.83939
CAISO SP15,USA,2024-03-10 11:00:00,2024-03-10 03:00:00,41.44108
CAISO SP15,USA,2024-03-10 12:00:00,2024-03-10 04:00:00,39.42052
CAISO SP15,USA,2024-03-10 13:00:00,2024-03-10 05:00:00,43.71468
CAISO SP15,USA,2024-03-10 14:00:00,2024-03-10 06:00:00,42.48
CAISO SP15,USA,2024-03-10 15:00:00,2024-03-10 07:00:00,12.03285
CAISO SP15,USA,2024-03-10 16:00:00,2024-03-10 08:00:00,-12.07858
CAISO SP15,USA,2024-03-10 17:00:00,2024-03-10 09:00:00,-19.0
CAISO SP15,USA,2024-03-10 18:00:00,2024-03-10 10:00:00,-22.62124
CAISO SP15,USA,2024-03-10 19:00:00,2024-03-10 11:00:00,-22.46096
CAISO SP15,USA,2024-03-10 20:00:00,2024-03-10 12:00:00,-20.75215
CAISO SP15,USA,2024-03-10 21:00:00,2024-03-10 13:00:00,-19.30863
CAISO SP15,USA,2024-03-10 22:00:00,2024-03-10 14:00:00,-16.80321
CAISO SP15,USA,2024-03-10 23:00:00,2024-03-10 15:00:00,-0.39033
CAISO SP15,USA,2024-03-11 00:00:00,2024-03-10 16:00:00,18.71688
CAISO SP15,USA,2024-03-11 01:00:00,2024-03-10 17:00:00,42.49078
CAISO SP15,USA,2024-03-11 02:00:00,2024-03-10 18:00:00,45.68955
CAISO SP15,USA,2024-03-11 03:00:00,2024-03-10 19:00:00,45.53742
CAISO SP15,USA,2024-03-11 04:00:00,2024-03-10 20:00:00,43.20125
CAISO SP15,USA,2024-03-11 05:00:00,2024-03-10 21:00:00,42.42454
CAISO SP15,USA,2024-03-11 06:00:00,2024-03-10 22:00:00,41.2332
CAISO SP15,USA,2024-03-11 07:00:00,2024-03-10 23:00:00,33.73166
CAISO SP15,USA,2024-03-11 08:00:00,2024-03-11 00:00:00,32.98294
CAISO SP15,USA,2024-03-11 09:00:00,2024-03-11 01:00:00,30.968
CAISO SP15,USA,2024-03-11 10:00:00,2024-03-11 02:00:00,30.56111
CAISO SP15,USA,2024-03-11 11:00:00,2024-03-11 03:00:00,31.08998
CAISO SP15,USA,2024-03-11 12:00:00,2024-03-11 04:00:00,35.7454
CAISO SP15,USA,2024-03-11 13:00:00,2024-03-11 05:00:00,53.19347
CAISO SP15,USA,2024-03-11 14:00:00,2024-03-11 06:00:00,55.32025
CAISO SP15,USA,2024-03-11 15:00:00,2024-03-11 07:00:00,23.46813
CAISO SP15,USA,2024-03-11 16:00:00,2024-03-11 08:00:00,-5.35244
CAISO SP15,USA,2024-03-11 17:00:00,2024-03-11 09:00:00,-18.64968
CAISO SP15,USA,2024-03-11 18:00:00,2024-03-11 10:00:00,-30.0
CAISO SP15,USA,2024-03-11 19:00:00,2024-03-11 11:00:00,-30.42482
CAISO SP15,USA,2024-03-11 20:00:00,2024-03-11 12:00:00,-34.05944
CAISO SP15,USA,2024-03-11 21:00:00,2024-03-11 13:00:00,-34.56796
CAISO SP15,USA,2024-03-11 22:00:00,2024-03-11 14:00:00,-32.6464
CAISO SP15,USA,2024-03-11 23:00:00,2024-03-11 15:00:00,-19.41263
CAISO SP15,USA,2024-03-12 00:00:00,2024-03-11 16:00:00,5.25841
CAISO SP15,USA,2024-03-12 01:00:00,2024-03-11 17:00:00,42.63166
CAISO SP15,USA,2024-03-12 02:00:00,2024-03-11 18:00:00,46.82287
CAISO SP15,USA,2024-03-12 03:00:00,2024-03-11 19:00:00,45.0075
CAISO SP15,USA,2024-03-12 04:00:00,2024-03-11 20:00:00,43.62347
CAISO SP15,USA,2024-03-12 05:00:00,2024-03-11 21:00:00,40.16144
CAISO SP15,USA,2024-03-12 06:00:00,2024-03-11 22:00:00,37.10548
CAISO SP15,USA,2024-03-12 07:00:00,2024-03-11 23:00:00,27.20238
CAISO SP15,USA,2024-03-12 08:00:00,2024-03-12 00:00:00,27.57862
CAISO SP15,USA,2024-03-12 09:00:00,2024-03-12 01:00:00,27.18983
CAISO SP15,USA,2024-03-12 10:00:00,2024-03-12 02:00:00,27.19346
CAISO SP15,USA,2024-03-12 11:00:00,2024-03-12 03:00:00,28.30683
CAISO SP15,USA,2024-03-12 12:00:00,2024-03-12 04:00:00,31.45939
CAISO SP15,USA,2024-03-12 13:00:00,2024-03-12 05:00:00,43.6115
CAISO SP15,USA,2024-03-12 14:00:00,2024-03-12 06:00:00,43.25878
CAISO SP15,USA,2024-03-12 15:00:00,2024-03-12 07:00:00,19.65
CAISO SP15,USA,2024-03-12 16:00:00,2024-03-12 08:00:00,3.38032
CAISO SP15,USA,2024-03-12 17:00:00,2024-03-12 09:00:00,-9.39785
CAISO SP15,USA,2024-03-12 18:00:00,2024-03-12 10:00:00,-14.62454
CAISO SP15,USA,2024-03-12 19:00:00,2024-03-12 11:00:00,-16.51239
CAISO SP15,USA,2024-03-12 20:00:00,2024-03-12 12:00:00,-20.60866
CAISO SP15,USA,2024-03-12 21:00:00,2024-03-12 13:00:00,-22.46479
CAISO SP15,USA,2024-03-12 22:00:00,2024-03-12 14:00:00,-20.67119
CAISO SP15,USA,2024-03-12 23:00:00,2024-03-12 15:00:00,-11.45963
CAISO SP15,USA,2024-03-13 00:00:00,2024-03-12 16:00:00,13.20869
CAISO SP15,USA,2024-03-13 01:00:00,2024-03-12 17:00:00,40.71569
CAISO SP15,USA,2024-03-13 02:00:00,2024-03-12 18:00:00,46.06337
CAISO SP15,USA,2024-03-13 03:00:00,2024-03-12 19:00:00,45.58403
CAISO SP15,USA,2024-03-13 04:00:00,2024-03-12 20:00:00,42.43713
CAISO SP15,USA,2024-03-13 05:00:00,2024-03-12 21:00:00,35.03279
CAISO SP15,USA,2024-03-13 06:00:00,2024-03-12 22:00:00,29.6957
CAISO SP15,USA,2024-03-13 07:00:00,2024-03-12 23:00:00,25.26335
CAISO SP15,USA,2024-03-13 08:00:00,2024-03-13 00:00:00,22.72205
CAISO SP15,USA,2024-03-13 09:00:00,2024-03-13 01:00:00,23.89644
CAISO SP15,USA,2024-03-13 10:00:00,2024-03-13 02:00:00,23.87506
CAISO SP15,USA,2024-03-13 11:00:00,2024-03-13 03:00:00,25.59195
CAISO SP15,USA,2024-03-13 12:00:00,2024-03-13 04:00:00,34.40624
CAISO SP15,USA,2024-03-13 13:00:00,2024-03-13 05:00:00,41.38081
CAISO SP15,USA,2024-03-13 14:00:00,2024-03-13 06:00:00,42.25293
CAISO SP15,USA,2024-03-13 15:00:00,2024-03-13 07:00:00,18.54002
CAISO SP15,USA,2024-03-13 16:00:00,2024-03-13 08:00:00,-15.77836
CAISO SP15,USA,2024-03-13 17:00:00,2024-03-13 09:00:00,-30.1776
CAISO SP15,USA,2024-03-13 18:00:00,2024-03-13 10:00:00,-32.31285
CAISO SP15,USA,2024-03-13 19:00:00,2024-03-13 11:00:00,-35.86657
CAISO SP15,USA,2024-03-13 20:00:00,2024-03-13 12:00:00,-37.19783
CAISO SP15,USA,2024-03-13 21:00:00,2024-03-13 13:00:00,-37.19922
CAISO SP15,USA,2024-03-13 22:00:00,2024-03-13 14:00:00,-35.81847
CAISO SP15,USA,2024-03-13 23:00:00,2024-03-13 15:00:00,-40.0
CAISO SP15,USA,2024-03-14 00:00:00,2024-03-13 16:00:00,-6.40641
CAISO SP15,USA,2024-03-14 01:00:00,2024-03-13 17:00:00,37.49676
CAISO SP15,USA,2024-03-14 02:00:00,2024-03-13 18:00:00,40.97582
CAISO SP15,USA,2024-03-14 03:00:00,2024-03-13 19:00:00,42.07277
CAISO SP15,USA,2024-03-14 04:00:00,2024-03-13 20:00:00,37.90502
CAISO SP15,USA,2024-03-14 05:00:00,2024-03-13 21:00:00,36.36567
CAISO SP15,USA,2024-03-14 06:00:00,2024-03-13 22:00:00,37.2524
CAISO SP15,USA,2024-03-14 07:00:00,2024-03-13 23:00:00,38.7352
CAISO SP15,USA,2024-03-14 08:00:00,2024-03-14 00:00:00,38.79074
CAISO SP15,USA,2024-03-14 09:00:00,2024-03-14 01:00:00,32.35893
CAISO SP15,USA,2024-03-14 10:00:00,2024-03-14 02:00:00,38.5286
CAISO SP15,USA,2024-03-14 11:00:00,2024-03-14 03:00:00,37.1634
CAISO SP15,USA,2024-03-14 12:00:00,2024-03-14 04:00:00,39.5843
CAISO SP15,USA,2024-03-14 13:00:00,2024-03-14 05:00:00,48.99087
CAISO SP15,USA,2024-03-14 14:00:00,2024-03-14 06:00:00,45.77791
CAISO SP15,USA,2024-03-14 15:00:00,2024-03-14 07:00:00,21.90613
CAISO SP15,USA,2024-03-14 16:00:00,2024-03-14 08:00:00,-15.26442
CAISO SP15,USA,2024-03-14 17:00:00,2024-03-14 09:00:00,-27.82454
CAISO SP15,USA,2024-03-14 18:00:00,2024-03-14 10:00:00,-31.40386
CAISO SP15,USA,2024-03-14 19:00:00,2024-03-14 11:00:00,-32.61995
CAISO SP15,USA,2024-03-14 20:00:00,2024-03-14 12:00:00,-33.93154
CAISO SP15,USA,2024-03-14 21:00:00,2024-03-14 13:00:00,-32.44507
CAISO SP15,USA,2024-03-14 22:00:00,2024-03-14 14:00:00,-28.7192
CAISO SP15,USA,2024-03-14 23:00:00,2024-03-14 15:00:00,-20.44998
CAISO SP15,USA,2024-03-15 00:00:00,2024-03-14 16:00:00,10.79184
CAISO SP15,USA,2024-03-15 01:00:00,2024-03-14 17:00:00,40.48426
CAISO SP15,USA,2024-03-15 02:00:00,2024-03-14 18:00:00,46.90475
CAISO SP15,USA,2024-03-15 03:00:00,2024-03-14 19:00:00,44.66001
CAISO SP15,USA,2024-03-15 04:00:00,2024-03-14 20:00:00,43.26235
CAISO SP15,USA,2024-03-15 05:00:00,2024-03-14 21:00:00,39.26274
CAISO SP15,USA,2024-03-15 06:00:00,2024-03-14 22:00:00,37.05542
CAISO SP15,USA,2024-03-15 07:00:00,2024-03-14 23:00:00,30.39073
CAISO SP15,USA,2024-03-15 08:00:00,2024-03-15 00:00:00,29.73354
CAISO SP15,USA,2024-03-15 09:00:00,2024-03-15 01:00:00,30.20186
CAISO SP15,USA,2024-03-15 10:00:00,2024-03-15 02:00:00,29.38661
CAISO SP15,USA,2024-03-15 11:00:00,2024-03-15 03:00:00,29.54245
CAISO SP15,USA,2024-03-15 12:00:00,2024-03-15 04:00:00,34.94314
CAISO SP15,USA,2024-03-15 13:00:00,2024-03-15 05:00:00,49.38071
CAISO SP15,USA,2024-03-15 14:00:00,2024-03-15 06:00:00,50.1372
CAISO SP15,USA,2024-03-15 15:00:00,2024-03-15 07:00:00,35.60629
CAISO SP15,USA,2024-03-15 16:00:00,2024-03-15 08:00:00,19.65472
CAISO SP15,USA,2024-03-15 17:00:00,2024-03-15 09:00:00,7.12304
CAISO SP15,USA,2024-03-15 18:00:00,2024-03-15 10:00:00,1.52976
CAISO SP15,USA,2024-03-15 19:00:00,2024-03-15 11:00:00,-0.18727
CAISO SP15,USA,2024-03-15 20:00:00,2024-03-15 12:00:00,0.66624
CAISO SP15,USA,2024-03-15 21:00:00,2024-03-15 13:00:00,3.27372
CAISO SP15,USA,2024-03-15 22:00:00,2024-03-15 14:00:00,8.38114
CAISO SP15,USA,2024-03-15 23:00:00,2024-03-15 15:00:00,13.82922
CAISO SP15,USA,2024-03-16 00:00:00,2024-03-15 16:00:00,33.83668
CAISO SP15,USA,2024-03-16 01:00:00,2024-03-15 17:00:00,46.54457
CAISO SP15,USA,2024-03-16 02:00:00,2024-03-15 18:00:00,48.25412
CAISO SP15,USA,2024-03-16 03:00:00,2024-03-15 19:00:00,47.76617
CAISO SP15,USA,2024-03-16 04:00:00,2024-03-15 20:00:00,46.62185
CAISO SP15,USA,2024-03-16 05:00:00,2024-03-15 21:00:00,45.12852
CAISO SP15,USA,2024-03-16 06:00:00,2024-03-15 22:00:00,39.48746
CAISO SP15,USA,2024-03-16 07:00:00,2024-03-15 23:00:00,47.0531
CAISO SP15,USA,2024-03-16 08:00:00,2024-03-16 00:00:00,43.3434
CAISO SP15,USA,2024-03-16 09:00:00,2024-03-16 01:00:00,39.66601
CAISO SP15,USA,2024-03-16 10:00:00,2024-03-16 02:00:00,39.94321
CAISO SP15,USA,2024-03-16 11:00:00,2024-03-16 03:00:00,38.10472
CAISO SP15,USA,2024-03-16 12:00:00,2024-03-16 04:00:00,45.95242
CAISO SP15,USA,2024-03-16 13:00:00,2024-03-16 05:00:00,49.02957
CAISO SP15,USA,2024-03-16 14:00:00,2024-03-16 06:00:00,47.52901
CAISO SP15,USA,2024-03-16 15:00:00,2024-03-16 07:00:00,28.63
CAISO SP15,USA,2024-03-16 16:00:00,2024-03-16 08:00:00,13.34077
CAISO SP15,USA,2024-03-16 17:00:00,2024-03-16 09:00:00,-11.89123
CAISO SP15,USA,2024-03-16 18:00:00,2024-03-16 10:00:00,-15.0
CAISO SP15,USA,2024-03-16 19:00:00,2024-03-16 11:00:00,-15.01126
CAISO SP15,USA,2024-03-16 20:00:00,2024-03-16 12:00:00,-15.18304
CAISO SP15,USA,2024-03-16 21:00:00,2024-03-16 13:00:00,-16.45177
CAISO SP15,USA,2024-03-16 22:00:00,2024-03-16 14:00:00,-12.09877
CAISO SP15,USA,2024-03-16 23:00:00,2024-03-16 15:00:00,-2.55607
CAISO SP15,USA,2024-03-17 00:00:00,2024-03-16 16:00:00,28.69658
CAISO SP15,USA,2024-03-17 01:00:00,2024-03-16 17:00:00,44.46766
CAISO SP15,USA,2024-03-17 02:00:00,2024-03-16 18:00:00,45.73866
CAISO SP15,USA,2024-03-17 03:00:00,2024-03-16 19:00:00,46.32508
CAISO SP15,USA,2024-03-17 04:00:00,2024-03-16 20:00:00,46.38469
CAISO SP15,USA,2024-03-17 05:00:00,2024-03-16 21:00:00,41.84897
CAISO SP15,USA,2024-03-17 06:00:00,2024-03-16 22:00:00,36.60396
CAISO SP15,USA,2024-03-17 07:00:00,2024-03-16 23:00:00,33.30055
CAISO SP15,USA,2024-03-17 08:00:00,2024-03-17 00:00:00,32.43042
CAISO SP15,USA,2024-03-17 09:00:00,2024-03-17 01:00:00,32.05492
CAISO SP15,USA,2024-03-17 10:00:00,2024-03-17 02:00:00,32.28028
CAISO SP15,USA,2024-03-17 11:00:00,2024-03-17 03:00:00,32.14106
CAISO SP15,USA,2024-03-17 12:00:00,2024-03-17 04:00:00,33.10495
CAISO SP15,USA,2024-03-17 13:00:00,2024-03-17 05:00:00,34.45813
CAISO SP15,USA,2024-03-17 14:00:00,2024-03-17 06:00:00,31.63687
CAISO SP15,USA,2024-03-17 15:00:00,2024-03-17 07:00:00,8.25009
CAISO SP15,USA,2024-03-17 16:00:00,2024-03-17 08:00:00,-21.60171
CAISO SP15,USA,2024-03-17 17:00:00,2024-03-17 09:00:00,-42.19209
CAISO SP15,USA,2024-03-17 18:00:00,2024-03-17 10:00:00,-46.3382
CAISO SP15,USA,2024-03-17 19:00:00,2024-03-17 11:00:00,-46.98489
CAISO SP15,USA,2024-03-17 20:00:00,2024-03-17 12:00:00,-46.83151
CAISO SP15,USA,2024-03-17 21:00:00,2024-03-17 13:00:00,-46.46365
CAISO SP15,USA,2024-03-17 22:00:00,2024-03-17 14:00:00,-38.42692
CAISO SP15,USA,2024-03-17 23:00:00,2024-03-17 15:00:00,-16.94245
CAISO SP15,USA,2024-03-18 00:00:00,2024-03-17 16:00:00,21.49885
CAISO SP15,USA,2024-03-18 01:00:00,2024-03-17 17:00:00,41.10611
CAISO SP15,USA,2024-03-18 02:00:00,2024-03-17 18:00:00,47.05239
CAISO SP15,USA,2024-03-18 03:00:00,2024-03-17 19:00:00,45.743
CAISO SP15,USA,2024-03-18 04:00:00,2024-03-17 20:00:00,46.67372
CAISO SP15,USA,2024-03-18 05:00:00,2024-03-17 21:00:00,42.12239
CAISO SP15,USA,2024-03-18 06:00:00,2024-03-17 22:00:00,41.15454
CAISO SP15,USA,2024-03-18 07:00:00,2024-03-17 23:00:00,39.50556
CAISO SP15,USA,2024-03-18 08:00:00,2024-03-18 00:00:00,37.51054
CAISO SP15,USA,2024-03-18 09:00:00,2024-03-18 01:00:00,37.61298
CAISO SP15,USA,2024-03-18 10:00:00,2024-03-18 02:00:00,37.23225
CAISO SP15,USA,2024-03-18 11:00:00,2024-03-18 03:00:00,42.53987
CAISO SP15,USA,2024-03-18 12:00:00,2024-03-18 04:00:00,48.43054
CAISO SP15,USA,2024-03-18 13:00:00,2024-03-18 05:00:00,55.30598
CAISO SP15,USA,2024-03-18 14:00:00,2024-03-18 06:00:00,53.31208
CAISO SP15,USA,2024-03-18 15:00:00,2024-03-18 07:00:00,33.68818
CAISO SP15,USA,2024-03-18 16:00:00,2024-03-18 08:00:00,-1.0058
CAISO SP15,USA,2024-03-18 17:00:00,2024-03-18 09:00:00,-6.41425
CAISO SP15,USA,2024-03-18 18:00:00,2024-03-18 10:00:00,-12.27307
CAISO SP15,USA,2024-03-18 19:00:00,2024-03-18 11:00:00,-12.4479
CAISO SP15,USA,2024-03-18 20:00:00,2024-03-18 12:00:00,-10.91
CAISO SP15,USA,2024-03-18 21:00:00,2024-03-18 13:00:00,-11.22298
CAISO SP15,USA,2024-03-18 22:00:00,2024-03-18 14:00:00,-4.8274
CAISO SP15,USA,2024-03-18 23:00:00,2024-03-18 15:00:00,7.79554
CAISO SP15,USA,2024-03-19 00:00:00,2024-03-18 16:00:00,35.23
CAISO SP15,USA,2024-03-19 01:00:00,2024-03-18 17:00:00,52.81455
CAISO SP15,USA,2024-03-19 02:00:00,2024-03-18 18:00:00,65.0
CAISO SP15,USA,2024-03-19 03:00:00,2024-03-18 19:00:00,55.38081
CAISO SP15,USA,2024-03-19 04:00:00,2024-03-18 20:00:00,52.47811
CAISO SP15,USA,2024-03-19 05:00:00,2024-03-18 21:00:00,49.68447
CAISO SP15,USA,2024-03-19 06:00:00,2024-03-18 22:00:00,38.6454
CAISO SP15,USA,2024-03-19 07:00:00,2024-03-18 23:00:00,34.49692
CAISO SP15,USA,2024-03-19 08:00:00,2024-03-19 00:00:00,31.73445
CAISO SP15,USA,2024-03-19 09:00:00,2024-03-19 01:00:00,30.63915
CAISO SP15,USA,2024-03-19 10:00:00,2024-03-19 02:00:00,30.8576
CAISO SP15,USA,2024-03-19 11:00:00,2024-03-19 03:00:00,32.09955
CAISO SP15,USA,2024-03-19 12:00:00,2024-03-19 04:00:00,40.0
CAISO SP15,USA,2024-03-19 13:00:00,2024-03-19 05:00:00,47.7025
CAISO SP15,USA,2024-03-19 14:00:00,2024-03-19 06:00:00,41.46822
CAISO SP15,USA,2024-03-19 15:00:00,2024-03-19 07:00:00,24.32506
CAISO SP15,USA,2024-03-19 16:00:00,2024-03-19 08:00:00,-4.73911
CAISO SP15,USA,2024-03-19 17:00:00,2024-03-19 09:00:00,-13.73
CAISO SP15,USA,2024-03-19 18:00:00,2024-03-19 10:00:00,-17.50942
CAISO SP15,USA,2024-03-19 19:00:00,2024-03-19 11:00:00,-19.0
CAISO SP15,USA,2024-03-19 20:00:00,2024-03-19 12:00:00,-19.22544
CAISO SP15,USA,2024-03-19 21:00:00,2024-03-19 13:00:00,-18.88152
CAISO SP15,USA,2024-03-19 22:00:00,2024-03-19 14:00:00,-17.83848
CAISO SP15,USA,2024-03-19 23:00:00,2024-03-19 15:00:00,-6.72749
CAISO SP15,USA,2024-03-20 00:00:00,2024-03-19 16:00:00,21.152
CAISO SP15,USA,2024-03-20 01:00:00,2024-03-19 17:00:00,40.29139
CAISO SP15,USA,2024-03-20 02:00:00,2024-03-19 18:00:00,49.54138
CAISO SP15,USA,2024-03-20 03:00:00,2024-03-19 19:00:00,45.36274
CAISO SP15,USA,2024-03-20 04:00:00,2024-03-19 20:00:00,40.75198
CAISO SP15,USA,2024-03-20 05:00:00,2024-03-19 21:00:00,37.23247
CAISO SP15,USA,2024-03-20 06:00:00,2024-03-19 22:00:00,30.41998
CAISO SP15,USA,2024-03-20 07:00:00,2024-03-19 23:00:00,29.21883
CAISO SP15,USA,2024-03-20 08:00:00,2024-03-20 00:00:00,29.06981
CAISO SP15,USA,2024-03-20 09:00:00,2024-03-20 01:00:00,28.53585
CAISO SP15,USA,2024-03-20 10:00:00,2024-03-20 02:00:00,28.28017
CAISO SP15,USA,2024-03-20 11:00:00,2024-03-20 03:00:00,29.08001
CAISO SP15,USA,2024-03-20 12:00:00,2024-03-20 04:00:00,33.36745
CAISO SP15,USA,2024-03-20 13:00:00,2024-03-20 05:00:00,41.54903
CAISO SP15,USA,2024-03-20 14:00:00,2024-03-20 06:00:00,36.87313
CAISO SP15,USA,2024-03-20 15:00:00,2024-03-20 07:00:00,-0.11187
CAISO SP15,USA,2024-03-20 16:00:00,2024-03-20 08:00:00,-22.16361
CAISO SP15,USA,2024-03-20 17:00:00,2024-03-20 09:00:00,-32.73749
CAISO SP15,USA,2024-03-20 18:00:00,2024-03-20 10:00:00,-36.80788
CAISO SP15,USA,2024-03-20 19:00:00,2024-03-20 11:00:00,-37.31945
CAISO SP15,USA,2024-03-20 20:00:00,2024-03-20 12:00:00,-37.69943
CAISO SP15,USA,2024-03-20 21:00:00,2024-03-20 13:00:00,-33.6807
CAISO SP15,USA,2024-03-20 22:00:00,2024-03-20 14:00:00,-32.91137
CAISO SP15,USA,2024-03-20 23:00:00,2024-03-20 15:00:00,-24.36458
CAISO SP15,USA,2024-03-21 00:00:00,2024-03-20 16:00:00,3.57163
CAISO SP15,USA,2024-03-21 01:00:00,2024-03-20 17:00:00,35.14921
CAISO SP15,USA,2024-03-21 02:00:00,2024-03-20 18:00:00,42.83269
CAISO SP15,USA,2024-03-21 03:00:00,2024-03-20 19:00:00,37.70088
CAISO SP15,USA,2024-03-21 04:00:00,2024-03-20 20:00:00,37.62298
CAISO SP15,USA,2024-03-21 05:00:00,2024-03-20 21:00:00,34.66246
CAISO SP15,USA,2024-03-21 06:00:00,2024-03-20 22:00:00,31.34906
CAISO SP15,USA,2024-03-21 07:00:00,2024-03-20 23:00:00,25.40431
CAISO SP15,USA,2024-03-21 08:00:00,2024-03-21 00:00:00,25.25048
CAISO SP15,USA,2024-03-21 09:00:00,2024-03-21 01:00:00,25.19052
CAISO SP15,USA,2024-03-21 10:00:00,2024-03-21 02:00:00,25.12494
CAISO SP15,USA,2024-03-21 11:00:00,2024-03-21 03:00:00,28.95521
CAISO SP15,USA,2024-03-21 12:00:00,2024-03-21 04:00:00,35.55794
CAISO SP15,USA,2024-03-21 13:00:00,2024-03-21 05:00:00,46.55264
CAISO SP15,USA,2024-03-21 14:00:00,2024-03-21 06:00:00,39.48022
CAISO SP15,USA,2024-03-21 15:00:00,2024-03-21 07:00:00,-2.51748
CAISO SP15,USA,2024-03-21 16:00:00,2024-03-21 08:00:00,-32.8717
CAISO SP15,USA,2024-03-21 17:00:00,2024-03-21 09:00:00,-39.34617
CAISO SP15,USA,2024-03-21 18:00:00,2024-03-21 10:00:00,-42.31642
CAISO SP15,USA,2024-03-21 19:00:00,2024-03-21 11:00:00,-43.49119
CAISO SP15,USA,2024-03-21 20:00:00,2024-03-21 12:00:00,-47.49792
CAISO SP15,USA,2024-03-21 21:00:00,2024-03-21 13:00:00,-46.47384
CAISO SP15,USA,2024-03-21 22:00:00,2024-03-21 14:00:00,-45.49087
CAISO SP15,USA,2024-03-21 23:00:00,2024-03-21 15:00:00,-34.24601
CAISO SP15,USA,2024-03-22 00:00:00,2024-03-21 16:00:00,2.12529
CAISO SP15,USA,2024-03-22 01:00:00,2024-03-21 17:00:00,34.5964
CAISO SP15,USA,2024-03-22 02:00:00,2024-03-21 18:00:00,44.53394
CAISO SP15,USA,2024-03-22 03:00:00,2024-03-21 19:00:00,40.71445
CAISO SP15,USA,2024-03-22 04:00:00,2024-03-21 20:00:00,39.89887
CAISO SP15,USA,2024-03-22 05:00:00,2024-03-21 21:00:00,33.69891
CAISO SP15,USA,2024-03-22 06:00:00,2024-03-21 22:00:00,32.29537
CAISO SP15,USA,2024-03-22 07:00:00,2024-03-21 23:00:00,36.53566
CAISO SP15,USA,2024-03-22 08:00:00,2024-03-22 00:00:00,30.54119
CAISO SP15,USA,2024-03-22 09:00:00,2024-03-22 01:00:00,29.84113
CAISO SP15,USA,2024-03-22 10:00:00,2024-03-22 02:00:00,30.0
CAISO SP15,USA,2024-03-22 11:00:00,2024-03-22 03:00:00,34.62937
CAISO SP15,USA,2024-03-22 12:00:00,2024-03-22 04:00:00,47.21999
CAISO SP15,USA,2024-03-22 13:00:00,2024-03-22 05:00:00,48.81326
CAISO SP15,USA,2024-03-22 14:00:00,2024-03-22 06:00:00,48.02986
CAISO SP15,USA,2024-03-22 15:00:00,2024-03-22 07:00:00,19.01006
CAISO SP15,USA,2024-03-22 16:00:00,2024-03-22 08:00:00,1.39442
CAISO SP15,USA,2024-03-22 17:00:00,2024-03-22 09:00:00,-6.97961
CAISO SP15,USA,2024-03-22 18:00:00,2024-03-22 10:00:00,-12.50507
CAISO SP15,USA,2024-03-22 19:00:00,2024-03-22 11:00:00,-18.59897
CAISO SP15,USA,2024-03-22 20:00:00,2024-03-22 12:00:00,-20.06257
CAISO SP15,USA,2024-03-22 21:00:00,2024-03-22 13:00:00,-19.108
CAISO SP15,USA,2024-03-22 22:00:00,2024-03-22 14:00:00,-16.41164
CAISO SP15,USA,2024-03-22 23:00:00,2024-03-22 15:00:00,-2.00984
CAISO SP15,USA,2024-03-23 00:00:00,2024-03-22 16:00:00,27.4195
CAISO SP15,USA,2024-03-23 01:00:00,2024-03-22 17:00:00,39.38804
CAISO SP15,USA,2024-03-23 02:00:00,2024-03-22 18:00:00,40.92604
CAISO SP15,USA,2024-03-23 03:00:00,2024-03-22 19:00:00,39.46413
CAISO SP15,USA,2024-03-23 04:00:00,2024-03-22 20:00:00,39.54579
CAISO SP15,USA,2024-03-23 05:00:00,2024-03-22 21:00:00,38.35148
CAISO SP15,USA,2024-03-23 06:00:00,2024-03-22 22:00:00,37.95001
CAISO SP15,USA,2024-03-23 07:00:00,2024-03-22 23:00:00,28.532
CAISO SP15,USA,2024-03-23 08:00:00,2024-03-23 00:00:00,28.61967
CAISO SP15,USA,2024-03-23 09:00:00,2024-03-23 01:00:00,28.21318
CAISO SP15,USA,2024-03-23 10:00:00,2024-03-23 02:00:00,27.72252
CAISO SP15,USA,2024-03-23 11:00:00,2024-03-23 03:00:00,28.40514
CAISO SP15,USA,2024-03-23 12:00:00,2024-03-23 04:00:00,28.49361
CAISO SP15,USA,2024-03-23 13:00:00,2024-03-23 05:00:00,32.49156
CAISO SP15,USA,2024-03-23 14:00:00,2024-03-23 06:00:00,30.06357
CAISO SP15,USA,2024-03-23 15:00:00,2024-03-23 07:00:00,24.81354
CAISO SP15,USA,2024-03-23 16:00:00,2024-03-23 08:00:00,13.85569
CAISO SP15,USA,2024-03-23 17:00:00,2024-03-23 09:00:00,-1.83402
CAISO SP15,USA,2024-03-23 18:00:00,2024-03-23 10:00:00,-8.2653
CAISO SP15,USA,2024-03-23 19:00:00,2024-03-23 11:00:00,-17.13119
CAISO SP15,USA,2024-03-23 20:00:00,2024-03-23 12:00:00,-19.73096
CAISO SP15,USA,2024-03-23 21:00:00,2024-03-23 13:00:00,-16.67552
CAISO SP15,USA,2024-03-23 22:00:00,2024-03-23 14:00:00,-15.21095
CAISO SP15,USA,2024-03-23 23:00:00,2024-03-23 15:00:00,-9.71154
CAISO SP15,USA,2024-03-24 00:00:00,2024-03-23 16:00:00,8.6225
CAISO SP15,USA,2024-03-24 01:00:00,2024-03-23 17:00:00,28.57029
CAISO SP15,USA,2024-03-24 02:00:00,2024-03-23 18:00:00,29.40355
CAISO SP15,USA,2024-03-24 03:00:00,2024-03-23 19:00:00,28.96183
CAISO SP15,USA,2024-03-24 04:00:00,2024-03-23 20:00:00,28.80737
CAISO SP15,USA,2024-03-24 05:00:00,2024-03-23 21:00:00,28.35336
CAISO SP15,USA,2024-03-24 06:00:00,2024-03-23 22:00:00,26.07012
CAISO SP15,USA,2024-03-24 07:00:00,2024-03-23 23:00:00,25.8202
CAISO SP15,USA,2024-03-24 08:00:00,2024-03-24 00:00:00,25.24771
CAISO SP15,USA,2024-03-24 09:00:00,2024-03-24 01:00:00,23.63013
CAISO SP15,USA,2024-03-24 10:00:00,2024-03-24 02:00:00,21.1673
CAISO SP15,USA,2024-03-24 11:00:00,2024-03-24 03:00:00,22.93052
CAISO SP15,USA,2024-03-24 12:00:00,2024-03-24 04:00:00,23.96193
CAISO SP15,USA,2024-03-24 13:00:00,2024-03-24 05:00:00,27.98744
CAISO SP15,USA,2024-03-24 14:00:00,2024-03-24 06:00:00,21.15642
CAISO SP15,USA,2024-03-24 15:00:00,2024-03-24 07:00:00,0.27567
CAISO SP15,USA,2024-03-24 16:00:00,2024-03-24 08:00:00,-14.90894
CAISO SP15,USA,2024-03-24 17:00:00,2024-03-24 09:00:00,-24.99739
CAISO SP15,USA,2024-03-24 18:00:00,2024-03-24 10:00:00,-27.91434
CAISO SP15,USA,2024-03-24 19:00:00,2024-03-24 11:00:00,-28.32499
CAISO SP15,USA,2024-03-24 20:00:00,2024-03-24 12:00:00,-32.59775
CAISO SP15,USA,2024-03-24 21:00:00,2024-03-24 13:00:00,-34.60109
CAISO SP15,USA,2024-03-24 22:00:00,2024-03-24 14:00:00,-30.40274
CAISO SP15,USA,2024-03-24 23:00:00,2024-03-24 15:00:00,-21.96643
CAISO SP15,USA,2024-03-25 00:00:00,2024-03-24 16:00:00,-0.6711
CAISO SP15,USA,2024-03-25 01:00:00,2024-03-24 17:00:00,28.78584
CAISO SP15,USA,2024-03-25 02:00:00,2024-03-24 18:00:00,30.14853
CAISO SP15,USA,2024-03-25 03:00:00,2024-03-24 19:00:00,30.00345
CAISO SP15,USA,2024-03-25 04:00:00,2024-03-24 20:00:00,29.20273
CAISO SP15,USA,2024-03-25 05:00:00,2024-03-24 21:00:00,28.5008
CAISO SP15,USA,2024-03-25 06:00:00,2024-03-24 22:00:00,25.32414
CAISO SP15,USA,2024-03-25 07:00:00,2024-03-24 23:00:00,26.13887
CAISO SP15,USA,2024-03-25 08:00:00,2024-03-25 00:00:00,24.90352
CAISO SP15,USA,2024-03-25 09:00:00,2024-03-25 01:00:00,23.9293
CAISO SP15,USA,2024-03-25 10:00:00,2024-03-25 02:00:00,24.80176
CAISO SP15,USA,2024-03-25 11:00:00,2024-03-25 03:00:00,27.06203
CAISO SP15,USA,2024-03-25 12:00:00,2024-03-25 04:00:00,30.9717
CAISO SP15,USA,2024-03-25 13:00:00,2024-03-25 05:00:00,50.78075
CAISO SP15,USA,2024-03-25 14:00:00,2024-03-25 06:00:00,36.2471
CAISO SP15,USA,2024-03-25 15:00:00,2024-03-25 07:00:00,-2.37289
CAISO SP15,USA,2024-03-25 16:00:00,2024-03-25 08:00:00,-27.5
CAISO SP15,USA,2024-03-25 17:00:00,2024-03-25 09:00:00,-36.92825
CAISO SP15,USA,2024-03-25 18:00:00,2024-03-25 10:00:00,-40.92843
CAISO SP15,USA,2024-03-25 19:00:00,2024-03-25 11:00:00,-43.26897
CAISO SP15,USA,2024-03-25 20:00:00,2024-03-25 12:00:00,-44.14075
CAISO SP15,USA,2024-03-25 21:00:00,2024-03-25 13:00:00,-43.89112
CAISO SP15,USA,2024-03-25 22:00:00,2024-03-25 14:00:00,-42.0416
CAISO SP15,USA,2024-03-25 23:00:00,2024-03-25 15:00:00,-27.47315
CAISO SP15,USA,2024-03-26 00:00:00,2024-03-25 16:00:00,3.28217
CAISO SP15,USA,2024-03-26 01:00:00,2024-03-25 17:00:00,31.81551
CAISO SP15,USA,2024-03-26 02:00:00,2024-03-25 18:00:00,37.39578
CAISO SP15,USA,2024-03-26 03:00:00,2024-03-25 19:00:00,37.61273
CAISO SP15,USA,2024-03-26 04:00:00,2024-03-25 20:00:00,33.80167
CAISO SP15,USA,2024-03-26 05:00:00,2024-03-25 21:00:00,31.77852
CAISO SP15,USA,2024-03-26 06:00:00,2024-03-25 22:00:00,28.33958
CAISO SP15,USA,2024-03-26 07:00:00,2024-03-25 23:00:00,28.53396
CAISO SP15,USA,2024-03-26 08:00:00,2024-03-26 00:00:00,25.13125
CAISO SP15,USA,2024-03-26 09:00:00,2024-03-26 01:00:00,22.46261
CAISO SP15,USA,2024-03-26 10:00:00,2024-03-26 02:00:00,22.79146
CAISO SP15,USA,2024-03-26 11:00:00,2024-03-26 03:00:00,24.37423
CAISO SP15,USA,2024-03-26 12:00:00,2024-03-26 04:00:00,30.25259
CAISO SP15,USA,2024-03-26 13:00:00,2024-03-26 05:00:00,38.00121
CAISO SP15,USA,2024-03-26 14:00:00,2024-03-26 06:00:00,31.54
CAISO SP15,USA,2024-03-26 15:00:00,2024-03-26 07:00:00,-8.03565
CAISO SP15,USA,2024-03-26 16:00:00,2024-03-26 08:00:00,-38.67969
CAISO SP15,USA,2024-03-26 17:00:00,2024-03-26 09:00:00,-41.1161
CAISO SP15,USA,2024-03-26 18:00:00,2024-03-26 10:00:00,-44.24414
CAISO SP15,USA,2024-03-26 19:00:00,2024-03-26 11:00:00,-45.33437
CAISO SP15,USA,2024-03-26 20:00:00,2024-03-26 12:00:00,-44.62415
CAISO SP15,USA,2024-03-26 21:00:00,2024-03-26 13:00:00,-44.46426
CAISO SP15,USA,2024-03-26 22:00:00,2024-03-26 14:00:00,-43.81191
CAISO SP15,USA,2024-03-26 23:00:00,2024-03-26 15:00:00,-39.45333
CAISO SP15,USA,2024-03-27 00:00:00,2024-03-26 16:00:00,-14.13476
CAISO SP15,USA,2024-03-27 01:00:00,2024-03-26 17:00:00,31.46811
CAISO SP15,USA,2024-03-27 02:00:00,2024-03-26 18:00:00,35.61387
CAISO SP15,USA,2024-03-27 03:00:00,2024-03-26 19:00:00,36.18722
CAISO SP15,USA,2024-03-27 04:00:00,2024-03-26 20:00:00,35.68153
CAISO SP15,USA,2024-03-27 05:00:00,2024-03-26 21:00:00,32.63463
CAISO SP15,USA,2024-03-27 06:00:00,2024-03-26 22:00:00,31.79572
CAISO SP15,USA,2024-03-27 07:00:00,2024-03-26 23:00:00,29.85658
CAISO SP15,USA,2024-03-27 08:00:00,2024-03-27 00:00:00,29.55207
CAISO SP15,USA,2024-03-27 09:00:00,2024-03-27 01:00:00,29.71711
CAISO SP15,USA,2024-03-27 10:00:00,2024-03-27 02:00:00,29.93828
CAISO SP15,USA,2024-03-27 11:00:00,2024-03-27 03:00:00,33.16555
CAISO SP15,USA,2024-03-27 12:00:00,2024-03-27 04:00:00,46.00092
CAISO SP15,USA,2024-03-27 13:00:00,2024-03-27 05:00:00,50.0
CAISO SP15,USA,2024-03-27 14:00:00,2024-03-27 06:00:00,47.78
CAISO SP15,USA,2024-03-27 15:00:00,2024-03-27 07:00:00,20.82013
CAISO SP15,USA,2024-03-27 16:00:00,2024-03-27 08:00:00,-12.48019
CAISO SP15,USA,2024-03-27 17:00:00,2024-03-27 09:00:00,-23.0161
CAISO SP15,USA,2024-03-27 18:00:00,2024-03-27 10:00:00,-27.3161
CAISO SP15,USA,2024-03-27 19:00:00,2024-03-27 11:00:00,-28.43888
CAISO SP15,USA,2024-03-27 20:00:00,2024-03-27 12:00:00,-28.20659
CAISO SP15,USA,2024-03-27 21:00:00,2024-03-27 13:00:00,-28.10897
CAISO SP15,USA,2024-03-27 22:00:00,2024-03-27 14:00:00,-24.61147
CAISO SP15,USA,2024-03-27 23:00:00,2024-03-27 15:00:00,-17.72103
CAISO SP15,USA,2024-03-28 00:00:00,2024-03-27 16:00:00,12.86419
CAISO SP15,USA,2024-03-28 01:00:00,2024-03-27 17:00:00,45.42064
CAISO SP15,USA,2024-03-28 02:00:00,2024-03-27 18:00:00,47.29801
CAISO SP15,USA,2024-03-28 03:00:00,2024-03-27 19:00:00,45.5396
CAISO SP15,USA,2024-03-28 04:00:00,2024-03-27 20:00:00,45.04102
CAISO SP15,USA,2024-03-28 05:00:00,2024-03-27 21:00:00,44.30593
CAISO SP15,USA,2024-03-28 06:00:00,2024-03-27 22:00:00,40.0
CAISO SP15,USA,2024-03-28 07:00:00,2024-03-27 23:00:00,36.93286
CAISO SP15,USA,2024-03-28 08:00:00,2024-03-28 00:00:00,33.78133
CAISO SP15,USA,2024-03-28 09:00:00,2024-03-28 01:00:00,32.64453
CAISO SP15,USA,2024-03-28 10:00:00,2024-03-28 02:00:00,32.36288
CAISO SP15,USA,2024-03-28 11:00:00,2024-03-28 03:00:00,33.47529
CAISO SP15,USA,2024-03-28 12:00:00,2024-03-28 04:00:00,40.68319
CAISO SP15,USA,2024-03-28 13:00:00,2024-03-28 05:00:00,45.29712
CAISO SP15,USA,2024-03-28 14:00:00,2024-03-28 06:00:00,36.75405
CAISO SP15,USA,2024-03-28 15:00:00,2024-03-28 07:00:00,10.79273
CAISO SP15,USA,2024-03-28 16:00:00,2024-03-28 08:00:00,-21.05379
CAISO SP15,USA,2024-03-28 17:00:00,2024-03-28 09:00:00,-32.5852
CAISO SP15,USA,2024-03-28 18:00:00,2024-03-28 10:00:00,-35.29262
CAISO SP15,USA,2024-03-28 19:00:00,2024-03-28 11:00:00,-35.66
CAISO SP15,USA,2024-03-28 20:00:00,2024-03-28 12:00:00,-36.04975
CAISO SP15,USA,2024-03-28 21:00:00,2024-03-28 13:00:00,-36.18327
CAISO SP15,USA,2024-03-28 22:00:00,2024-03-28 14:00:00,-35.61154
CAISO SP15,USA,2024-03-28 23:00:00,2024-03-28 15:00:00,-26.53001
CAISO SP15,USA,2024-03-29 00:00:00,2024-03-28 16:00:00,7.66658
CAISO SP15,USA,2024-03-29 01:00:00,2024-03-28 17:00:00,38.08159
CAISO SP15,USA,2024-03-29 02:00:00,2024-03-28 18:00:00,43.09265
CAISO SP15,USA,2024-03-29 03:00:00,2024-03-28 19:00:00,42.79
CAISO SP15,USA,2024-03-29 04:00:00,2024-03-28 20:00:00,40.54382
CAISO SP15,USA,2024-03-29 05:00:00,2024-03-28 21:00:00,40.31037
CAISO SP15,USA,2024-03-29 06:00:00,2024-03-28 22:00:00,37.37798
CAISO SP15,USA,2024-03-29 07:00:00,2024-03-28 23:00:00,37.14736
CAISO SP15,USA,2024-03-29 08:00:00,2024-03-29 00:00:00,35.63574
CAISO SP15,USA,2024-03-29 09:00:00,2024-03-29 01:00:00,35.94493
CAISO SP15,USA,2024-03-29 10:00:00,2024-03-29 02:00:00,36.15239
CAISO SP15,USA,2024-03-29 11:00:00,2024-03-29 03:00:00,35.28835
CAISO SP15,USA,2024-03-29 12:00:00,2024-03-29 04:00:00,40.10006
CAISO SP15,USA,2024-03-29 13:00:00,2024-03-29 05:00:00,44.39229
CAISO SP15,USA,2024-03-29 14:00:00,2024-03-29 06:00:00,36.20237
CAISO SP15,USA,2024-03-29 15:00:00,2024-03-29 07:00:00,0.54824
CAISO SP15,USA,2024-03-29 16:00:00,2024-03-29 08:00:00,-23.09873
CAISO SP15,USA,2024-03-29 17:00:00,2024-03-29 09:00:00,-32.80492
CAISO SP15,USA,2024-03-29 18:00:00,2024-03-29 10:00:00,-36.25104
CAISO SP15,USA,2024-03-29 19:00:00,2024-03-29 11:00:00,-36.897
CAISO SP15,USA,2024-03-29 20:00:00,2024-03-29 12:00:00,-38.39816
CAISO SP15,USA,2024-03-29 21:00:00,2024-03-29 13:00:00,-37.67102
CAISO SP15,USA,2024-03-29 22:00:00,2024-03-29 14:00:00,-36.41953
CAISO SP15,USA,2024-03-29 23:00:00,2024-03-29 15:00:00,-22.56771
CAISO SP15,USA,2024-03-30 00:00:00,2024-03-29 16:00:00,18.97705
CAISO SP15,USA,2024-03-30 01:00:00,2024-03-29 17:00:00,40.29039
CAISO SP15,USA,2024-03-30 02:00:00,2024-03-29 18:00:00,44.73854
CAISO SP15,USA,2024-03-30 03:00:00,2024-03-29 19:00:00,43.73509
CAISO SP15,USA,2024-03-30 04:00:00,2024-03-29 20:00:00,45.21965
CAISO SP15,USA,2024-03-30 05:00:00,2024-03-29 21:00:00,43.88344
CAISO SP15,USA,2024-03-30 06:00:00,2024-03-29 22:00:00,42.31365
CAISO SP15,USA,2024-03-30 07:00:00,2024-03-29 23:00:00,40.01413
CAISO SP15,USA,2024-03-30 08:00:00,2024-03-30 00:00:00,38.18912
CAISO SP15,USA,2024-03-30 09:00:00,2024-03-30 01:00:00,35.92907
CAISO SP15,USA,2024-03-30 10:00:00,2024-03-30 02:00:00,36.49377
CAISO SP15,USA,2024-03-30 11:00:00,2024-03-30 03:00:00,35.74976
CAISO SP15,USA,2024-03-30 12:00:00,2024-03-30 04:00:00,40.18553
CAISO SP15,USA,2024-03-30 13:00:00,2024-03-30 05:00:00,40.44439
CAISO SP15,USA,2024-03-30 14:00:00,2024-03-30 06:00:00,34.0908
CAISO SP15,USA,2024-03-30 15:00:00,2024-03-30 07:00:00,27.59663
CAISO SP15,USA,2024-03-30 16:00:00,2024-03-30 08:00:00,9.75515
CAISO SP15,USA,2024-03-30 17:00:00,2024-03-30 09:00:00,1.87422
CAISO SP15,USA,2024-03-30 18:00:00,2024-03-30 10:00:00,-1.79187
CAISO SP15,USA,2024-03-30 19:00:00,2024-03-30 11:00:00,-5.25285
CAISO SP15,USA,2024-03-30 20:00:00,2024-03-30 12:00:00,-4.08612
CAISO SP15,USA,2024-03-30 21:00:00,2024-03-30 13:00:00,-1.90052
CAISO SP15,USA,2024-03-30 22:00:00,2024-03-30 14:00:00,1.77874
CAISO SP15,USA,2024-03-30 23:00:00,2024-03-30 15:00:00,21.47866
CAISO SP15,USA,2024-03-31 00:00:00,2024-03-30 16:00:00,32.86536
CAISO SP15,USA,2024-03-31 01:00:00,2024-03-30 17:00:00,40.73834
CAISO SP15,USA,2024-03-31 02:00:00,2024-03-30 18:00:00,41.47336
CAISO SP15,USA,2024-03-31 03:00:00,2024-03-30 19:00:00,40.64501
CAISO SP15,USA,2024-03-31 04:00:00,2024-03-30 20:00:00,40.60619
CAISO SP15,USA,2024-03-31 05:00:00,2024-03-30 21:00:00,39.83458
CAISO SP15,USA,2024-03-31 06:00:00,2024-03-30 22:00:00,37.35966
CAISO SP15,USA,2024-03-31 07:00:00,2024-03-30 23:00:00,37.50313
CAISO SP15,USA,2024-03-31 08:00:00,2024-03-31 00:00:00,36.43273
CAISO SP15,USA,2024-03-31 09:00:00,2024-03-31 01:00:00,34.51353
CAISO SP15,USA,2024-03-31 10:00:00,2024-03-31 02:00:00,32.87909
CAISO SP15,USA,2024-03-31 11:00:00,2024-03-31 03:00:00,34.25022
CAISO SP15,USA,2024-03-31 12:00:00,2024-03-31 04:00:00,36.71196
CAISO SP15,USA,2024-03-31 13:00:00,2024-03-31 05:00:00,37.61929
CAISO SP15,USA,2024-03-31 14:00:00,2024-03-31 06:00:00,32.04942
CAISO SP15,USA,2024-03-31 15:00:00,2024-03-31 07:00:00,6.798
CAISO SP15,USA,2024-03-31 16:00:00,2024-03-31 08:00:00,-6.91253
CAISO SP15,USA,2024-03-31 17:00:00,2024-03-31 09:00:00,-17.32419
CAISO SP15,USA,2024-03-31 18:00:00,2024-03-31 10:00:00,-21.11249
CAISO SP15,USA,2024-03-31 19:00:00,2024-03-31 11:00:00,-22.7749
CAISO SP15,USA,2024-03-31 20:00:00,2024-03-31 12:00:00,-23.27079
CAISO SP15,USA,2024-03-31 21:00:00,2024-03-31 13:00:00,-21.67553
CAISO SP15,USA,2024-03-31 22:00:00,2024-03-31 14:00:00,-14.63139
CAISO SP15,USA,2024-03-31 23:00:00,2024-03-31 15:00:00,-3.75192
CAISO SP15,USA,2024-04-01 00:00:00,2024-03-31 16:00:00,27.72827
CAISO SP15,USA,2024-04-01 01:00:00,2024-03-31 17:00:00,38.34356
CAISO SP15,USA,2024-04-01 02:00:00,2024-03-31 18:00:00,39.087
CAISO SP15,USA,2024-04-01 03:00:00,2024-03-31 19:00:00,38.98437
CAISO SP15,USA,2024-04-01 04:00:00,2024-03-31 20:00:00,38.58266
CAISO SP15,USA,2024-04-01 05:00:00,2024-03-31 21:00:00,38.11189
CAISO SP15,USA,2024-04-01 06:00:00,2024-03-31 22:00:00,37.96213
CAISO SP15,USA,2024-04-01 07:00:00,2024-03-31 23:00:00,43.98313
CAISO SP15,USA,2024-04-01 08:00:00,2024-04-01 00:00:00,37.71748
CAISO SP15,USA,2024-04-01 09:00:00,2024-04-01 01:00:00,34.47019
CAISO SP15,USA,2024-04-01 10:00:00,2024-04-01 02:00:00,33.64247
CAISO SP15,USA,2024-04-01 11:00:00,2024-04-01 03:00:00,34.96337
CAISO SP15,USA,2024-04-01 12:00:00,2024-04-01 04:00:00,47.25458
CAISO SP15,USA,2024-04-01 13:00:00,2024-04-01 05:00:00,53.49496
CAISO SP15,USA,2024-04-01 14:00:00,2024-04-01 06:00:00,41.11
CAISO SP15,USA,2024-04-01 15:00:00,2024-04-01 07:00:00,11.88813
CAISO SP15,USA,2024-04-01 16:00:00,2024-04-01 08:00:00,-7.94867
CAISO SP15,USA,2024-04-01 17:00:00,2024-04-01 09:00:00,-20.96602
CAISO SP15,USA,2024-04-01 18:00:00,2024-04-01 10:00:00,-29.22796
CAISO SP15,USA,2024-04-01 19:00:00,2024-04-01 11:00:00,-31.95426
CAISO SP15,USA,2024-04-01 20:00:00,2024-04-01 12:00:00,-31.16568
CAISO SP15,USA,2024-04-01 21:00:00,2024-04-01 13:00:00,-29.25634
CAISO SP15,USA,2024-04-01 22:00:00,2024-04-01 14:00:00,-30.0
CAISO SP15,USA,2024-04-01 23:00:00,2024-04-01 15:00:00,-25.21489
CAISO SP15,USA,2024-04-02 00:00:00,2024-04-01 16:00:00,-1.35525
CAISO SP15,USA,2024-04-02 01:00:00,2024-04-01 17:00:00,37.28638
CAISO SP15,USA,2024-04-02 02:00:00,2024-04-01 18:00:00,42.62
CAISO SP15,USA,2024-04-02 03:00:00,2024-04-01 19:00:00,40.42917
CAISO SP15,USA,2024-04-02 04:00:00,2024-04-01 20:00:00,39.75847
CAISO SP15,USA,2024-04-02 05:00:00,2024-04-01 21:00:00,38.63473
CAISO SP15,USA,2024-04-02 06:00:00,2024-04-01 22:00:00,37.879
CAISO SP15,USA,2024-04-02 07:00:00,2024-04-01 23:00:00,33.49556
CAISO SP15,USA,2024-04-02 08:00:00,2024-04-02 00:00:00,31.42237
CAISO SP15,USA,2024-04-02 09:00:00,2024-04-02 01:00:00,33.55268
CAISO SP15,USA,2024-04-02 10:00:00,2024-04-02 02:00:00,36.5838
CAISO SP15,USA,2024-04-02 11:00:00,2024-04-02 03:00:00,40.45545
CAISO SP15,USA,2024-04-02 12:00:00,2024-04-02 04:00:00,43.24087
CAISO SP15,USA,2024-04-02 13:00:00,2024-04-02 05:00:00,52.49425
CAISO SP15,USA,2024-04-02 14:00:00,2024-04-02 06:00:00,30.1644
CAISO SP15,USA,2024-04-02 15:00:00,2024-04-02 07:00:00,-5.68085
CAISO SP15,USA,2024-04-02 16:00:00,2024-04-02 08:00:00,-33.45272
CAISO SP15,USA,2024-04-02 17:00:00,2024-04-02 09:00:00,-40.13085
CAISO SP15,USA,2024-04-02 18:00:00,2024-04-02 10:00:00,-41.39
CAISO SP15,USA,2024-04-02 19:00:00,2024-04-02 11:00:00,-43.20136
CAISO SP15,USA,2024-04-02 20:00:00,2024-04-02 12:00:00,-43.85794
CAISO SP15,USA,2024-04-02 21:00:00,2024-04-02 13:00:00,-40.96165
CAISO SP15,USA,2024-04-02 22:00:00,2024-04-02 14:00:00,-40.0
CAISO SP15,USA,2024-04-02 23:00:00,2024-04-02 15:00:00,-33.81691
CAISO SP15,USA,2024-04-03 00:00:00,2024-04-02 16:00:00,5.97874
CAISO SP15,USA,2024-04-03 01:00:00,2024-04-02 17:00:00,38.55591
CAISO SP15,USA,2024-04-03 02:00:00,2024-04-02 18:00:00,46.45463
CAISO SP15,USA,2024-04-03 03:00:00,2024-04-02 19:00:00,41.85727
CAISO SP15,USA,2024-04-03 04:00:00,2024-04-02 20:00:00,38.79257
CAISO SP15,USA,2024-04-03 05:00:00,2024-04-02 21:00:00,38.05556
CAISO SP15,USA,2024-04-03 06:00:00,2024-04-02 22:00:00,35.94299
CAISO SP15,USA,2024-04-03 07:00:00,2024-04-02 23:00:00,31.2626
CAISO SP15,USA,2024-04-03 08:00:00,2024-04-03 00:00:00,32.36731
CAISO SP15,USA,2024-04-03 09:00:00,2024-04-03 01:00:00,30.81787
CAISO SP15,USA,2024-04-03 10:00:00,2024-04-03 02:00:00,32.98602
CAISO SP15,USA,2024-04-03 11:00:00,2024-04-03 03:00:00,33.68701
CAISO SP15,USA,2024-04-03 12:00:00,2024-04-03 04:00:00,34.96099
CAISO SP15,USA,2024-04-03 13:00:00,2024-04-03 05:00:00,44.67601
CAISO SP15,USA,2024-04-03 14:00:00,2024-04-03 06:00:00,29.02192
CAISO SP15,USA,2024-04-03 15:00:00,2024-04-03 07:00:00,-19.35862
CAISO SP15,USA,2024-04-03 16:00:00,2024-04-03 08:00:00,-41.25669
CAISO SP15,USA,2024-04-03 17:00:00,2024-04-03 09:00:00,-43.45338
CAISO SP15,USA,2024-04-03 18:00:00,2024-04-03 10:00:00,-44.07904
CAISO SP15,USA,2024-04-03 19:00:00,2024-04-03 11:00:00,-44.19267
CAISO SP15,USA,2024-04-03 20:00:00,2024-04-03 12:00:00,-44.81917
CAISO SP15,USA,2024-04-03 21:00:00,2024-04-03 13:00:00,-45.6322
CAISO SP15,USA,2024-04-03 22:00:00,2024-04-03 14:00:00,-44.91459
CAISO SP15,USA,2024-04-03 23:00:00,2024-04-03 15:00:00,-43.05126
CAISO SP15,USA,2024-04-04 00:00:00,2024-04-03 16:00:00,-11.09312
CAISO SP15,USA,2024-04-04 01:00:00,2024-04-03 17:00:00,40.65034
CAISO SP15,USA,2024-04-04 02:00:00,2024-04-03 18:00:00,51.7856
CAISO SP15,USA,2024-04-04 03:00:00,2024-04-03 19:00:00,48.76484
CAISO SP15,USA,2024-04-04 04:00:00,2024-04-03 20:00:00,47.37296
CAISO SP15,USA,2024-04-04 05:00:00,2024-04-03 21:00:00,40.17814
CAISO SP15,USA,2024-04-04 06:00:00,2024-04-03 22:00:00,39.06008
CAISO SP15,USA,2024-04-04 07:00:00,2024-04-03 23:00:00,41.10969
CAISO SP15,USA,2024-04-04 08:00:00,2024-04-04 00:00:00,37.6504
CAISO SP15,USA,2024-04-04 09:00:00,2024-04-04 01:00:00,35.18451
CAISO SP15,USA,2024-04-04 10:00:00,2024-04-04 02:00:00,35.0446
CAISO SP15,USA,2024-04-04 11:00:00,2024-04-04 03:00:00,33.54193
CAISO SP15,USA,2024-04-04 12:00:00,2024-04-04 04:00:00,42.98802
CAISO SP15,USA,2024-04-04 13:00:00,2024-04-04 05:00:00,44.2368
CAISO SP15,USA,2024-04-04 14:00:00,2024-04-04 06:00:00,29.03307
CAISO SP15,USA,2024-04-04 15:00:00,2024-04-04 07:00:00,-5.94281
CAISO SP15,USA,2024-04-04 16:00:00,2024-04-04 08:00:00,-22.23889
CAISO SP15,USA,2024-04-04 17:00:00,2024-04-04 09:00:00,-32.49184
CAISO SP15,USA,2024-04-04 18:00:00,2024-04-04 10:00:00,-33.83748
CAISO SP15,USA,2024-04-04 19:00:00,2024-04-04 11:00:00,-37.35912
CAISO SP15,USA,2024-04-04 20:00:00,2024-04-04 12:00:00,-34.74
CAISO SP15,USA,2024-04-04 21:00:00,2024-04-04 13:00:00,-34.82
CAISO SP15,USA,2024-04-04 22:00:00,2024-04-04 14:00:00,-33.79588
CAISO SP15,USA,2024-04-04 23:00:00,2024-04-04 15:00:00,-27.50501
CAISO SP15,USA,2024-04-05 00:00:00,2024-04-04 16:00:00,0.91886
CAISO SP15,USA,2024-04-05 01:00:00,2024-04-04 17:00:00,41.2311
CAISO SP15,USA,2024-04-05 02:00:00,2024-04-04 18:00:00,44.60103
CAISO SP15,USA,2024-04-05 03:00:00,2024-04-04 19:00:00,44.45678
CAISO SP15,USA,2024-04-05 04:00:00,2024-04-04 20:00:00,44.06088
CAISO SP15,USA,2024-04-05 05:00:00,2024-04-04 21:00:00,41.06834
CAISO SP15,USA,2024-04-05 06:00:00,2024-04-04 22:00:00,39.18785
CAISO SP15,USA,2024-04-05 07:00:00,2024-04-04 23:00:00,34.17459
CAISO SP15,USA,2024-04-05 08:00:00,2024-04-05 00:00:00,30.90601
CAISO SP15,USA,2024-04-05 09:00:00,2024-04-05 01:00:00,30.17151
CAISO SP15,USA,2024-04-05 10:00:00,2024-04-05 02:00:00,29.78478
CAISO SP15,USA,2024-04-05 11:00:00,2024-04-05 03:00:00,35.0
CAISO SP15,USA,2024-04-05 12:00:00,2024-04-05 04:00:00,39.7918
CAISO SP15,USA,2024-04-05 13:00:00,2024-04-05 05:00:00,47.57232
CAISO SP15,USA,2024-04-05 14:00:00,2024-04-05 06:00:00,37.73559
CAISO SP15,USA,2024-04-05 15:00:00,2024-04-05 07:00:00,-5.73241
CAISO SP15,USA,2024-04-05 16:00:00,2024-04-05 08:00:00,-20.76531
CAISO SP15,USA,2024-04-05 17:00:00,2024-04-05 09:00:00,-28.85118
CAISO SP15,USA,2024-04-05 18:00:00,2024-04-05 10:00:00,-32.48546
CAISO SP15,USA,2024-04-05 19:00:00,2024-04-05 11:00:00,-35.16058
CAISO SP15,USA,2024-04-05 20:00:00,2024-04-05 12:00:00,-34.48242
CAISO SP15,USA,2024-04-05 21:00:00,2024-04-05 13:00:00,-30.84295
CAISO SP15,USA,2024-04-05 22:00:00,2024-04-05 14:00:00,-29.35166
CAISO SP15,USA,2024-04-05 23:00:00,2024-04-05 15:00:00,-19.99
CAISO SP15,USA,2024-04-06 00:00:00,2024-04-05 16:00:00,4.03
CAISO SP15,USA,2024-04-06 01:00:00,2024-04-05 17:00:00,36.79668
CAISO SP15,USA,2024-04-06 02:00:00,2024-04-05 18:00:00,40.32511
CAISO SP15,USA,2024-04-06 03:00:00,2024-04-05 19:00:00,38.81942
CAISO SP15,USA,2024-04-06 04:00:00,2024-04-05 20:00:00,40.0
CAISO SP15,USA,2024-04-06 05:00:00,2024-04-05 21:00:00,35.1886
CAISO SP15,USA,2024-04-06 06:00:00,2024-04-05 22:00:00,33.35119
CAISO SP15,USA,2024-04-06 07:00:00,2024-04-05 23:00:00,27.40815
CAISO SP15,USA,2024-04-06 08:00:00,2024-04-06 00:00:00,24.88104
CAISO SP15,USA,2024-04-06 09:00:00,2024-04-06 01:00:00,25.11822
CAISO SP15,USA,2024-04-06 10:00:00,2024-04-06 02:00:00,24.29276
CAISO SP15,USA,2024-04-06 11:00:00,2024-04-06 03:00:00,24.44663
CAISO SP15,USA,2024-04-06 12:00:00,2024-04-06 04:00:00,28.02943
CAISO SP15,USA,2024-04-06 13:00:00,2024-04-06 05:00:00,34.63065
CAISO SP15,USA,2024-04-06 14:00:00,2024-04-06 06:00:00,4.79099
CAISO SP15,USA,2024-04-06 15:00:00,2024-04-06 07:00:00,-45.61428
CAISO SP15,USA,2024-04-06 16:00:00,2024-04-06 08:00:00,-60.20166
CAISO SP15,USA,2024-04-06 17:00:00,2024-04-06 09:00:00,-64.35754
CAISO SP15,USA,2024-04-06 18:00:00,2024-04-06 10:00:00,-65.0532
CAISO SP15,USA,2024-04-06 19:00:00,2024-04-06 11:00:00,-65.58259
CAISO SP15,USA,2024-04-06 20:00:00,2024-04-06 12:00:00,-65.64873
CAISO SP15,USA,2024-04-06 21:00:00,2024-04-06 13:00:00,-65.42324
CAISO SP15,USA,2024-04-06 22:00:00,2024-04-06 14:00:00,-65.37553
CAISO SP15,USA,2024-04-06 23:00:00,2024-04-06 15:00:00,-60.9344
CAISO SP15,USA,2024-04-07 00:00:00,2024-04-06 16:00:00,-42.5089
CAISO SP15,USA,2024-04-07 01:00:00,2024-04-06 17:00:00,29.06332
CAISO SP15,USA,2024-04-07 02:00:00,2024-04-06 18:00:00,37.5186
CAISO SP15,USA,2024-04-07 03:00:00,2024-04-06 19:00:00,37.50307
CAISO SP15,USA,2024-04-07 04:00:00,2024-04-06 20:00:00,37.06125
CAISO SP15,USA,2024-04-07 05:00:00,2024-04-06 21:00:00,34.45587
CAISO SP15,USA,2024-04-07 06:00:00,2024-04-06 22:00:00,34.27817
CAISO SP15,USA,2024-04-07 07:00:00,2024-04-06 23:00:00,43.49572
CAISO SP15,USA,2024-04-07 08:00:00,2024-04-07 00:00:00,42.88409
CAISO SP15,USA,2024-04-07 09:00:00,2024-04-07 01:00:00,39.60827
CAISO SP15,USA,2024-04-07 10:00:00,2024-04-07 02:00:00,39.51747
CAISO SP15,USA,2024-04-07 11:00:00,2024-04-07 03:00:00,40.33737
CAISO SP15,USA,2024-04-07 12:00:00,2024-04-07 04:00:00,42.14898
CAISO SP15,USA,2024-04-07 13:00:00,2024-04-07 05:00:00,41.96655
CAISO SP15,USA,2024-04-07 14:00:00,2024-04-07 06:00:00,9.73181
CAISO SP15,USA,2024-04-07 15:00:00,2024-04-07 07:00:00,-38.79004
CAISO SP15,USA,2024-04-07 16:00:00,2024-04-07 08:00:00,-60.83011
CAISO SP15,USA,2024-04-07 17:00:00,2024-04-07 09:00:00,-65.21967
CAISO SP15,USA,2024-04-07 18:00:00,2024-04-07 10:00:00,-65.60349
CAISO SP15,USA,2024-04-07 19:00:00,2024-04-07 11:00:00,-66.97213
CAISO SP15,USA,2024-04-07 20:00:00,2024-04-07 12:00:00,-67.08214
CAISO SP15,USA,2024-04-07 21:00:00,2024-04-07 13:00:00,-66.83248
CAISO SP15,USA,2024-04-07 22:00:00,2024-04-07 14:00:00,-66.70815
CAISO SP15,USA,2024-04-07 23:00:00,2024-04-07 15:00:00,-66.37625
CAISO SP15,USA,2024-04-08 00:00:00,2024-04-07 16:00:00,-31.39499
CAISO SP15,USA,2024-04-08 01:00:00,2024-04-07 17:00:00,31.77143
CAISO SP15,USA,2024-04-08 02:00:00,2024-04-07 18:00:00,36.16871
CAISO SP15,USA,2024-04-08 03:00:00,2024-04-07 19:00:00,33.71535
CAISO SP15,USA,2024-04-08 04:00:00,2024-04-07 20:00:00,34.73909
CAISO SP15,USA,2024-04-08 05:00:00,2024-04-07 21:00:00,34.79477
CAISO SP15,USA,2024-04-08 06:00:00,2024-04-07 22:00:00,34.13361
CAISO SP15,USA,2024-04-08 07:00:00,2024-04-07 23:00:00,30.87329
CAISO SP15,USA,2024-04-08 08:00:00,2024-04-08 00:00:00,29.97546
CAISO SP15,USA,2024-04-08 09:00:00,2024-04-08 01:00:00,30.10744
CAISO SP15,USA,2024-04-08 10:00:00,2024-04-08 02:00:00,30.29207
CAISO SP15,USA,2024-04-08 11:00:00,2024-04-08 03:00:00,33.0
CAISO SP15,USA,2024-04-08 12:00:00,2024-04-08 04:00:00,36.94062
CAISO SP15,USA,2024-04-08 13:00:00,2024-04-08 05:00:00,55.10208
CAISO SP15,USA,2024-04-08 14:00:00,2024-04-08 06:00:00,28.29587
CAISO SP15,USA,2024-04-08 15:00:00,2024-04-08 07:00:00,-2.49875
CAISO SP15,USA,2024-04-08 16:00:00,2024-04-08 08:00:00,-10.53455
CAISO SP15,USA,2024-04-08 17:00:00,2024-04-08 09:00:00,-4.96329
CAISO SP15,USA,2024-04-08 18:00:00,2024-04-08 10:00:00,-2.18366
CAISO SP15,USA,2024-04-08 19:00:00,2024-04-08 11:00:00,-27.01794
CAISO SP15,USA,2024-04-08 20:00:00,2024-04-08 12:00:00,-28.00432
CAISO SP15,USA,2024-04-08 21:00:00,2024-04-08 13:00:00,-25.90048
CAISO SP15,USA,2024-04-08 22:00:00,2024-04-08 14:00:00,-25.36675
CAISO SP15,USA,2024-04-08 23:00:00,2024-04-08 15:00:00,-23.71733
CAISO SP15,USA,2024-04-09 00:00:00,2024-04-08 16:00:00,-3.98313
CAISO SP15,USA,2024-04-09 01:00:00,2024-04-08 17:00:00,36.65645
CAISO SP15,USA,2024-04-09 02:00:00,2024-04-08 18:00:00,52.05349
CAISO SP15,USA,2024-04-09 03:00:00,2024-04-08 19:00:00,49.13525
CAISO SP15,USA,2024-04-09 04:00:00,2024-04-08 20:00:00,40.60295
CAISO SP15,USA,2024-04-09 05:00:00,2024-04-08 21:00:00,37.13435
CAISO SP15,USA,2024-04-09 06:00:00,2024-04-08 22:00:00,35.76625
CAISO SP15,USA,2024-04-09 07:00:00,2024-04-08 23:00:00,31.8173
CAISO SP15,USA,2024-04-09 08:00:00,2024-04-09 00:00:00,31.31813
CAISO SP15,USA,2024-04-09 09:00:00,2024-04-09 01:00:00,30.74792
CAISO SP15,USA,2024-04-09 10:00:00,2024-04-09 02:00:00,30.81642
CAISO SP15,USA,2024-04-09 11:00:00,2024-04-09 03:00:00,36.0
CAISO SP15,USA,2024-04-09 12:00:00,2024-04-09 04:00:00,47.03432
CAISO SP15,USA,2024-04-09 13:00:00,2024-04-09 05:00:00,52.05572
CAISO SP15,USA,2024-04-09 14:00:00,2024-04-09 06:00:00,32.28728
CAISO SP15,USA,2024-04-09 15:00:00,2024-04-09 07:00:00,-16.71705
CAISO SP15,USA,2024-04-09 16:00:00,2024-04-09 08:00:00,-31.07113
CAISO SP15,USA,2024-04-09 17:00:00,2024-04-09 09:00:00,-37.6972
CAISO SP15,USA,2024-04-09 18:00:00,2024-04-09 10:00:00,-38.32191
CAISO SP15,USA,2024-04-09 19:00:00,2024-04-09 11:00:00,-39.14536
CAISO SP15,USA,2024-04-09 20:00:00,2024-04-09 12:00:00,-39.05163
CAISO SP15,USA,2024-04-09 21:00:00,2024-04-09 13:00:00,-39.29009
CAISO SP15,USA,2024-04-09 22:00:00,2024-04-09 14:00:00,-38.23582
CAISO SP15,USA,2024-04-09 23:00:00,2024-04-09 15:00:00,-25.80629
CAISO SP15,USA,2024-04-10 00:00:00,2024-04-09 16:00:00,-4.26353
CAISO SP15,USA,2024-04-10 01:00:00,2024-04-09 17:00:00,41.2338
CAISO SP15,USA,2024-04-10 02:00:00,2024-04-09 18:00:00,50.50537
CAISO SP15,USA,2024-04-10 03:00:00,2024-04-09 19:00:00,49.27
CAISO SP15,USA,2024-04-10 04:00:00,2024-04-09 20:00:00,44.41432
CAISO SP15,USA,2024-04-10 05:00:00,2024-04-09 21:00:00,39.77453
CAISO SP15,USA,2024-04-10 06:00:00,2024-04-09 22:00:00,38.78808
CAISO SP15,USA,2024-04-10 07:00:00,2024-04-09 23:00:00,40.6386
CAISO SP15,USA,2024-04-10 08:00:00,2024-04-10 00:00:00,37.84022
CAISO SP15,USA,2024-04-10 09:00:00,2024-04-10 01:00:00,36.66731
CAISO SP15,USA,2024-04-10 10:00:00,2024-04-10 02:00:00,36.85929
CAISO SP15,USA,2024-04-10 11:00:00,2024-04-10 03:00:00,37.52693
CAISO SP15,USA,2024-04-10 12:00:00,2024-04-10 04:00:00,41.12849
CAISO SP15,USA,2024-04-10 13:00:00,2024-04-10 05:00:00,48.91464
CAISO SP15,USA,2024-04-10 14:00:00,2024-04-10 06:00:00,24.11368
CAISO SP15,USA,2024-04-10 15:00:00,2024-04-10 07:00:00,-15.0
CAISO SP15,USA,2024-04-10 16:00:00,2024-04-10 08:00:00,-28.14562
CAISO SP15,USA,2024-04-10 17:00:00,2024-04-10 09:00:00,-30.26956
CAISO SP15,USA,2024-04-10 18:00:00,2024-04-10 10:00:00,-30.80448
CAISO SP15,USA,2024-04-10 19:00:00,2024-04-10 11:00:00,-31.17334
CAISO SP15,USA,2024-04-10 20:00:00,2024-04-10 12:00:00,-30.80932
CAISO SP15,USA,2024-04-10 21:00:00,2024-04-10 13:00:00,-30.30441
CAISO SP15,USA,2024-04-10 22:00:00,2024-04-10 14:00:00,-30.01057
CAISO SP15,USA,2024-04-10 23:00:00,2024-04-10 15:00:00,-15.60769
CAISO SP15,USA,2024-04-11 00:00:00,2024-04-10 16:00:00,7.32335
CAISO SP15,USA,2024-04-11 01:00:00,2024-04-10 17:00:00,48.36
CAISO SP15,USA,2024-04-11 02:00:00,2024-04-10 18:00:00,57.33418
CAISO SP15,USA,2024-04-11 03:00:00,2024-04-10 19:00:00,45.08
CAISO SP15,USA,2024-04-11 04:00:00,2024-04-10 20:00:00,46.39759
CAISO SP15,USA,2024-04-11 05:00:00,2024-04-10 21:00:00,41.43172
CAISO SP15,USA,2024-04-11 06:00:00,2024-04-10 22:00:00,37.05503
CAISO SP15,USA,2024-04-11 07:00:00,2024-04-10 23:00:00,37.37425
CAISO SP15,USA,2024-04-11 08:00:00,2024-04-11 00:00:00,33.06017
CAISO SP15,USA,2024-04-11 09:00:00,2024-04-11 01:00:00,32.51848
CAISO SP15,USA,2024-04-11 10:00:00,2024-04-11 02:00:00,33.55213
CAISO SP15,USA,2024-04-11 11:00:00,2024-04-11 03:00:00,33.66018
CAISO SP15,USA,2024-04-11 12:00:00,2024-04-11 04:00:00,42.90385
CAISO SP15,USA,2024-04-11 13:00:00,2024-04-11 05:00:00,52.46527
CAISO SP15,USA,2024-04-11 14:00:00,2024-04-11 06:00:00,29.43449
CAISO SP15,USA,2024-04-11 15:00:00,2024-04-11 07:00:00,-8.39916
CAISO SP15,USA,2024-04-11 16:00:00,2024-04-11 08:00:00,-17.11353
CAISO SP15,USA,2024-04-11 17:00:00,2024-04-11 09:00:00,-19.90659
CAISO SP15,USA,2024-04-11 18:00:00,2024-04-11 10:00:00,-21.01226
CAISO SP15,USA,2024-04-11 19:00:00,2024-04-11 11:00:00,-23.43371
CAISO SP15,USA,2024-04-11 20:00:00,2024-04-11 12:00:00,-23.05063
CAISO SP15,USA,2024-04-11 21:00:00,2024-04-11 13:00:00,-20.34924
CAISO SP15,USA,2024-04-11 22:00:00,2024-04-11 14:00:00,-17.67219
CAISO SP15,USA,2024-04-11 23:00:00,2024-04-11 15:00:00,-6.18286
CAISO SP15,USA,2024-04-12 00:00:00,2024-04-11 16:00:00,18.25499
CAISO SP15,USA,2024-04-12 01:00:00,2024-04-11 17:00:00,47.00371
CAISO SP15,USA,2024-04-12 02:00:00,2024-04-11 18:00:00,54.46501
CAISO SP15,USA,2024-04-12 03:00:00,2024-04-11 19:00:00,50.71931
CAISO SP15,USA,2024-04-12 04:00:00,2024-04-11 20:00:00,45.41281
CAISO SP15,USA,2024-04-12 05:00:00,2024-04-11 21:00:00,37.53603
CAISO SP15,USA,2024-04-12 06:00:00,2024-04-11 22:00:00,34.69729
CAISO SP15,USA,2024-04-12 07:00:00,2024-04-11 23:00:00,34.3045
CAISO SP15,USA,2024-04-12 08:00:00,2024-04-12 00:00:00,33.27569
CAISO SP15,USA,2024-04-12 09:00:00,2024-04-12 01:00:00,33.77865
CAISO SP15,USA,2024-04-12 10:00:00,2024-04-12 02:00:00,33.88705
CAISO SP15,USA,2024-04-12 11:00:00,2024-04-12 03:00:00,34.04376
CAISO SP15,USA,2024-04-12 12:00:00,2024-04-12 04:00:00,40.44012
CAISO SP15,USA,2024-04-12 13:00:00,2024-04-12 05:00:00,43.76793
CAISO SP15,USA,2024-04-12 14:00:00,2024-04-12 06:00:00,30.0
CAISO SP15,USA,2024-04-12 15:00:00,2024-04-12 07:00:00,-13.79855
CAISO SP15,USA,2024-04-12 16:00:00,2024-04-12 08:00:00,-23.17882
CAISO SP15,USA,2024-04-12 17:00:00,2024-04-12 09:00:00,-28.66696
CAISO SP15,USA,2024-04-12 18:00:00,2024-04-12 10:00:00,-29.87468
CAISO SP15,USA,2024-04-12 19:00:00,2024-04-12 11:00:00,-30.42889
CAISO SP15,USA,2024-04-12 20:00:00,2024-04-12 12:00:00,-29.85049
CAISO SP15,USA,2024-04-12 21:00:00,2024-04-12 13:00:00,-29.75342
CAISO SP15,USA,2024-04-12 22:00:00,2024-04-12 14:00:00,-30.41672
CAISO SP15,USA,2024-04-12 23:00:00,2024-04-12 15:00:00,-22.64
CAISO SP15,USA,2024-04-13 00:00:00,2024-04-12 16:00:00,-2.29732
CAISO SP15,USA,2024-04-13 01:00:00,2024-04-12 17:00:00,36.9772
CAISO SP15,USA,2024-04-13 02:00:00,2024-04-12 18:00:00,46.60594
CAISO SP15,USA,2024-04-13 03:00:00,2024-04-12 19:00:00,43.57297
CAISO SP15,USA,2024-04-13 04:00:00,2024-04-12 20:00:00,40.51619
CAISO SP15,USA,2024-04-13 05:00:00,2024-04-12 21:00:00,36.97022
CAISO SP15,USA,2024-04-13 06:00:00,2024-04-12 22:00:00,36.37771
CAISO SP15,USA,2024-04-13 07:00:00,2024-04-12 23:00:00,42.65702
CAISO SP15,USA,2024-04-13 08:00:00,2024-04-13 00:00:00,39.44529
CAISO SP15,USA,2024-04-13 09:00:00,2024-04-13 01:00:00,36.72312
CAISO SP15,USA,2024-04-13 10:00:00,2024-04-13 02:00:00,34.41011
CAISO SP15,USA,2024-04-13 11:00:00,2024-04-13 03:00:00,34.5206
CAISO SP15,USA,2024-04-13 12:00:00,2024-04-13 04:00:00,39.6923
CAISO SP15,USA,2024-04-13 13:00:00,2024-04-13 05:00:00,46.02986
CAISO SP15,USA,2024-04-13 14:00:00,2024-04-13 06:00:00,26.44317
CAISO SP15,USA,2024-04-13 15:00:00,2024-04-13 07:00:00,1.49616
CAISO SP15,USA,2024-04-13 16:00:00,2024-04-13 08:00:00,-12.07728
CAISO SP15,USA,2024-04-13 17:00:00,2024-04-13 09:00:00,-11.96675
CAISO SP15,USA,2024-04-13 18:00:00,2024-04-13 10:00:00,-12.08
CAISO SP15,USA,2024-04-13 19:00:00,2024-04-13 11:00:00,-12.6842
CAISO SP15,USA,2024-04-13 20:00:00,2024-04-13 12:00:00,-12.68907
CAISO SP15,USA,2024-04-13 21:00:00,2024-04-13 13:00:00,-12.05014
CAISO SP15,USA,2024-04-13 22:00:00,2024-04-13 14:00:00,-10.65619
CAISO SP15,USA,2024-04-13 23:00:00,2024-04-13 15:00:00,8.63898
CAISO SP15,USA,2024-04-14 00:00:00,2024-04-13 16:00:00,29.19549
CAISO SP15,USA,2024-04-14 01:00:00,2024-04-13 17:00:00,42.97782
CAISO SP15,USA,2024-04-14 02:00:00,2024-04-13 18:00:00,43.93448
CAISO SP15,USA,2024-04-14 03:00:00,2024-04-13 19:00:00,46.53871
CAISO SP15,USA,2024-04-14 04:00:00,2024-04-13 20:00:00,46.45851
CAISO SP15,USA,2024-04-14 05:00:00,2024-04-13 21:00:00,42.80885
CAISO SP15,USA,2024-04-14 06:00:00,2024-04-13 22:00:00,40.39433
CAISO SP15,USA,2024-04-14 07:00:00,2024-04-13 23:00:00,35.63945
CAISO SP15,USA,2024-04-14 08:00:00,2024-04-14 00:00:00,35.22175
CAISO SP15,USA,2024-04-14 09:00:00,2024-04-14 01:00:00,35.5691
CAISO SP15,USA,2024-04-14 10:00:00,2024-04-14 02:00:00,35.37975
CAISO SP15,USA,2024-04-14 11:00:00,2024-04-14 03:00:00,35.6707
CAISO SP15,USA,2024-04-14 12:00:00,2024-04-14 04:00:00,36.60619
CAISO SP15,USA,2024-04-14 13:00:00,2024-04-14 05:00:00,35.77434
CAISO SP15,USA,2024-04-14 14:00:00,2024-04-14 06:00:00,19.1973
CAISO SP15,USA,2024-04-14 15:00:00,2024-04-14 07:00:00,-13.53283
CAISO SP15,USA,2024-04-14 16:00:00,2024-04-14 08:00:00,-20.26666
CAISO SP15,USA,2024-04-14 17:00:00,2024-04-14 09:00:00,-20.39316
CAISO SP15,USA,2024-04-14 18:00:00,2024-04-14 10:00:00,-19.91244
CAISO SP15,USA,2024-04-14 19:00:00,2024-04-14 11:00:00,-21.22625
CAISO SP15,USA,2024-04-14 20:00:00,2024-04-14 12:00:00,-22.69402
CAISO SP15,USA,2024-04-14 21:00:00,2024-04-14 13:00:00,-21.09555
CAISO SP15,USA,2024-04-14 22:00:00,2024-04-14 14:00:00,-19.79047
CAISO SP15,USA,2024-04-14 23:00:00,2024-04-14 15:00:00,-10.19499
CAISO SP15,USA,2024-04-15 00:00:00,2024-04-14 16:00:00,4.47707
CAISO SP15,USA,2024-04-15 01:00:00,2024-04-14 17:00:00,32.64779
CAISO SP15,USA,2024-04-15 02:00:00,2024-04-14 18:00:00,37.05447
CAISO SP15,USA,2024-04-15 03:00:00,2024-04-14 19:00:00,37.15098
CAISO SP15,USA,2024-04-15 04:00:00,2024-04-14 20:00:00,36.44972
CAISO SP15,USA,2024-04-15 05:00:00,2024-04-14 21:00:00,32.19089
CAISO SP15,USA,2024-04-15 06:00:00,2024-04-14 22:00:00,28.56
CAISO SP15,USA,2024-04-15 07:00:00,2024-04-14 23:00:00,27.50543
CAISO SP15,USA,2024-04-15 08:00:00,2024-04-15 00:00:00,27.31192
CAISO SP15,USA,2024-04-15 09:00:00,2024-04-15 01:00:00,28.31184
CAISO SP15,USA,2024-04-15 10:00:00,2024-04-15 02:00:00,27.32543
CAISO SP15,USA,2024-04-15 11:00:00,2024-04-15 03:00:00,27.46312
CAISO SP15,USA,2024-04-15 12:00:00,2024-04-15 04:00:00,33.94834
CAISO SP15,USA,2024-04-15 13:00:00,2024-04-15 05:00:00,39.89047
CAISO SP15,USA,2024-04-15 14:00:00,2024-04-15 06:00:00,21.65792
CAISO SP15,USA,2024-04-15 15:00:00,2024-04-15 07:00:00,-19.97749
CAISO SP15,USA,2024-04-15 16:00:00,2024-04-15 08:00:00,-28.61746
CAISO SP15,USA,2024-04-15 17:00:00,2024-04-15 09:00:00,-29.23388
CAISO SP15,USA,2024-04-15 18:00:00,2024-04-15 10:00:00,-29.8
CAISO SP15,USA,2024-04-15 19:00:00,2024-04-15 11:00:00,-35.10411
CAISO SP15,USA,2024-04-15 20:00:00,2024-04-15 12:00:00,-34.68725
CAISO SP15,USA,2024-04-15 21:00:00,2024-04-15 13:00:00,-35.67709
CAISO SP15,USA,2024-04-15 22:00:00,2024-04-15 14:00:00,-32.02
CAISO SP15,USA,2024-04-15 23:00:00,2024-04-15 15:00:00,-24.67934
CAISO SP15,USA,2024-04-16 00:00:00,2024-04-15 16:00:00,-2.70173
CAISO SP15,USA,2024-04-16 01:00:00,2024-04-15 17:00:00,40.02454
CAISO SP15,USA,2024-04-16 02:00:00,2024-04-15 18:00:00,46.93301
CAISO SP15,USA,2024-04-16 03:00:00,2024-04-15 19:00:00,48.56913
CAISO SP15,USA,2024-04-16 04:00:00,2024-04-15 20:00:00,44.24227
CAISO SP15,USA,2024-04-16 05:00:00,2024-04-15 21:00:00,42.01422
CAISO SP15,USA,2024-04-16 06:00:00,2024-04-15 22:00:00,36.59
CAISO SP15,USA,2024-04-16 07:00:00,2024-04-15 23:00:00,29.35305
CAISO SP15,USA,2024-04-16 08:00:00,2024-04-16 00:00:00,29.03042
CAISO SP15,USA,2024-04-16 09:00:00,2024-04-16 01:00:00,29.02943
CAISO SP15,USA,2024-04-16 10:00:00,2024-04-16 02:00:00,29.96928
CAISO SP15,USA,2024-04-16 11:00:00,2024-04-16 03:00:00,33.86409
CAISO SP15,USA,2024-04-16 12:00:00,2024-04-16 04:00:00,43.60324
CAISO SP15,USA,2024-04-16 13:00:00,2024-04-16 05:00:00,46.30653
CAISO SP15,USA,2024-04-16 14:00:00,2024-04-16 06:00:00,25.71808
CAISO SP15,USA,2024-04-16 15:00:00,2024-04-16 07:00:00,-19.95243
CAISO SP15,USA,2024-04-16 16:00:00,2024-04-16 08:00:00,-28.69713
CAISO SP15,USA,2024-04-16 17:00:00,2024-04-16 09:00:00,-29.62264
CAISO SP15,USA,2024-04-16 18:00:00,2024-04-16 10:00:00,-30.0
CAISO SP15,USA,2024-04-16 19:00:00,2024-04-16 11:00:00,-31.17304
CAISO SP15,USA,2024-04-16 20:00:00,2024-04-16 12:00:00,-31.16668
CAISO SP15,USA,2024-04-16 21:00:00,2024-04-16 13:00:00,-30.05709
CAISO SP15,USA,2024-04-16 22:00:00,2024-04-16 14:00:00,-27.32846
CAISO SP15,USA,2024-04-16 23:00:00,2024-04-16 15:00:00,-18.89606
CAISO SP15,USA,2024-04-17 00:00:00,2024-04-16 16:00:00,1.83927
CAISO SP15,USA,2024-04-17 01:00:00,2024-04-16 17:00:00,40.09089
CAISO SP15,USA,2024-04-17 02:00:00,2024-04-16 18:00:00,49.91179
CAISO SP15,USA,2024-04-17 03:00:00,2024-04-16 19:00:00,43.7
CAISO SP15,USA,2024-04-17 04:00:00,2024-04-16 20:00:00,41.82853
CAISO SP15,USA,2024-04-17 05:00:00,2024-04-16 21:00:00,39.15233
CAISO SP15,USA,2024-04-17 06:00:00,2024-04-16 22:00:00,35.56225
CAISO SP15,USA,2024-04-17 07:00:00,2024-04-16 23:00:00,30.99586
CAISO SP15,USA,2024-04-17 08:00:00,2024-04-17 00:00:00,30.45167
CAISO SP15,USA,2024-04-17 09:00:00,2024-04-17 01:00:00,30.19954
CAISO SP15,USA,2024-04-17 10:00:00,2024-04-17 02:00:00,30.47119
CAISO SP15,USA,2024-04-17 11:00:00,2024-04-17 03:00:00,32.62929
CAISO SP15,USA,2024-04-17 12:00:00,2024-04-17 04:00:00,37.69565
CAISO SP15,USA,2024-04-17 13:00:00,2024-04-17 05:00:00,41.72093
CAISO SP15,USA,2024-04-17 14:00:00,2024-04-17 06:00:00,16.02
CAISO SP15,USA,2024-04-17 15:00:00,2024-04-17 07:00:00,-19.06531
CAISO SP15,USA,2024-04-17 16:00:00,2024-04-17 08:00:00,-30.71582
CAISO SP15,USA,2024-04-17 17:00:00,2024-04-17 09:00:00,-29.36498
CAISO SP15,USA,2024-04-17 18:00:00,2024-04-17 10:00:00,-29.86055
CAISO SP15,USA,2024-04-17 19:00:00,2024-04-17 11:00:00,-31.83505
CAISO SP15,USA,2024-04-17 20:00:00,2024-04-17 12:00:00,-30.47426
CAISO SP15,USA,2024-04-17 21:00:00,2024-04-17 13:00:00,-28.99619
CAISO SP15,USA,2024-04-17 22:00:00,2024-04-17 14:00:00,-25.26564
CAISO SP15,USA,2024-04-17 23:00:00,2024-04-17 15:00:00,-13.77134
CAISO SP15,USA,2024-04-18 00:00:00,2024-04-17 16:00:00,8.24058
CAISO SP15,USA,2024-04-18 01:00:00,2024-04-17 17:00:00,43.46744
CAISO SP15,USA,2024-04-18 02:00:00,2024-04-17 18:00:00,49.9193
CAISO SP15,USA,2024-04-18 03:00:00,2024-04-17 19:00:00,47.46401
CAISO SP15,USA,2024-04-18 04:00:00,2024-04-17 20:00:00,44.69093
CAISO SP15,USA,2024-04-18 05:00:00,2024-04-17 21:00:00,41.44755
CAISO SP15,USA,2024-04-18 06:00:00,2024-04-17 22:00:00,34.42447
CAISO SP15,USA,2024-04-18 07:00:00,2024-04-17 23:00:00,30.47702
CAISO SP15,USA,2024-04-18 08:00:00,2024-04-18 00:00:00,30.05564
CAISO SP15,USA,2024-04-18 09:00:00,2024-04-18 01:00:00,30.39896
CAISO SP15,USA,2024-04-18 10:00:00,2024-04-18 02:00:00,30.35718
CAISO SP15,USA,2024-04-18 11:00:00,2024-04-18 03:00:00,31.55993
CAISO SP15,USA,2024-04-18 12:00:00,2024-04-18 04:00:00,40.69518
CAISO SP15,USA,2024-04-18 13:00:00,2024-04-18 05:00:00,47.4787
CAISO SP15,USA,2024-04-18 14:00:00,2024-04-18 06:00:00,35.26711
CAISO SP15,USA,2024-04-18 15:00:00,2024-04-18 07:00:00,15.99384
CAISO SP15,USA,2024-04-18 16:00:00,2024-04-18 08:00:00,0.7867
CAISO SP15,USA,2024-04-18 17:00:00,2024-04-18 09:00:00,-4.86928
CAISO SP15,USA,2024-04-18 18:00:00,2024-04-18 10:00:00,-4.95606
CAISO SP15,USA,2024-04-18 19:00:00,2024-04-18 11:00:00,-7.03248
CAISO SP15,USA,2024-04-18 20:00:00,2024-04-18 12:00:00,-15.88822
CAISO SP15,USA,2024-04-18 21:00:00,2024-04-18 13:00:00,-9.64066
CAISO SP15,USA,2024-04-18 22:00:00,2024-04-18 14:00:00,-5.12064
CAISO SP15,USA,2024-04-18 23:00:00,2024-04-18 15:00:00,-2.65561
CAISO SP15,USA,2024-04-19 00:00:00,2024-04-18 16:00:00,12.16927
CAISO SP15,USA,2024-04-19 01:00:00,2024-04-18 17:00:00,42.23458
CAISO SP15,USA,2024-04-19 02:00:00,2024-04-18 18:00:00,53.27138
CAISO SP15,USA,2024-04-19 03:00:00,2024-04-18 19:00:00,44.93125
CAISO SP15,USA,2024-04-19 04:00:00,2024-04-18 20:00:00,41.31897
CAISO SP15,USA,2024-04-19 05:00:00,2024-04-18 21:00:00,35.12109
CAISO SP15,USA,2024-04-19 06:00:00,2024-04-18 22:00:00,30.62266
CAISO SP15,USA,2024-04-19 07:00:00,2024-04-18 23:00:00,28.34638
CAISO SP15,USA,2024-04-19 08:00:00,2024-04-19 00:00:00,29.8191
CAISO SP15,USA,2024-04-19 09:00:00,2024-04-19 01:00:00,28.82289
CAISO SP15,USA,2024-04-19 10:00:00,2024-04-19 02:00:00,30.26263
CAISO SP15,USA,2024-04-19 11:00:00,2024-04-19 03:00:00,32.39191
CAISO SP15,USA,2024-04-19 12:00:00,2024-04-19 04:00:00,36.8087
CAISO SP15,USA,2024-04-19 13:00:00,2024-04-19 05:00:00,39.86932
CAISO SP15,USA,2024-04-19 14:00:00,2024-04-19 06:00:00,19.98691
CAISO SP15,USA,2024-04-19 15:00:00,2024-04-19 07:00:00,-9.37906
CAISO SP15,USA,2024-04-19 16:00:00,2024-04-19 08:00:00,-20.81
CAISO SP15,USA,2024-04-19 17:00:00,2024-04-19 09:00:00,-27.61508
CAISO SP15,USA,2024-04-19 18:00:00,2024-04-19 10:00:00,-28.41593
CAISO SP15,USA,2024-04-19 19:00:00,2024-04-19 11:00:00,-32.16096
CAISO SP15,USA,2024-04-19 20:00:00,2024-04-19 12:00:00,-32.52
CAISO SP15,USA,2024-04-19 21:00:00,2024-04-19 13:00:00,-33.21
CAISO SP15,USA,2024-04-19 22:00:00,2024-04-19 14:00:00,-29.75336
CAISO SP15,USA,2024-04-19 23:00:00,2024-04-19 15:00:00,-20.09891
CAISO SP15,USA,2024-04-20 00:00:00,2024-04-19 16:00:00,-3.40265
CAISO SP15,USA,2024-04-20 01:00:00,2024-04-19 17:00:00,35.4209
CAISO SP15,USA,2024-04-20 02:00:00,2024-04-19 18:00:00,42.70104
CAISO SP15,USA,2024-04-20 03:00:00,2024-04-19 19:00:00,42.95482
CAISO SP15,USA,2024-04-20 04:00:00,2024-04-19 20:00:00,40.18611
CAISO SP15,USA,2024-04-20 05:00:00,2024-04-19 21:00:00,35.68813
CAISO SP15,USA,2024-04-20 06:00:00,2024-04-19 22:00:00,33.49944
CAISO SP15,USA,2024-04-20 07:00:00,2024-04-19 23:00:00,30.83298
CAISO SP15,USA,2024-04-20 08:00:00,2024-04-20 00:00:00,28.79025
CAISO SP15,USA,2024-04-20 09:00:00,2024-04-20 01:00:00,27.74468
CAISO SP15,USA,2024-04-20 10:00:00,2024-04-20 02:00:00,27.87723
CAISO SP15,USA,2024-04-20 11:00:00,2024-04-20 03:00:00,29.11315
CAISO SP15,USA,2024-04-20 12:00:00,2024-04-20 04:00:00,30.9168
CAISO SP15,USA,2024-04-20 13:00:00,2024-04-20 05:00:00,32.12139
CAISO SP15,USA,2024-04-20 14:00:00,2024-04-20 06:00:00,-0.15128
CAISO SP15,USA,2024-04-20 15:00:00,2024-04-20 07:00:00,-41.64972
CAISO SP15,USA,2024-04-20 16:00:00,2024-04-20 08:00:00,-56.04924
CAISO SP15,USA,2024-04-20 17:00:00,2024-04-20 09:00:00,-46.66162
CAISO SP15,USA,2024-04-20 18:00:00,2024-04-20 10:00:00,-46.09865
CAISO SP15,USA,2024-04-20 19:00:00,2024-04-20 11:00:00,-45.54582
CAISO SP15,USA,2024-04-20 20:00:00,2024-04-20 12:00:00,-45.33222
CAISO SP15,USA,2024-04-20 21:00:00,2024-04-20 13:00:00,-45.78952
CAISO SP15,USA,2024-04-20 22:00:00,2024-04-20 14:00:00,-45.31296
CAISO SP15,USA,2024-04-20 23:00:00,2024-04-20 15:00:00,-32.78574
CAISO SP15,USA,2024-04-21 00:00:00,2024-04-20 16:00:00,-3.55183
CAISO SP15,USA,2024-04-21 01:00:00,2024-04-20 17:00:00,29.11373
CAISO SP15,USA,2024-04-21 02:00:00,2024-04-20 18:00:00,32.66129
CAISO SP15,USA,2024-04-21 03:00:00,2024-04-20 19:00:00,33.30866
CAISO SP15,USA,2024-04-21 04:00:00,2024-04-20 20:00:00,32.5081
CAISO SP15,USA,2024-04-21 05:00:00,2024-04-20 21:00:00,28.86062
CAISO SP15,USA,2024-04-21 06:00:00,2024-04-20 22:00:00,28.06494
CAISO SP15,USA,2024-04-21 07:00:00,2024-04-20 23:00:00,27.83882
CAISO SP15,USA,2024-04-21 08:00:00,2024-04-21 00:00:00,27.01251
CAISO SP15,USA,2024-04-21 09:00:00,2024-04-21 01:00:00,26.33552
CAISO SP15,USA,2024-04-21 10:00:00,2024-04-21 02:00:00,25.07363
CAISO SP15,USA,2024-04-21 11:00:00,2024-04-21 03:00:00,27.33254
CAISO SP15,USA,2024-04-21 12:00:00,2024-04-21 04:00:00,27.92004
CAISO SP15,USA,2024-04-21 13:00:00,2024-04-21 05:00:00,28.02362
CAISO SP15,USA,2024-04-21 14:00:00,2024-04-21 06:00:00,0.67667
CAISO SP15,USA,2024-04-21 15:00:00,2024-04-21 07:00:00,-27.92013
CAISO SP15,USA,2024-04-21 16:00:00,2024-04-21 08:00:00,-33.33
CAISO SP15,USA,2024-04-21 17:00:00,2024-04-21 09:00:00,-26.88795
CAISO SP15,USA,2024-04-21 18:00:00,2024-04-21 10:00:00,-26.35333
CAISO SP15,USA,2024-04-21 19:00:00,2024-04-21 11:00:00,-27.04341
CAISO SP15,USA,2024-04-21 20:00:00,2024-04-21 12:00:00,-25.0
CAISO SP15,USA,2024-04-21 21:00:00,2024-04-21 13:00:00,-25.0
CAISO SP15,USA,2024-04-21 22:00:00,2024-04-21 14:00:00,-23.66085
CAISO SP15,USA,2024-04-21 23:00:00,2024-04-21 15:00:00,-10.83594
CAISO SP15,USA,2024-04-22 00:00:00,2024-04-21 16:00:00,5.57857
CAISO SP15,USA,2024-04-22 01:00:00,2024-04-21 17:00:00,40.21338
CAISO SP15,USA,2024-04-22 02:00:00,2024-04-21 18:00:00,44.76885
CAISO SP15,USA,2024-04-22 03:00:00,2024-04-21 19:00:00,43.6445
CAISO SP15,USA,2024-04-22 04:00:00,2024-04-21 20:00:00,40.42948
CAISO SP15,USA,2024-04-22 05:00:00,2024-04-21 21:00:00,36.51861
CAISO SP15,USA,2024-04-22 06:00:00,2024-04-21 22:00:00,31.96932
CAISO SP15,USA,2024-04-22 07:00:00,2024-04-21 23:00:00,32.12643
CAISO SP15,USA,2024-04-22 08:00:00,2024-04-22 00:00:00,30.88762
CAISO SP15,USA,2024-04-22 09:00:00,2024-04-22 01:00:00,31.95923
CAISO SP15,USA,2024-04-22 10:00:00,2024-04-22 02:00:00,30.52305
CAISO SP15,USA,2024-04-22 11:00:00,2024-04-22 03:00:00,33.29112
CAISO SP15,USA,2024-04-22 12:00:00,2024-04-22 04:00:00,43.20107
CAISO SP15,USA,2024-04-22 13:00:00,2024-04-22 05:00:00,44.86074
CAISO SP15,USA,2024-04-22 14:00:00,2024-04-22 06:00:00,21.61691
CAISO SP15,USA,2024-04-22 15:00:00,2024-04-22 07:00:00,-7.35585
CAISO SP15,USA,2024-04-22 16:00:00,2024-04-22 08:00:00,-9.18587
CAISO SP15,USA,2024-04-22 17:00:00,2024-04-22 09:00:00,-18.12376
CAISO SP15,USA,2024-04-22 18:00:00,2024-04-22 10:00:00,-9.28499
CAISO SP15,USA,2024-04-22 19:00:00,2024-04-22 11:00:00,-9.38021
CAISO SP15,USA,2024-04-22 20:00:00,2024-04-22 12:00:00,-6.85083
CAISO SP15,USA,2024-04-22 21:00:00,2024-04-22 13:00:00,-7.78824
CAISO SP15,USA,2024-04-22 22:00:00,2024-04-22 14:00:00,-5.37293
CAISO SP15,USA,2024-04-22 23:00:00,2024-04-22 15:00:00,-4.66214
CAISO SP15,USA,2024-04-23 00:00:00,2024-04-22 16:00:00,18.4362
CAISO SP15,USA,2024-04-23 01:00:00,2024-04-22 17:00:00,40.0
CAISO SP15,USA,2024-04-23 02:00:00,2024-04-22 18:00:00,56.31895
CAISO SP15,USA,2024-04-23 03:00:00,2024-04-22 19:00:00,52.73467
CAISO SP15,USA,2024-04-23 04:00:00,2024-04-22 20:00:00,45.58498
CAISO SP15,USA,2024-04-23 05:00:00,2024-04-22 21:00:00,38.55313
CAISO SP15,USA,2024-04-23 06:00:00,2024-04-22 22:00:00,30.78992
CAISO SP15,USA,2024-04-23 07:00:00,2024-04-22 23:00:00,37.73674
CAISO SP15,USA,2024-04-23 08:00:00,2024-04-23 00:00:00,31.94442
CAISO SP15,USA,2024-04-23 09:00:00,2024-04-23 01:00:00,30.5858
CAISO SP15,USA,2024-04-23 10:00:00,2024-04-23 02:00:00,29.89874
CAISO SP15,USA,2024-04-23 11:00:00,2024-04-23 03:00:00,31.65684
CAISO SP15,USA,2024-04-23 12:00:00,2024-04-23 04:00:00,40.83519
CAISO SP15,USA,2024-04-23 13:00:00,2024-04-23 05:00:00,43.65675
CAISO SP15,USA,2024-04-23 14:00:00,2024-04-23 06:00:00,14.9968
CAISO SP15,USA,2024-04-23 15:00:00,2024-04-23 07:00:00,-9.44719
CAISO SP15,USA,2024-04-23 16:00:00,2024-04-23 08:00:00,-21.25228
CAISO SP15,USA,2024-04-23 17:00:00,2024-04-23 09:00:00,-21.67675
CAISO SP15,USA,2024-04-23 18:00:00,2024-04-23 10:00:00,-20.37523
CAISO SP15,USA,2024-04-23 19:00:00,2024-04-23 11:00:00,-20.43372
CAISO SP15,USA,2024-04-23 20:00:00,2024-04-23 12:00:00,-21.43143
CAISO SP15,USA,2024-04-23 21:00:00,2024-04-23 13:00:00,-20.7565
CAISO SP15,USA,2024-04-23 22:00:00,2024-04-23 14:00:00,-20.758
CAISO SP15,USA,2024-04-23 23:00:00,2024-04-23 15:00:00,-13.0297
CAISO SP15,USA,2024-04-24 00:00:00,2024-04-23 16:00:00,-3.99
CAISO SP15,USA,2024-04-24 01:00:00,2024-04-23 17:00:00,38.2109
CAISO SP15,USA,2024-04-24 02:00:00,2024-04-23 18:00:00,48.92862
CAISO SP15,USA,2024-04-24 03:00:00,2024-04-23 19:00:00,48.6054
CAISO SP15,USA,2024-04-24 04:00:00,2024-04-23 20:00:00,42.71204
CAISO SP15,USA,2024-04-24 05:00:00,2024-04-23 21:00:00,37.68947
CAISO SP15,USA,2024-04-24 06:00:00,2024-04-23 22:00:00,32.71603
CAISO SP15,USA,2024-04-24 07:00:00,2024-04-23 23:00:00,31.18565
CAISO SP15,USA,2024-04-24 08:00:00,2024-04-24 00:00:00,29.38129
CAISO SP15,USA,2024-04-24 09:00:00,2024-04-24 01:00:00,29.18606
CAISO SP15,USA,2024-04-24 10:00:00,2024-04-24 02:00:00,28.12855
CAISO SP15,USA,2024-04-24 11:00:00,2024-04-24 03:00:00,28.95666
CAISO SP15,USA,2024-04-24 12:00:00,2024-04-24 04:00:00,34.68194
CAISO SP15,USA,2024-04-24 13:00:00,2024-04-24 05:00:00,34.34333
CAISO SP15,USA,2024-04-24 14:00:00,2024-04-24 06:00:00,8.93265
CAISO SP15,USA,2024-04-24 15:00:00,2024-04-24 07:00:00,-13.13032
CAISO SP15,USA,2024-04-24 16:00:00,2024-04-24 08:00:00,-24.97589
CAISO SP15,USA,2024-04-24 17:00:00,2024-04-24 09:00:00,-24.39903
CAISO SP15,USA,2024-04-24 18:00:00,2024-04-24 10:00:00,-26.3048
CAISO SP15,USA,2024-04-24 19:00:00,2024-04-24 11:00:00,-29.69326
CAISO SP15,USA,2024-04-24 20:00:00,2024-04-24 12:00:00,-29.80639
CAISO SP15,USA,2024-04-24 21:00:00,2024-04-24 13:00:00,-29.03229
CAISO SP15,USA,2024-04-24 22:00:00,2024-04-24 14:00:00,-26.95503
CAISO SP15,USA,2024-04-24 23:00:00,2024-04-24 15:00:00,-20.2629
CAISO SP15,USA,2024-04-25 00:00:00,2024-04-24 16:00:00,-3.49639
CAISO SP15,USA,2024-04-25 01:00:00,2024-04-24 17:00:00,33.9237
CAISO SP15,USA,2024-04-25 02:00:00,2024-04-24 18:00:00,45.42619
CAISO SP15,USA,2024-04-25 03:00:00,2024-04-24 19:00:00,44.539
CAISO SP15,USA,2024-04-25 04:00:00,2024-04-24 20:00:00,38.89583
CAISO SP15,USA,2024-04-25 05:00:00,2024-04-24 21:00:00,33.74021
CAISO SP15,USA,2024-04-25 06:00:00,2024-04-24 22:00:00,30.45154
CAISO SP15,USA,2024-04-25 07:00:00,2024-04-24 23:00:00,28.48656
CAISO SP15,USA,2024-04-25 08:00:00,2024-04-25 00:00:00,28.9659
CAISO SP15,USA,2024-04-25 09:00:00,2024-04-25 01:00:00,26.36653
CAISO SP15,USA,2024-04-25 10:00:00,2024-04-25 02:00:00,25.66858
CAISO SP15,USA,2024-04-25 11:00:00,2024-04-25 03:00:00,26.92621
CAISO SP15,USA,2024-04-25 12:00:00,2024-04-25 04:00:00,36.0047
CAISO SP15,USA,2024-04-25 13:00:00,2024-04-25 05:00:00,38.94063
CAISO SP15,USA,2024-04-25 14:00:00,2024-04-25 06:00:00,13.35274
CAISO SP15,USA,2024-04-25 15:00:00,2024-04-25 07:00:00,-17.20168
CAISO SP15,USA,2024-04-25 16:00:00,2024-04-25 08:00:00,-23.82513
CAISO SP15,USA,2024-04-25 17:00:00,2024-04-25 09:00:00,-25.23375
CAISO SP15,USA,2024-04-25 18:00:00,2024-04-25 10:00:00,-25.93319
CAISO SP15,USA,2024-04-25 19:00:00,2024-04-25 11:00:00,-29.30778
CAISO SP15,USA,2024-04-25 20:00:00,2024-04-25 12:00:00,-32.36004
CAISO SP15,USA,2024-04-25 21:00:00,2024-04-25 13:00:00,-29.34708
CAISO SP15,USA,2024-04-25 22:00:00,2024-04-25 14:00:00,-24.91292
CAISO SP15,USA,2024-04-25 23:00:00,2024-04-25 15:00:00,-22.04747
CAISO SP15,USA,2024-04-26 00:00:00,2024-04-25 16:00:00,-8.79066
CAISO SP15,USA,2024-04-26 01:00:00,2024-04-25 17:00:00,31.32071
CAISO SP15,USA,2024-04-26 02:00:00,2024-04-25 18:00:00,43.46822
CAISO SP15,USA,2024-04-26 03:00:00,2024-04-25 19:00:00,44.49374
CAISO SP15,USA,2024-04-26 04:00:00,2024-04-25 20:00:00,39.56598
CAISO SP15,USA,2024-04-26 05:00:00,2024-04-25 21:00:00,32.23804
CAISO SP15,USA,2024-04-26 06:00:00,2024-04-25 22:00:00,30.81745
CAISO SP15,USA,2024-04-26 07:00:00,2024-04-25 23:00:00,25.29577
CAISO SP15,USA,2024-04-26 08:00:00,2024-04-26 00:00:00,23.91049
CAISO SP15,USA,2024-04-26 09:00:00,2024-04-26 01:00:00,24.74872
CAISO SP15,USA,2024-04-26 10:00:00,2024-04-26 02:00:00,22.6283
CAISO SP15,USA,2024-04-26 11:00:00,2024-04-26 03:00:00,24.72997
CAISO SP15,USA,2024-04-26 12:00:00,2024-04-26 04:00:00,30.01283
CAISO SP15,USA,2024-04-26 13:00:00,2024-04-26 05:00:00,33.74868
CAISO SP15,USA,2024-04-26 14:00:00,2024-04-26 06:00:00,11.74392
CAISO SP15,USA,2024-04-26 15:00:00,2024-04-26 07:00:00,-4.98296
CAISO SP15,USA,2024-04-26 16:00:00,2024-04-26 08:00:00,-9.83828
CAISO SP15,USA,2024-04-26 17:00:00,2024-04-26 09:00:00,-13.93477
CAISO SP15,USA,2024-04-26 18:00:00,2024-04-26 10:00:00,-14.33489
CAISO SP15,USA,2024-04-26 19:00:00,2024-04-26 11:00:00,-14.92817
CAISO SP15,USA,2024-04-26 20:00:00,2024-04-26 12:00:00,-15.64433
CAISO SP15,USA,2024-04-26 21:00:00,2024-04-26 13:00:00,-15.13452
CAISO SP15,USA,2024-04-26 22:00:00,2024-04-26 14:00:00,-14.84106
CAISO SP15,USA,2024-04-26 23:00:00,2024-04-26 15:00:00,-10.0
CAISO SP15,USA,2024-04-27 00:00:00,2024-04-26 16:00:00,0.22171
CAISO SP15,USA,2024-04-27 01:00:00,2024-04-26 17:00:00,29.01866
CAISO SP15,USA,2024-04-27 02:00:00,2024-04-26 18:00:00,33.72129
CAISO SP15,USA,2024-04-27 03:00:00,2024-04-26 19:00:00,35.68034
CAISO SP15,USA,2024-04-27 04:00:00,2024-04-26 20:00:00,33.46887
CAISO SP15,USA,2024-04-27 05:00:00,2024-04-26 21:00:00,29.30965
CAISO SP15,USA,2024-04-27 06:00:00,2024-04-26 22:00:00,26.11103
CAISO SP15,USA,2024-04-27 07:00:00,2024-04-26 23:00:00,25.87471
CAISO SP15,USA,2024-04-27 08:00:00,2024-04-27 00:00:00,25.45203
CAISO SP15,USA,2024-04-27 09:00:00,2024-04-27 01:00:00,23.40639
CAISO SP15,USA,2024-04-27 10:00:00,2024-04-27 02:00:00,21.31855
CAISO SP15,USA,2024-04-27 11:00:00,2024-04-27 03:00:00,25.44702
CAISO SP15,USA,2024-04-27 12:00:00,2024-04-27 04:00:00,23.93982
CAISO SP15,USA,2024-04-27 13:00:00,2024-04-27 05:00:00,25.89622
CAISO SP15,USA,2024-04-27 14:00:00,2024-04-27 06:00:00,-10.0
CAISO SP15,USA,2024-04-27 15:00:00,2024-04-27 07:00:00,-43.79139
CAISO SP15,USA,2024-04-27 16:00:00,2024-04-27 08:00:00,-49.48664
CAISO SP15,USA,2024-04-27 17:00:00,2024-04-27 09:00:00,-47.10085
CAISO SP15,USA,2024-04-27 18:00:00,2024-04-27 10:00:00,-48.18327
CAISO SP15,USA,2024-04-27 19:00:00,2024-04-27 11:00:00,-48.52845
CAISO SP15,USA,2024-04-27 20:00:00,2024-04-27 12:00:00,-48.1922
CAISO SP15,USA,2024-04-27 21:00:00,2024-04-27 13:00:00,-48.0
CAISO SP15,USA,2024-04-27 22:00:00,2024-04-27 14:00:00,-47.32919
CAISO SP15,USA,2024-04-27 23:00:00,2024-04-27 15:00:00,-45.93326
CAISO SP15,USA,2024-04-28 00:00:00,2024-04-27 16:00:00,-22.76522
CAISO SP15,USA,2024-04-28 01:00:00,2024-04-27 17:00:00,20.0
CAISO SP15,USA,2024-04-28 02:00:00,2024-04-27 18:00:00,27.22
CAISO SP15,USA,2024-04-28 03:00:00,2024-04-27 19:00:00,29.63604
CAISO SP15,USA,2024-04-28 04:00:00,2024-04-27 20:00:00,28.53143
CAISO SP15,USA,2024-04-28 05:00:00,2024-04-27 21:00:00,26.29489
CAISO SP15,USA,2024-04-28 06:00:00,2024-04-27 22:00:00,25.29656
CAISO SP15,USA,2024-04-28 07:00:00,2024-04-27 23:00:00,28.11858
CAISO SP15,USA,2024-04-28 08:00:00,2024-04-28 00:00:00,26.80488
CAISO SP15,USA,2024-04-28 09:00:00,2024-04-28 01:00:00,27.46
CAISO SP15,USA,2024-04-28 10:00:00,2024-04-28 02:00:00,27.04918
CAISO SP15,USA,2024-04-28 11:00:00,2024-04-28 03:00:00,27.33322
CAISO SP15,USA,2024-04-28 12:00:00,2024-04-28 04:00:00,27.58062
CAISO SP15,USA,2024-04-28 13:00:00,2024-04-28 05:00:00,25.29385
CAISO SP15,USA,2024-04-28 14:00:00,2024-04-28 06:00:00,-15.48683
CAISO SP15,USA,2024-04-28 15:00:00,2024-04-28 07:00:00,-41.23307
CAISO SP15,USA,2024-04-28 16:00:00,2024-04-28 08:00:00,-39.95887
CAISO SP15,USA,2024-04-28 17:00:00,2024-04-28 09:00:00,-38.76164
CAISO SP15,USA,2024-04-28 18:00:00,2024-04-28 10:00:00,-38.1935
CAISO SP15,USA,2024-04-28 19:00:00,2024-04-28 11:00:00,-37.74046
CAISO SP15,USA,2024-04-28 20:00:00,2024-04-28 12:00:00,-36.75475
CAISO SP15,USA,2024-04-28 21:00:00,2024-04-28 13:00:00,-36.43422
CAISO SP15,USA,2024-04-28 22:00:00,2024-04-28 14:00:00,-36.66
CAISO SP15,USA,2024-04-28 23:00:00,2024-04-28 15:00:00,-33.92376
CAISO SP15,USA,2024-04-29 00:00:00,2024-04-28 16:00:00,-17.47447
CAISO SP15,USA,2024-04-29 01:00:00,2024-04-28 17:00:00,21.0925
CAISO SP15,USA,2024-04-29 02:00:00,2024-04-28 18:00:00,28.82759
CAISO SP15,USA,2024-04-29 03:00:00,2024-04-28 19:00:00,30.36913
CAISO SP15,USA,2024-04-29 04:00:00,2024-04-28 20:00:00,27.65353
CAISO SP15,USA,2024-04-29 05:00:00,2024-04-28 21:00:00,26.55345
CAISO SP15,USA,2024-04-29 06:00:00,2024-04-28 22:00:00,26.31475
CAISO SP15,USA,2024-04-29 07:00:00,2024-04-28 23:00:00,31.13106
CAISO SP15,USA,2024-04-29 08:00:00,2024-04-29 00:00:00,29.06117
CAISO SP15,USA,2024-04-29 09:00:00,2024-04-29 01:00:00,29.68004
CAISO SP15,USA,2024-04-29 10:00:00,2024-04-29 02:00:00,29.27173
CAISO SP15,USA,2024-04-29 11:00:00,2024-04-29 03:00:00,31.23394
CAISO SP15,USA,2024-04-29 12:00:00,2024-04-29 04:00:00,37.13675
CAISO SP15,USA,2024-04-29 13:00:00,2024-04-29 05:00:00,36.98723
CAISO SP15,USA,2024-04-29 14:00:00,2024-04-29 06:00:00,7.73459
CAISO SP15,USA,2024-04-29 15:00:00,2024-04-29 07:00:00,-14.01329
CAISO SP15,USA,2024-04-29 16:00:00,2024-04-29 08:00:00,-14.75787
CAISO SP15,USA,2024-04-29 17:00:00,2024-04-29 09:00:00,-16.29252
CAISO SP15,USA,2024-04-29 18:00:00,2024-04-29 10:00:00,-18.64697
CAISO SP15,USA,2024-04-29 19:00:00,2024-04-29 11:00:00,-17.88793
CAISO SP15,USA,2024-04-29 20:00:00,2024-04-29 12:00:00,-17.83817
CAISO SP15,USA,2024-04-29 21:00:00,2024-04-29 13:00:00,-19.5152
CAISO SP15,USA,2024-04-29 22:00:00,2024-04-29 14:00:00,-16.88066
CAISO SP15,USA,2024-04-29 23:00:00,2024-04-29 15:00:00,-13.06004
CAISO SP15,USA,2024-04-30 00:00:00,2024-04-29 16:00:00,-0.08715
CAISO SP15,USA,2024-04-30 01:00:00,2024-04-29 17:00:00,32.1642
CAISO SP15,USA,2024-04-30 02:00:00,2024-04-29 18:00:00,44.36551
CAISO SP15,USA,2024-04-30 03:00:00,2024-04-29 19:00:00,44.6677
CAISO SP15,USA,2024-04-30 04:00:00,2024-04-29 20:00:00,37.89614
CAISO SP15,USA,2024-04-30 05:00:00,2024-04-29 21:00:00,32.83581
CAISO SP15,USA,2024-04-30 06:00:00,2024-04-29 22:00:00,29.95196
CAISO SP15,USA,2024-04-30 07:00:00,2024-04-29 23:00:00,27.80995
CAISO SP15,USA,2024-04-30 08:00:00,2024-04-30 00:00:00,27.44004
CAISO SP15,USA,2024-04-30 09:00:00,2024-04-30 01:00:00,27.45367
CAISO SP15,USA,2024-04-30 10:00:00,2024-04-30 02:00:00,27.27525
CAISO SP15,USA,2024-04-30 11:00:00,2024-04-30 03:00:00,28.91498
CAISO SP15,USA,2024-04-30 12:00:00,2024-04-30 04:00:00,38.70188
CAISO SP15,USA,2024-04-30 13:00:00,2024-04-30 05:00:00,39.24937
CAISO SP15,USA,2024-04-30 14:00:00,2024-04-30 06:00:00,7.5617
CAISO SP15,USA,2024-04-30 15:00:00,2024-04-30 07:00:00,-14.65184
CAISO SP15,USA,2024-04-30 16:00:00,2024-04-30 08:00:00,-13.80326
CAISO SP15,USA,2024-04-30 17:00:00,2024-04-30 09:00:00,-13.04369
CAISO SP15,USA,2024-04-30 18:00:00,2024-04-30 10:00:00,-12.93852
CAISO SP15,USA,2024-04-30 19:00:00,2024-04-30 11:00:00,-12.87715
CAISO SP15,USA,2024-04-30 20:00:00,2024-04-30 12:00:00,-13.84871
CAISO SP15,USA,2024-04-30 21:00:00,2024-04-30 13:00:00,-15.1014
CAISO SP15,USA,2024-04-30 22:00:00,2024-04-30 14:00:00,-15.91426
CAISO SP15,USA,2024-04-30 23:00:00,2024-04-30 15:00:00,-10.0
CAISO SP15,USA,2024-05-01 00:00:00,2024-04-30 16:00:00,-0.81
CAISO SP15,USA,2024-05-01 01:00:00,2024-04-30 17:00:00,33.4974
CAISO SP15,USA,2024-05-01 02:00:00,2024-04-30 18:00:00,49.63991
CAISO SP15,USA,2024-05-01 03:00:00,2024-04-30 19:00:00,50.58836
CAISO SP15,USA,2024-05-01 04:00:00,2024-04-30 20:00:00,44.36075
CAISO SP15,USA,2024-05-01 05:00:00,2024-04-30 21:00:00,33.83951
CAISO SP15,USA,2024-05-01 06:00:00,2024-04-30 22:00:00,27.89388
CAISO SP15,USA,2024-05-01 07:00:00,2024-04-30 23:00:00,38.28986
CAISO SP15,USA,2024-05-01 08:00:00,2024-05-01 00:00:00,33.1257
CAISO SP15,USA,2024-05-01 09:00:00,2024-05-01 01:00:00,31.05044
CAISO SP15,USA,2024-05-01 10:00:00,2024-05-01 02:00:00,30.06519
CAISO SP15,USA,2024-05-01 11:00:00,2024-05-01 03:00:00,35.40932
CAISO SP15,USA,2024-05-01 12:00:00,2024-05-01 04:00:00,38.73982
CAISO SP15,USA,2024-05-01 13:00:00,2024-05-01 05:00:00,38.8156
CAISO SP15,USA,2024-05-01 14:00:00,2024-05-01 06:00:00,6.21587
CAISO SP15,USA,2024-05-01 15:00:00,2024-05-01 07:00:00,-15.66191
CAISO SP15,USA,2024-05-01 16:00:00,2024-05-01 08:00:00,-19.6464
CAISO SP15,USA,2024-05-01 17:00:00,2024-05-01 09:00:00,-21.29281
CAISO SP15,USA,2024-05-01 18:00:00,2024-05-01 10:00:00,-20.81375
CAISO SP15,USA,2024-05-01 19:00:00,2024-05-01 11:00:00,-22.88706
CAISO SP15,USA,2024-05-01 20:00:00,2024-05-01 12:00:00,-21.32573
CAISO SP15,USA,2024-05-01 21:00:00,2024-05-01 13:00:00,-23.91884
CAISO SP15,USA,2024-05-01 22:00:00,2024-05-01 14:00:00,-21.12993
CAISO SP15,USA,2024-05-01 23:00:00,2024-05-01 15:00:00,-11.79676
CAISO SP15,USA,2024-05-02 00:00:00,2024-05-01 16:00:00,-3.48341
CAISO SP15,USA,2024-05-02 01:00:00,2024-05-01 17:00:00,36.74712
CAISO SP15,USA,2024-05-02 02:00:00,2024-05-01 18:00:00,46.57002
CAISO SP15,USA,2024-05-02 03:00:00,2024-05-01 19:00:00,47.33489
CAISO SP15,USA,2024-05-02 04:00:00,2024-05-01 20:00:00,41.02052
CAISO SP15,USA,2024-05-02 05:00:00,2024-05-01 21:00:00,35.27177
CAISO SP15,USA,2024-05-02 06:00:00,2024-05-01 22:00:00,33.66458
CAISO SP15,USA,2024-05-02 07:00:00,2024-05-01 23:00:00,35.2456
CAISO SP15,USA,2024-05-02 08:00:00,2024-05-02 00:00:00,33.57149
CAISO SP15,USA,2024-05-02 09:00:00,2024-05-02 01:00:00,33.64678
CAISO SP15,USA,2024-05-02 10:00:00,2024-05-02 02:00:00,32.85343
CAISO SP15,USA,2024-05-02 11:00:00,2024-05-02 03:00:00,34.16588
CAISO SP15,USA,2024-05-02 12:00:00,2024-05-02 04:00:00,42.59079
CAISO SP15,USA,2024-05-02 13:00:00,2024-05-02 05:00:00,41.04214
CAISO SP15,USA,2024-05-02 14:00:00,2024-05-02 06:00:00,15.79484
CAISO SP15,USA,2024-05-02 15:00:00,2024-05-02 07:00:00,-5.22571
CAISO SP15,USA,2024-05-02 16:00:00,2024-05-02 08:00:00,-11.06056
CAISO SP15,USA,2024-05-02 17:00:00,2024-05-02 09:00:00,-9.3666
CAISO SP15,USA,2024-05-02 18:00:00,2024-05-02 10:00:00,-9.25782
CAISO SP15,USA,2024-05-02 19:00:00,2024-05-02 11:00:00,-9.37709
CAISO SP15,USA,2024-05-02 20:00:00,2024-05-02 12:00:00,-9.76929
CAISO SP15,USA,2024-05-02 21:00:00,2024-05-02 13:00:00,-9.31227
CAISO SP15,USA,2024-05-02 22:00:00,2024-05-02 14:00:00,-10.00257
CAISO SP15,USA,2024-05-02 23:00:00,2024-05-02 15:00:00,-5.99167
CAISO SP15,USA,2024-05-03 00:00:00,2024-05-02 16:00:00,6.54493
CAISO SP15,USA,2024-05-03 01:00:00,2024-05-02 17:00:00,35.53369
CAISO SP15,USA,2024-05-03 02:00:00,2024-05-02 18:00:00,45.99376
CAISO SP15,USA,2024-05-03 03:00:00,2024-05-02 19:00:00,43.84227
CAISO SP15,USA,2024-05-03 04:00:00,2024-05-02 20:00:00,38.85751
CAISO SP15,USA,2024-05-03 05:00:00,2024-05-02 21:00:00,34.6183
CAISO SP15,USA,2024-05-03 06:00:00,2024-05-02 22:00:00,31.15111
CAISO SP15,USA,2024-05-03 07:00:00,2024-05-02 23:00:00,28.84332
CAISO SP15,USA,2024-05-03 08:00:00,2024-05-03 00:00:00,27.76195
CAISO SP15,USA,2024-05-03 09:00:00,2024-05-03 01:00:00,27.42793
CAISO SP15,USA,2024-05-03 10:00:00,2024-05-03 02:00:00,26.99178
CAISO SP15,USA,2024-05-03 11:00:00,2024-05-03 03:00:00,27.87172
CAISO SP15,USA,2024-05-03 12:00:00,2024-05-03 04:00:00,35.02775
CAISO SP15,USA,2024-05-03 13:00:00,2024-05-03 05:00:00,27.85406
CAISO SP15,USA,2024-05-03 14:00:00,2024-05-03 06:00:00,8.71863
CAISO SP15,USA,2024-05-03 15:00:00,2024-05-03 07:00:00,-4.32968
CAISO SP15,USA,2024-05-03 16:00:00,2024-05-03 08:00:00,-8.31224
CAISO SP15,USA,2024-05-03 17:00:00,2024-05-03 09:00:00,-5.03612
CAISO SP15,USA,2024-05-03 18:00:00,2024-05-03 10:00:00,-5.64305
CAISO SP15,USA,2024-05-03 19:00:00,2024-05-03 11:00:00,-5.41708
CAISO SP15,USA,2024-05-03 20:00:00,2024-05-03 12:00:00,-5.41922
CAISO SP15,USA,2024-05-03 21:00:00,2024-05-03 13:00:00,-5.09792
CAISO SP15,USA,2024-05-03 22:00:00,2024-05-03 14:00:00,-4.85365
CAISO SP15,USA,2024-05-03 23:00:00,2024-05-03 15:00:00,-5.90682
CAISO SP15,USA,2024-05-04 00:00:00,2024-05-03 16:00:00,1.18475
CAISO SP15,USA,2024-05-04 01:00:00,2024-05-03 17:00:00,31.91024
CAISO SP15,USA,2024-05-04 02:00:00,2024-05-03 18:00:00,44.96004
CAISO SP15,USA,2024-05-04 03:00:00,2024-05-03 19:00:00,45.00303
CAISO SP15,USA,2024-05-04 04:00:00,2024-05-03 20:00:00,42.90063
CAISO SP15,USA,2024-05-04 05:00:00,2024-05-03 21:00:00,33.94005
CAISO SP15,USA,2024-05-04 06:00:00,2024-05-03 22:00:00,33.368
CAISO SP15,USA,2024-05-04 07:00:00,2024-05-03 23:00:00,33.20252
CAISO SP15,USA,2024-05-04 08:00:00,2024-05-04 00:00:00,31.11581
CAISO SP15,USA,2024-05-04 09:00:00,2024-05-04 01:00:00,29.08
CAISO SP15,USA,2024-05-04 10:00:00,2024-05-04 02:00:00,29.40872
CAISO SP15,USA,2024-05-04 11:00:00,2024-05-04 03:00:00,29.50901
CAISO SP15,USA,2024-05-04 12:00:00,2024-05-04 04:00:00,33.33936
CAISO SP15,USA,2024-05-04 13:00:00,2024-05-04 05:00:00,33.11789
CAISO SP15,USA,2024-05-04 14:00:00,2024-05-04 06:00:00,12.53479
CAISO SP15,USA,2024-05-04 15:00:00,2024-05-04 07:00:00,-2.6878
CAISO SP15,USA,2024-05-04 16:00:00,2024-05-04 08:00:00,-2.51395
CAISO SP15,USA,2024-05-04 17:00:00,2024-05-04 09:00:00,-1.31945
CAISO SP15,USA,2024-05-04 18:00:00,2024-05-04 10:00:00,-1.10534
CAISO SP15,USA,2024-05-04 19:00:00,2024-05-04 11:00:00,-0.88717
CAISO SP15,USA,2024-05-04 20:00:00,2024-05-04 12:00:00,-1.34321
CAISO SP15,USA,2024-05-04 21:00:00,2024-05-04 13:00:00,-0.46968
CAISO SP15,USA,2024-05-04 22:00:00,2024-05-04 14:00:00,-0.4263
CAISO SP15,USA,2024-05-04 23:00:00,2024-05-04 15:00:00,0.56205
CAISO SP15,USA,2024-05-05 00:00:00,2024-05-04 16:00:00,25.78879
CAISO SP15,USA,2024-05-05 01:00:00,2024-05-04 17:00:00,33.63848
CAISO SP15,USA,2024-05-05 02:00:00,2024-05-04 18:00:00,35.0924
CAISO SP15,USA,2024-05-05 03:00:00,2024-05-04 19:00:00,35.92802
CAISO SP15,USA,2024-05-05 04:00:00,2024-05-04 20:00:00,34.98489
CAISO SP15,USA,2024-05-05 05:00:00,2024-05-04 21:00:00,33.37008
CAISO SP15,USA,2024-05-05 06:00:00,2024-05-04 22:00:00,32.94043
CAISO SP15,USA,2024-05-05 07:00:00,2024-05-04 23:00:00,26.71706
CAISO SP15,USA,2024-05-05 08:00:00,2024-05-05 00:00:00,24.46916
CAISO SP15,USA,2024-05-05 09:00:00,2024-05-05 01:00:00,24.41966
CAISO SP15,USA,2024-05-05 10:00:00,2024-05-05 02:00:00,23.97581
CAISO SP15,USA,2024-05-05 11:00:00,2024-05-05 03:00:00,26.10288
CAISO SP15,USA,2024-05-05 12:00:00,2024-05-05 04:00:00,26.77465
CAISO SP15,USA,2024-05-05 13:00:00,2024-05-05 05:00:00,25.2027
CAISO SP15,USA,2024-05-05 14:00:00,2024-05-05 06:00:00,-2.64141
CAISO SP15,USA,2024-05-05 15:00:00,2024-05-05 07:00:00,-16.53229
CAISO SP15,USA,2024-05-05 16:00:00,2024-05-05 08:00:00,-26.41961
CAISO SP15,USA,2024-05-05 17:00:00,2024-05-05 09:00:00,-27.54657
CAISO SP15,USA,2024-05-05 18:00:00,2024-05-05 10:00:00,-28.90796
CAISO SP15,USA,2024-05-05 19:00:00,2024-05-05 11:00:00,-29.14
CAISO SP15,USA,2024-05-05 20:00:00,2024-05-05 12:00:00,-30.09172
CAISO SP15,USA,2024-05-05 21:00:00,2024-05-05 13:00:00,-30.29118
CAISO SP15,USA,2024-05-05 22:00:00,2024-05-05 14:00:00,-31.03389
CAISO SP15,USA,2024-05-05 23:00:00,2024-05-05 15:00:00,-28.58075
CAISO SP15,USA,2024-05-06 00:00:00,2024-05-05 16:00:00,-17.94796
CAISO SP15,USA,2024-05-06 01:00:00,2024-05-05 17:00:00,15.91444
CAISO SP15,USA,2024-05-06 02:00:00,2024-05-05 18:00:00,30.01637
CAISO SP15,USA,2024-05-06 03:00:00,2024-05-05 19:00:00,31.25924
CAISO SP15,USA,2024-05-06 04:00:00,2024-05-05 20:00:00,30.9043
CAISO SP15,USA,2024-05-06 05:00:00,2024-05-05 21:00:00,28.8771
CAISO SP15,USA,2024-05-06 06:00:00,2024-05-05 22:00:00,28.12519
CAISO SP15,USA,2024-05-06 07:00:00,2024-05-05 23:00:00,28.04621
CAISO SP15,USA,2024-05-06 08:00:00,2024-05-06 00:00:00,27.46699
CAISO SP15,USA,2024-05-06 09:00:00,2024-05-06 01:00:00,26.51545
CAISO SP15,USA,2024-05-06 10:00:00,2024-05-06 02:00:00,26.32306
CAISO SP15,USA,2024-05-06 11:00:00,2024-05-06 03:00:00,27.9036
CAISO SP15,USA,2024-05-06 12:00:00,2024-05-06 04:00:00,35.41252
CAISO SP15,USA,2024-05-06 13:00:00,2024-05-06 05:00:00,36.35464
CAISO SP15,USA,2024-05-06 14:00:00,2024-05-06 06:00:00,21.84533
CAISO SP15,USA,2024-05-06 15:00:00,2024-05-06 07:00:00,-7.68384
CAISO SP15,USA,2024-05-06 16:00:00,2024-05-06 08:00:00,-10.14257
CAISO SP15,USA,2024-05-06 17:00:00,2024-05-06 09:00:00,-10.80747
CAISO SP15,USA,2024-05-06 18:00:00,2024-05-06 10:00:00,-12.62
CAISO SP15,USA,2024-05-06 19:00:00,2024-05-06 11:00:00,-12.58355
CAISO SP15,USA,2024-05-06 20:00:00,2024-05-06 12:00:00,-12.5
CAISO SP15,USA,2024-05-06 21:00:00,2024-05-06 13:00:00,-15.74201
CAISO SP15,USA,2024-05-06 22:00:00,2024-05-06 14:00:00,-12.90137
CAISO SP15,USA,2024-05-06 23:00:00,2024-05-06 15:00:00,-13.7478
CAISO SP15,USA,2024-05-07 00:00:00,2024-05-06 16:00:00,-5.55224
CAISO SP15,USA,2024-05-07 01:00:00,2024-05-06 17:00:00,28.05178
CAISO SP15,USA,2024-05-07 02:00:00,2024-05-06 18:00:00,36.04536
CAISO SP15,USA,2024-05-07 03:00:00,2024-05-06 19:00:00,37.97447
CAISO SP15,USA,2024-05-07 04:00:00,2024-05-06 20:00:00,36.42544
CAISO SP15,USA,2024-05-07 05:00:00,2024-05-06 21:00:00,31.39944
CAISO SP15,USA,2024-05-07 06:00:00,2024-05-06 22:00:00,30.58472
CAISO SP15,USA,2024-05-07 07:00:00,2024-05-06 23:00:00,23.45671
CAISO SP15,USA,2024-05-07 08:00:00,2024-05-07 00:00:00,22.63662
CAISO SP15,USA,2024-05-07 09:00:00,2024-05-07 01:00:00,22.24811
CAISO SP15,USA,2024-05-07 10:00:00,2024-05-07 02:00:00,22.37425
CAISO SP15,USA,2024-05-07 11:00:00,2024-05-07 03:00:00,23.42766
CAISO SP15,USA,2024-05-07 12:00:00,2024-05-07 04:00:00,26.9743
CAISO SP15,USA,2024-05-07 13:00:00,2024-05-07 05:00:00,28.59694
CAISO SP15,USA,2024-05-07 14:00:00,2024-05-07 06:00:00,5.82114
CAISO SP15,USA,2024-05-07 15:00:00,2024-05-07 07:00:00,-13.2236
CAISO SP15,USA,2024-05-07 16:00:00,2024-05-07 08:00:00,-21.24354
CAISO SP15,USA,2024-05-07 17:00:00,2024-05-07 09:00:00,-22.57878
CAISO SP15,USA,2024-05-07 18:00:00,2024-05-07 10:00:00,-25.02
CAISO SP15,USA,2024-05-07 19:00:00,2024-05-07 11:00:00,-26.06799
CAISO SP15,USA,2024-05-07 20:00:00,2024-05-07 12:00:00,-25.91272
CAISO SP15,USA,2024-05-07 21:00:00,2024-05-07 13:00:00,-25.59101
CAISO SP15,USA,2024-05-07 22:00:00,2024-05-07 14:00:00,-25.20689
CAISO SP15,USA,2024-05-07 23:00:00,2024-05-07 15:00:00,-23.5316
CAISO SP15,USA,2024-05-08 00:00:00,2024-05-07 16:00:00,-9.4474
CAISO SP15,USA,2024-05-08 01:00:00,2024-05-07 17:00:00,21.12141
CAISO SP15,USA,2024-05-08 02:00:00,2024-05-07 18:00:00,35.02681
CAISO SP15,USA,2024-05-08 03:00:00,2024-05-07 19:00:00,37.55664
CAISO SP15,USA,2024-05-08 04:00:00,2024-05-07 20:00:00,37.30167
CAISO SP15,USA,2024-05-08 05:00:00,2024-05-07 21:00:00,29.11954
CAISO SP15,USA,2024-05-08 06:00:00,2024-05-07 22:00:00,27.09349
CAISO SP15,USA,2024-05-08 07:00:00,2024-05-07 23:00:00,26.74178
CAISO SP15,USA,2024-05-08 08:00:00,2024-05-08 00:00:00,26.21598
CAISO SP15,USA,2024-05-08 09:00:00,2024-05-08 01:00:00,25.70606
CAISO SP15,USA,2024-05-08 10:00:00,2024-05-08 02:00:00,26.35136
CAISO SP15,USA,2024-05-08 11:00:00,2024-05-08 03:00:00,28.04126
CAISO SP15,USA,2024-05-08 12:00:00,2024-05-08 04:00:00,34.75895
CAISO SP15,USA,2024-05-08 13:00:00,2024-05-08 05:00:00,35.32266
CAISO SP15,USA,2024-05-08 14:00:00,2024-05-08 06:00:00,10.0
CAISO SP15,USA,2024-05-08 15:00:00,2024-05-08 07:00:00,-8.37344
CAISO SP15,USA,2024-05-08 16:00:00,2024-05-08 08:00:00,-13.37463
CAISO SP15,USA,2024-05-08 17:00:00,2024-05-08 09:00:00,-16.13934
CAISO SP15,USA,2024-05-08 18:00:00,2024-05-08 10:00:00,-16.48851
CAISO SP15,USA,2024-05-08 19:00:00,2024-05-08 11:00:00,-16.79268
CAISO SP15,USA,2024-05-08 20:00:00,2024-05-08 12:00:00,-16.75143
CAISO SP15,USA,2024-05-08 21:00:00,2024-05-08 13:00:00,-16.15512
CAISO SP15,USA,2024-05-08 22:00:00,2024-05-08 14:00:00,-14.27379
CAISO SP15,USA,2024-05-08 23:00:00,2024-05-08 15:00:00,-10.39859
CAISO SP15,USA,2024-05-09 00:00:00,2024-05-08 16:00:00,-0.21824
CAISO SP15,USA,2024-05-09 01:00:00,2024-05-08 17:00:00,33.61608
CAISO SP15,USA,2024-05-09 02:00:00,2024-05-08 18:00:00,48.69786
CAISO SP15,USA,2024-05-09 03:00:00,2024-05-08 19:00:00,50.09405
CAISO SP15,USA,2024-05-09 04:00:00,2024-05-08 20:00:00,43.70818
CAISO SP15,USA,2024-05-09 05:00:00,2024-05-08 21:00:00,38.92168
CAISO SP15,USA,2024-05-09 06:00:00,2024-05-08 22:00:00,38.06385
CAISO SP15,USA,2024-05-09 07:00:00,2024-05-08 23:00:00,39.17998
CAISO SP15,USA,2024-05-09 08:00:00,2024-05-09 00:00:00,38.34837
CAISO SP15,USA,2024-05-09 09:00:00,2024-05-09 01:00:00,37.18604
CAISO SP15,USA,2024-05-09 10:00:00,2024-05-09 02:00:00,35.15405
CAISO SP15,USA,2024-05-09 11:00:00,2024-05-09 03:00:00,37.06892
CAISO SP15,USA,2024-05-09 12:00:00,2024-05-09 04:00:00,39.01644
CAISO SP15,USA,2024-05-09 13:00:00,2024-05-09 05:00:00,37.59697
CAISO SP15,USA,2024-05-09 14:00:00,2024-05-09 06:00:00,13.81807
CAISO SP15,USA,2024-05-09 15:00:00,2024-05-09 07:00:00,-6.73753
CAISO SP15,USA,2024-05-09 16:00:00,2024-05-09 08:00:00,-12.93119
CAISO SP15,USA,2024-05-09 17:00:00,2024-05-09 09:00:00,-13.02251
CAISO SP15,USA,2024-05-09 18:00:00,2024-05-09 10:00:00,-15.10352
CAISO SP15,USA,2024-05-09 19:00:00,2024-05-09 11:00:00,-12.79603
CAISO SP15,USA,2024-05-09 20:00:00,2024-05-09 12:00:00,-12.84261
CAISO SP15,USA,2024-05-09 21:00:00,2024-05-09 13:00:00,-12.85124
CAISO SP15,USA,2024-05-09 22:00:00,2024-05-09 14:00:00,-12.25428
CAISO SP15,USA,2024-05-09 23:00:00,2024-05-09 15:00:00,-4.31668
CAISO SP15,USA,2024-05-10 00:00:00,2024-05-09 16:00:00,7.72382
CAISO SP15,USA,2024-05-10 01:00:00,2024-05-09 17:00:00,37.65723
CAISO SP15,USA,2024-05-10 02:00:00,2024-05-09 18:00:00,49.35942
CAISO SP15,USA,2024-05-10 03:00:00,2024-05-09 19:00:00,51.02064
CAISO SP15,USA,2024-05-10 04:00:00,2024-05-09 20:00:00,43.33176
CAISO SP15,USA,2024-05-10 05:00:00,2024-05-09 21:00:00,38.23577
CAISO SP15,USA,2024-05-10 06:00:00,2024-05-09 22:00:00,37.32036
CAISO SP15,USA,2024-05-10 07:00:00,2024-05-09 23:00:00,37.84824
CAISO SP15,USA,2024-05-10 08:00:00,2024-05-10 00:00:00,36.6897
CAISO SP15,USA,2024-05-10 09:00:00,2024-05-10 01:00:00,35.54968
CAISO SP15,USA,2024-05-10 10:00:00,2024-05-10 02:00:00,36.24408
CAISO SP15,USA,2024-05-10 11:00:00,2024-05-10 03:00:00,36.15507
CAISO SP15,USA,2024-05-10 12:00:00,2024-05-10 04:00:00,39.05898
CAISO SP15,USA,2024-05-10 13:00:00,2024-05-10 05:00:00,38.96698
CAISO SP15,USA,2024-05-10 14:00:00,2024-05-10 06:00:00,19.46409
CAISO SP15,USA,2024-05-10 15:00:00,2024-05-10 07:00:00,-4.99779
CAISO SP15,USA,2024-05-10 16:00:00,2024-05-10 08:00:00,-11.44353
CAISO SP15,USA,2024-05-10 17:00:00,2024-05-10 09:00:00,-11.53683
CAISO SP15,USA,2024-05-10 18:00:00,2024-05-10 10:00:00,-12.58886
CAISO SP15,USA,2024-05-10 19:00:00,2024-05-10 11:00:00,-11.71629
CAISO SP15,USA,2024-05-10 20:00:00,2024-05-10 12:00:00,-9.90413
CAISO SP15,USA,2024-05-10 21:00:00,2024-05-10 13:00:00,-9.79875
CAISO SP15,USA,2024-05-10 22:00:00,2024-05-10 14:00:00,-11.83702
CAISO SP15,USA,2024-05-10 23:00:00,2024-05-10 15:00:00,-6.25575
CAISO SP15,USA,2024-05-11 00:00:00,2024-05-10 16:00:00,20.52
CAISO SP15,USA,2024-05-11 01:00:00,2024-05-10 17:00:00,42.39985
CAISO SP15,USA,2024-05-11 02:00:00,2024-05-10 18:00:00,53.55008
CAISO SP15,USA,2024-05-11 03:00:00,2024-05-10 19:00:00,52.77653
CAISO SP15,USA,2024-05-11 04:00:00,2024-05-10 20:00:00,47.85618
CAISO SP15,USA,2024-05-11 05:00:00,2024-05-10 21:00:00,42.11044
CAISO SP15,USA,2024-05-11 06:00:00,2024-05-10 22:00:00,37.74627
CAISO SP15,USA,2024-05-11 07:00:00,2024-05-10 23:00:00,38.66499
CAISO SP15,USA,2024-05-11 08:00:00,2024-05-11 00:00:00,38.05827
CAISO SP15,USA,2024-05-11 09:00:00,2024-05-11 01:00:00,35.57897
CAISO SP15,USA,2024-05-11 10:00:00,2024-05-11 02:00:00,36.23962
CAISO SP15,USA,2024-05-11 11:00:00,2024-05-11 03:00:00,37.17295
CAISO SP15,USA,2024-05-11 12:00:00,2024-05-11 04:00:00,41.02276
CAISO SP15,USA,2024-05-11 13:00:00,2024-05-11 05:00:00,38.83751
CAISO SP15,USA,2024-05-11 14:00:00,2024-05-11 06:00:00,0.40327
CAISO SP15,USA,2024-05-11 15:00:00,2024-05-11 07:00:00,-14.06422
CAISO SP15,USA,2024-05-11 16:00:00,2024-05-11 08:00:00,-21.9335
CAISO SP15,USA,2024-05-11 17:00:00,2024-05-11 09:00:00,-21.50914
CAISO SP15,USA,2024-05-11 18:00:00,2024-05-11 10:00:00,-22.31267
CAISO SP15,USA,2024-05-11 19:00:00,2024-05-11 11:00:00,-22.16847
CAISO SP15,USA,2024-05-11 20:00:00,2024-05-11 12:00:00,-22.11385
CAISO SP15,USA,2024-05-11 21:00:00,2024-05-11 13:00:00,-22.11126
CAISO SP15,USA,2024-05-11 22:00:00,2024-05-11 14:00:00,-20.08277
CAISO SP15,USA,2024-05-11 23:00:00,2024-05-11 15:00:00,-15.08067
CAISO SP15,USA,2024-05-12 00:00:00,2024-05-11 16:00:00,1.41796
CAISO SP15,USA,2024-05-12 01:00:00,2024-05-11 17:00:00,34.308
CAISO SP15,USA,2024-05-12 02:00:00,2024-05-11 18:00:00,43.28551
CAISO SP15,USA,2024-05-12 03:00:00,2024-05-11 19:00:00,43.95257
CAISO SP15,USA,2024-05-12 04:00:00,2024-05-11 20:00:00,42.06876
CAISO SP15,USA,2024-05-12 05:00:00,2024-05-11 21:00:00,35.37546
CAISO SP15,USA,2024-05-12 06:00:00,2024-05-11 22:00:00,34.52834
CAISO SP15,USA,2024-05-12 07:00:00,2024-05-11 23:00:00,36.58727
CAISO SP15,USA,2024-05-12 08:00:00,2024-05-12 00:00:00,35.99985
CAISO SP15,USA,2024-05-12 09:00:00,2024-05-12 01:00:00,33.33267
CAISO SP15,USA,2024-05-12 10:00:00,2024-05-12 02:00:00,31.80069
CAISO SP15,USA,2024-05-12 11:00:00,2024-05-12 03:00:00,35.00466
CAISO SP15,USA,2024-05-12 12:00:00,2024-05-12 04:00:00,35.72578
CAISO SP15,USA,2024-05-12 13:00:00,2024-05-12 05:00:00,32.68708
CAISO SP15,USA,2024-05-12 14:00:00,2024-05-12 06:00:00,-3.44576
CAISO SP15,USA,2024-05-12 15:00:00,2024-05-12 07:00:00,-22.06153
CAISO SP15,USA,2024-05-12 16:00:00,2024-05-12 08:00:00,-23.7473
CAISO SP15,USA,2024-05-12 17:00:00,2024-05-12 09:00:00,-24.67
CAISO SP15,USA,2024-05-12 18:00:00,2024-05-12 10:00:00,-23.73928
CAISO SP15,USA,2024-05-12 19:00:00,2024-05-12 11:00:00,-23.32895
CAISO SP15,USA,2024-05-12 20:00:00,2024-05-12 12:00:00,-23.16629
CAISO SP15,USA,2024-05-12 21:00:00,2024-05-12 13:00:00,-23.15586
CAISO SP15,USA,2024-05-12 22:00:00,2024-05-12 14:00:00,-17.50347
CAISO SP15,USA,2024-05-12 23:00:00,2024-05-12 15:00:00,-6.07663
CAISO SP15,USA,2024-05-13 00:00:00,2024-05-12 16:00:00,2.80095
CAISO SP15,USA,2024-05-13 01:00:00,2024-05-12 17:00:00,34.02
CAISO SP15,USA,2024-05-13 02:00:00,2024-05-12 18:00:00,43.95629
CAISO SP15,USA,2024-05-13 03:00:00,2024-05-12 19:00:00,46.001
CAISO SP15,USA,2024-05-13 04:00:00,2024-05-12 20:00:00,40.12556
CAISO SP15,USA,2024-05-13 05:00:00,2024-05-12 21:00:00,33.60044
CAISO SP15,USA,2024-05-13 06:00:00,2024-05-12 22:00:00,31.22584
CAISO SP15,USA,2024-05-13 07:00:00,2024-05-12 23:00:00,30.67308
CAISO SP15,USA,2024-05-13 08:00:00,2024-05-13 00:00:00,30.44998
CAISO SP15,USA,2024-05-13 09:00:00,2024-05-13 01:00:00,30.39495
CAISO SP15,USA,2024-05-13 10:00:00,2024-05-13 02:00:00,30.32226
CAISO SP15,USA,2024-05-13 11:00:00,2024-05-13 03:00:00,31.29878
CAISO SP15,USA,2024-05-13 12:00:00,2024-05-13 04:00:00,38.41427
CAISO SP15,USA,2024-05-13 13:00:00,2024-05-13 05:00:00,32.61879
CAISO SP15,USA,2024-05-13 14:00:00,2024-05-13 06:00:00,5.03921
CAISO SP15,USA,2024-05-13 15:00:00,2024-05-13 07:00:00,-5.6722
CAISO SP15,USA,2024-05-13 16:00:00,2024-05-13 08:00:00,-7.65687
CAISO SP15,USA,2024-05-13 17:00:00,2024-05-13 09:00:00,-2.84837
CAISO SP15,USA,2024-05-13 18:00:00,2024-05-13 10:00:00,-2.69052
CAISO SP15,USA,2024-05-13 19:00:00,2024-05-13 11:00:00,-3.08019
CAISO SP15,USA,2024-05-13 20:00:00,2024-05-13 12:00:00,-1.71417
CAISO SP15,USA,2024-05-13 21:00:00,2024-05-13 13:00:00,-1.0209
CAISO SP15,USA,2024-05-13 22:00:00,2024-05-13 14:00:00,3.83045
CAISO SP15,USA,2024-05-13 23:00:00,2024-05-13 15:00:00,8.27303
CAISO SP15,USA,2024-05-14 00:00:00,2024-05-13 16:00:00,25.0
CAISO SP15,USA,2024-05-14 01:00:00,2024-05-13 17:00:00,39.79987
CAISO SP15,USA,2024-05-14 02:00:00,2024-05-13 18:00:00,52.24772
CAISO SP15,USA,2024-05-14 03:00:00,2024-05-13 19:00:00,51.69811
CAISO SP15,USA,2024-05-14 04:00:00,2024-05-13 20:00:00,43.07001
CAISO SP15,USA,2024-05-14 05:00:00,2024-05-13 21:00:00,37.69194
CAISO SP15,USA,2024-05-14 06:00:00,2024-05-13 22:00:00,33.24282
CAISO SP15,USA,2024-05-14 07:00:00,2024-05-13 23:00:00,33.83821
CAISO SP15,USA,2024-05-14 08:00:00,2024-05-14 00:00:00,32.28559
CAISO SP15,USA,2024-05-14 09:00:00,2024-05-14 01:00:00,30.98396
CAISO SP15,USA,2024-05-14 10:00:00,2024-05-14 02:00:00,30.89906
CAISO SP15,USA,2024-05-14 11:00:00,2024-05-14 03:00:00,31.08412
CAISO SP15,USA,2024-05-14 12:00:00,2024-05-14 04:00:00,36.87169
CAISO SP15,USA,2024-05-14 13:00:00,2024-05-14 05:00:00,35.83186
CAISO SP15,USA,2024-05-14 14:00:00,2024-05-14 06:00:00,16.43836
CAISO SP15,USA,2024-05-14 15:00:00,2024-05-14 07:00:00,-2.15646
CAISO SP15,USA,2024-05-14 16:00:00,2024-05-14 08:00:00,-2.10626
CAISO SP15,USA,2024-05-14 17:00:00,2024-05-14 09:00:00,-0.74114
CAISO SP15,USA,2024-05-14 18:00:00,2024-05-14 10:00:00,-1.92105
CAISO SP15,USA,2024-05-14 19:00:00,2024-05-14 11:00:00,-2.18669
CAISO SP15,USA,2024-05-14 20:00:00,2024-05-14 12:00:00,-1.15631
CAISO SP15,USA,2024-05-14 21:00:00,2024-05-14 13:00:00,-1.00658
CAISO SP15,USA,2024-05-14 22:00:00,2024-05-14 14:00:00,-0.55991
CAISO SP15,USA,2024-05-14 23:00:00,2024-05-14 15:00:00,0.73429
CAISO SP15,USA,2024-05-15 00:00:00,2024-05-14 16:00:00,20.40645
CAISO SP15,USA,2024-05-15 01:00:00,2024-05-14 17:00:00,37.26181
CAISO SP15,USA,2024-05-15 02:00:00,2024-05-14 18:00:00,48.87603
CAISO SP15,USA,2024-05-15 03:00:00,2024-05-14 19:00:00,49.54642
CAISO SP15,USA,2024-05-15 04:00:00,2024-05-14 20:00:00,42.01794
CAISO SP15,USA,2024-05-15 05:00:00,2024-05-14 21:00:00,36.83224
CAISO SP15,USA,2024-05-15 06:00:00,2024-05-14 22:00:00,35.75595
CAISO SP15,USA,2024-05-15 07:00:00,2024-05-14 23:00:00,30.96976
CAISO SP15,USA,2024-05-15 08:00:00,2024-05-15 00:00:00,30.86542
CAISO SP15,USA,2024-05-15 09:00:00,2024-05-15 01:00:00,30.61882
CAISO SP15,USA,2024-05-15 10:00:00,2024-05-15 02:00:00,30.74071
CAISO SP15,USA,2024-05-15 11:00:00,2024-05-15 03:00:00,31.98722
CAISO SP15,USA,2024-05-15 12:00:00,2024-05-15 04:00:00,34.56776
CAISO SP15,USA,2024-05-15 13:00:00,2024-05-15 05:00:00,33.81424
CAISO SP15,USA,2024-05-15 14:00:00,2024-05-15 06:00:00,17.54749
CAISO SP15,USA,2024-05-15 15:00:00,2024-05-15 07:00:00,2.0921
CAISO SP15,USA,2024-05-15 16:00:00,2024-05-15 08:00:00,0.21416
CAISO SP15,USA,2024-05-15 17:00:00,2024-05-15 09:00:00,-0.04274
CAISO SP15,USA,2024-05-15 18:00:00,2024-05-15 10:00:00,-1.72806
CAISO SP15,USA,2024-05-15 19:00:00,2024-05-15 11:00:00,-3.15771
CAISO SP15,USA,2024-05-15 20:00:00,2024-05-15 12:00:00,-1.34828
CAISO SP15,USA,2024-05-15 21:00:00,2024-05-15 13:00:00,-1.44975
CAISO SP15,USA,2024-05-15 22:00:00,2024-05-15 14:00:00,-2.48645
CAISO SP15,USA,2024-05-15 23:00:00,2024-05-15 15:00:00,4.90637
CAISO SP15,USA,2024-05-16 00:00:00,2024-05-15 16:00:00,23.49435
CAISO SP15,USA,2024-05-16 01:00:00,2024-05-15 17:00:00,32.84608
CAISO SP15,USA,2024-05-16 02:00:00,2024-05-15 18:00:00,44.3044
CAISO SP15,USA,2024-05-16 03:00:00,2024-05-15 19:00:00,48.24901
CAISO SP15,USA,2024-05-16 04:00:00,2024-05-15 20:00:00,41.82049
CAISO SP15,USA,2024-05-16 05:00:00,2024-05-15 21:00:00,33.88981
CAISO SP15,USA,2024-05-16 06:00:00,2024-05-15 22:00:00,32.73277
CAISO SP15,USA,2024-05-16 07:00:00,2024-05-15 23:00:00,27.00494
CAISO SP15,USA,2024-05-16 08:00:00,2024-05-16 00:00:00,26.53655
CAISO SP15,USA,2024-05-16 09:00:00,2024-05-16 01:00:00,24.223
CAISO SP15,USA,2024-05-16 10:00:00,2024-05-16 02:00:00,24.61819
CAISO SP15,USA,2024-05-16 11:00:00,2024-05-16 03:00:00,26.69033
CAISO SP15,USA,2024-05-16 12:00:00,2024-05-16 04:00:00,29.59667
CAISO SP15,USA,2024-05-16 13:00:00,2024-05-16 05:00:00,29.34784
CAISO SP15,USA,2024-05-16 14:00:00,2024-05-16 06:00:00,4.89573
CAISO SP15,USA,2024-05-16 15:00:00,2024-05-16 07:00:00,-14.79151
CAISO SP15,USA,2024-05-16 16:00:00,2024-05-16 08:00:00,-17.17162
CAISO SP15,USA,2024-05-16 17:00:00,2024-05-16 09:00:00,-16.3772
CAISO SP15,USA,2024-05-16 18:00:00,2024-05-16 10:00:00,-13.22601
CAISO SP15,USA,2024-05-16 19:00:00,2024-05-16 11:00:00,-14.34342
CAISO SP15,USA,2024-05-16 20:00:00,2024-05-16 12:00:00,-18.35878
CAISO SP15,USA,2024-05-16 21:00:00,2024-05-16 13:00:00,-17.31499
CAISO SP15,USA,2024-05-16 22:00:00,2024-05-16 14:00:00,-12.1512
CAISO SP15,USA,2024-05-16 23:00:00,2024-05-16 15:00:00,-12.49764
CAISO SP15,USA,2024-05-17 00:00:00,2024-05-16 16:00:00,-0.74488
CAISO SP15,USA,2024-05-17 01:00:00,2024-05-16 17:00:00,27.78133
CAISO SP15,USA,2024-05-17 02:00:00,2024-05-16 18:00:00,40.15706
CAISO SP15,USA,2024-05-17 03:00:00,2024-05-16 19:00:00,41.18516
CAISO SP15,USA,2024-05-17 04:00:00,2024-05-16 20:00:00,39.82386
CAISO SP15,USA,2024-05-17 05:00:00,2024-05-16 21:00:00,31.9774
CAISO SP15,USA,2024-05-17 06:00:00,2024-05-16 22:00:00,30.53697
CAISO SP15,USA,2024-05-17 07:00:00,2024-05-16 23:00:00,29.93388
CAISO SP15,USA,2024-05-17 08:00:00,2024-05-17 00:00:00,29.04979
CAISO SP15,USA,2024-05-17 09:00:00,2024-05-17 01:00:00,28.55901
CAISO SP15,USA,2024-05-17 10:00:00,2024-05-17 02:00:00,28.60478
CAISO SP15,USA,2024-05-17 11:00:00,2024-05-17 03:00:00,30.08099
CAISO SP15,USA,2024-05-17 12:00:00,2024-05-17 04:00:00,31.97651
CAISO SP15,USA,2024-05-17 13:00:00,2024-05-17 05:00:00,23.80277
CAISO SP15,USA,2024-05-17 14:00:00,2024-05-17 06:00:00,1.28652
CAISO SP15,USA,2024-05-17 15:00:00,2024-05-17 07:00:00,-5.84402
CAISO SP15,USA,2024-05-17 16:00:00,2024-05-17 08:00:00,-17.30707
CAISO SP15,USA,2024-05-17 17:00:00,2024-05-17 09:00:00,-15.28516
CAISO SP15,USA,2024-05-17 18:00:00,2024-05-17 10:00:00,-14.68601
CAISO SP15,USA,2024-05-17 19:00:00,2024-05-17 11:00:00,-14.58564
CAISO SP15,USA,2024-05-17 20:00:00,2024-05-17 12:00:00,-16.34963
CAISO SP15,USA,2024-05-17 21:00:00,2024-05-17 13:00:00,-14.99334
CAISO SP15,USA,2024-05-17 22:00:00,2024-05-17 14:00:00,-14.10169
CAISO SP15,USA,2024-05-17 23:00:00,2024-05-17 15:00:00,-10.59
CAISO SP15,USA,2024-05-18 00:00:00,2024-05-17 16:00:00,-1.69259
CAISO SP15,USA,2024-05-18 01:00:00,2024-05-17 17:00:00,26.26217
CAISO SP15,USA,2024-05-18 02:00:00,2024-05-17 18:00:00,38.8122
CAISO SP15,USA,2024-05-18 03:00:00,2024-05-17 19:00:00,40.49041
CAISO SP15,USA,2024-05-18 04:00:00,2024-05-17 20:00:00,38.75128
CAISO SP15,USA,2024-05-18 05:00:00,2024-05-17 21:00:00,34.7652
CAISO SP15,USA,2024-05-18 06:00:00,2024-05-17 22:00:00,33.69402
CAISO SP15,USA,2024-05-18 07:00:00,2024-05-17 23:00:00,27.18218
CAISO SP15,USA,2024-05-18 08:00:00,2024-05-18 00:00:00,27.45813
CAISO SP15,USA,2024-05-18 09:00:00,2024-05-18 01:00:00,26.24267
CAISO SP15,USA,2024-05-18 10:00:00,2024-05-18 02:00:00,25.0788
CAISO SP15,USA,2024-05-18 11:00:00,2024-05-18 03:00:00,22.32315
CAISO SP15,USA,2024-05-18 12:00:00,2024-05-18 04:00:00,25.35439
CAISO SP15,USA,2024-05-18 13:00:00,2024-05-18 05:00:00,18.79671
CAISO SP15,USA,2024-05-18 14:00:00,2024-05-18 06:00:00,-0.92366
CAISO SP15,USA,2024-05-18 15:00:00,2024-05-18 07:00:00,-17.76177
CAISO SP15,USA,2024-05-18 16:00:00,2024-05-18 08:00:00,-25.54715
CAISO SP15,USA,2024-05-18 17:00:00,2024-05-18 09:00:00,-29.18207
CAISO SP15,USA,2024-05-18 18:00:00,2024-05-18 10:00:00,-30.72
CAISO SP15,USA,2024-05-18 19:00:00,2024-05-18 11:00:00,-30.83442
CAISO SP15,USA,2024-05-18 20:00:00,2024-05-18 12:00:00,-31.63301
CAISO SP15,USA,2024-05-18 21:00:00,2024-05-18 13:00:00,-31.14339
CAISO SP15,USA,2024-05-18 22:00:00,2024-05-18 14:00:00,-29.13234
CAISO SP15,USA,2024-05-18 23:00:00,2024-05-18 15:00:00,-20.11032
CAISO SP15,USA,2024-05-19 00:00:00,2024-05-18 16:00:00,-5.96373
CAISO SP15,USA,2024-05-19 01:00:00,2024-05-18 17:00:00,16.24202
CAISO SP15,USA,2024-05-19 02:00:00,2024-05-18 18:00:00,29.19055
CAISO SP15,USA,2024-05-19 03:00:00,2024-05-18 19:00:00,32.78792
CAISO SP15,USA,2024-05-19 04:00:00,2024-05-18 20:00:00,30.97738
CAISO SP15,USA,2024-05-19 05:00:00,2024-05-18 21:00:00,27.89993
CAISO SP15,USA,2024-05-19 06:00:00,2024-05-18 22:00:00,26.88764
CAISO SP15,USA,2024-05-19 07:00:00,2024-05-18 23:00:00,20.32183
CAISO SP15,USA,2024-05-19 08:00:00,2024-05-19 00:00:00,20.12102
CAISO SP15,USA,2024-05-19 09:00:00,2024-05-19 01:00:00,19.85898
CAISO SP15,USA,2024-05-19 10:00:00,2024-05-19 02:00:00,19.42944
CAISO SP15,USA,2024-05-19 11:00:00,2024-05-19 03:00:00,18.35947
CAISO SP15,USA,2024-05-19 12:00:00,2024-05-19 04:00:00,15.33197
CAISO SP15,USA,2024-05-19 13:00:00,2024-05-19 05:00:00,8.06364
CAISO SP15,USA,2024-05-19 14:00:00,2024-05-19 06:00:00,-29.08465
CAISO SP15,USA,2024-05-19 15:00:00,2024-05-19 07:00:00,-49.5693
CAISO SP15,USA,2024-05-19 16:00:00,2024-05-19 08:00:00,-50.52601
CAISO SP15,USA,2024-05-19 17:00:00,2024-05-19 09:00:00,-45.64882
CAISO SP15,USA,2024-05-19 18:00:00,2024-05-19 10:00:00,-45.52616
CAISO SP15,USA,2024-05-19 19:00:00,2024-05-19 11:00:00,-45.67008
CAISO SP15,USA,2024-05-19 20:00:00,2024-05-19 12:00:00,-45.86089
CAISO SP15,USA,2024-05-19 21:00:00,2024-05-19 13:00:00,-45.48194
CAISO SP15,USA,2024-05-19 22:00:00,2024-05-19 14:00:00,-45.54473
CAISO SP15,USA,2024-05-19 23:00:00,2024-05-19 15:00:00,-43.04623
CAISO SP15,USA,2024-05-20 00:00:00,2024-05-19 16:00:00,-20.06933
CAISO SP15,USA,2024-05-20 01:00:00,2024-05-19 17:00:00,12.22668
CAISO SP15,USA,2024-05-20 02:00:00,2024-05-19 18:00:00,25.50643
CAISO SP15,USA,2024-05-20 03:00:00,2024-05-19 19:00:00,29.79889
CAISO SP15,USA,2024-05-20 04:00:00,2024-05-19 20:00:00,27.95816
CAISO SP15,USA,2024-05-20 05:00:00,2024-05-19 21:00:00,23.64214
CAISO SP15,USA,2024-05-20 06:00:00,2024-05-19 22:00:00,22.61907
CAISO SP15,USA,2024-05-20 07:00:00,2024-05-19 23:00:00,20.89296
CAISO SP15,USA,2024-05-20 08:00:00,2024-05-20 00:00:00,20.09495
CAISO SP15,USA,2024-05-20 09:00:00,2024-05-20 01:00:00,20.02262
CAISO SP15,USA,2024-05-20 10:00:00,2024-05-20 02:00:00,20.0
CAISO SP15,USA,2024-05-20 11:00:00,2024-05-20 03:00:00,22.07296
CAISO SP15,USA,2024-05-20 12:00:00,2024-05-20 04:00:00,26.38425
CAISO SP15,USA,2024-05-20 13:00:00,2024-05-20 05:00:00,25.72729
CAISO SP15,USA,2024-05-20 14:00:00,2024-05-20 06:00:00,2.11752
CAISO SP15,USA,2024-05-20 15:00:00,2024-05-20 07:00:00,-6.6145
CAISO SP15,USA,2024-05-20 16:00:00,2024-05-20 08:00:00,-16.86043
CAISO SP15,USA,2024-05-20 17:00:00,2024-05-20 09:00:00,-21.59379
CAISO SP15,USA,2024-05-20 18:00:00,2024-05-20 10:00:00,-23.58109
CAISO SP15,USA,2024-05-20 19:00:00,2024-05-20 11:00:00,-25.02
CAISO SP15,USA,2024-05-20 20:00:00,2024-05-20 12:00:00,-25.86455
CAISO SP15,USA,2024-05-20 21:00:00,2024-05-20 13:00:00,-26.17918
CAISO SP15,USA,2024-05-20 22:00:00,2024-05-20 14:00:00,-24.18579
CAISO SP15,USA,2024-05-20 23:00:00,2024-05-20 15:00:00,-24.09661
CAISO SP15,USA,2024-05-21 00:00:00,2024-05-20 16:00:00,-12.64953
CAISO SP15,USA,2024-05-21 01:00:00,2024-05-20 17:00:00,17.91881
CAISO SP15,USA,2024-05-21 02:00:00,2024-05-20 18:00:00,32.60447
CAISO SP15,USA,2024-05-21 03:00:00,2024-05-20 19:00:00,34.29904
CAISO SP15,USA,2024-05-21 04:00:00,2024-05-20 20:00:00,29.6096
CAISO SP15,USA,2024-05-21 05:00:00,2024-05-20 21:00:00,25.86643
CAISO SP15,USA,2024-05-21 06:00:00,2024-05-20 22:00:00,24.01694
CAISO SP15,USA,2024-05-21 07:00:00,2024-05-20 23:00:00,18.60498
CAISO SP15,USA,2024-05-21 08:00:00,2024-05-21 00:00:00,16.50263
CAISO SP15,USA,2024-05-21 09:00:00,2024-05-21 01:00:00,16.36435
CAISO SP15,USA,2024-05-21 10:00:00,2024-05-21 02:00:00,16.65197
CAISO SP15,USA,2024-05-21 11:00:00,2024-05-21 03:00:00,17.89835
CAISO SP15,USA,2024-05-21 12:00:00,2024-05-21 04:00:00,24.64149
CAISO SP15,USA,2024-05-21 13:00:00,2024-05-21 05:00:00,23.69423
CAISO SP15,USA,2024-05-21 14:00:00,2024-05-21 06:00:00,-0.70754
CAISO SP15,USA,2024-05-21 15:00:00,2024-05-21 07:00:00,-12.13898
CAISO SP15,USA,2024-05-21 16:00:00,2024-05-21 08:00:00,-19.34744
CAISO SP15,USA,2024-05-21 17:00:00,2024-05-21 09:00:00,-17.07227
CAISO SP15,USA,2024-05-21 18:00:00,2024-05-21 10:00:00,-19.1795
CAISO SP15,USA,2024-05-21 19:00:00,2024-05-21 11:00:00,-18.75575
CAISO SP15,USA,2024-05-21 20:00:00,2024-05-21 12:00:00,-18.97935
CAISO SP15,USA,2024-05-21 21:00:00,2024-05-21 13:00:00,-17.37693
CAISO SP15,USA,2024-05-21 22:00:00,2024-05-21 14:00:00,-17.86155
CAISO SP15,USA,2024-05-21 23:00:00,2024-05-21 15:00:00,-14.84517
CAISO SP15,USA,2024-05-22 00:00:00,2024-05-21 16:00:00,-3.82862
CAISO SP15,USA,2024-05-22 01:00:00,2024-05-21 17:00:00,27.88157
CAISO SP15,USA,2024-05-22 02:00:00,2024-05-21 18:00:00,37.0411
CAISO SP15,USA,2024-05-22 03:00:00,2024-05-21 19:00:00,41.35005
CAISO SP15,USA,2024-05-22 04:00:00,2024-05-21 20:00:00,38.6375
CAISO SP15,USA,2024-05-22 05:00:00,2024-05-21 21:00:00,30.16207
CAISO SP15,USA,2024-05-22 06:00:00,2024-05-21 22:00:00,29.78019
CAISO SP15,USA,2024-05-22 07:00:00,2024-05-21 23:00:00,21.71703
CAISO SP15,USA,2024-05-22 08:00:00,2024-05-22 00:00:00,18.06131
CAISO SP15,USA,2024-05-22 09:00:00,2024-05-22 01:00:00,15.12272
CAISO SP15,USA,2024-05-22 10:00:00,2024-05-22 02:00:00,13.41653
CAISO SP15,USA,2024-05-22 11:00:00,2024-05-22 03:00:00,15.2763
CAISO SP15,USA,2024-05-22 12:00:00,2024-05-22 04:00:00,18.29866
CAISO SP15,USA,2024-05-22 13:00:00,2024-05-22 05:00:00,20.22941
CAISO SP15,USA,2024-05-22 14:00:00,2024-05-22 06:00:00,-5.21174
CAISO SP15,USA,2024-05-22 15:00:00,2024-05-22 07:00:00,-16.34697
CAISO SP15,USA,2024-05-22 16:00:00,2024-05-22 08:00:00,-25.33417
CAISO SP15,USA,2024-05-22 17:00:00,2024-05-22 09:00:00,-23.03229
CAISO SP15,USA,2024-05-22 18:00:00,2024-05-22 10:00:00,-22.49965
CAISO SP15,USA,2024-05-22 19:00:00,2024-05-22 11:00:00,-23.34838
CAISO SP15,USA,2024-05-22 20:00:00,2024-05-22 12:00:00,-23.72982
CAISO SP15,USA,2024-05-22 21:00:00,2024-05-22 13:00:00,-22.95809
CAISO SP15,USA,2024-05-22 22:00:00,2024-05-22 14:00:00,-21.93757
CAISO SP15,USA,2024-05-22 23:00:00,2024-05-22 15:00:00,-20.69266
CAISO SP15,USA,2024-05-23 00:00:00,2024-05-22 16:00:00,-6.01709
CAISO SP15,USA,2024-05-23 01:00:00,2024-05-22 17:00:00,18.89718
CAISO SP15,USA,2024-05-23 02:00:00,2024-05-22 18:00:00,32.05739
CAISO SP15,USA,2024-05-23 03:00:00,2024-05-22 19:00:00,37.54
CAISO SP15,USA,2024-05-23 04:00:00,2024-05-22 20:00:00,31.47815
CAISO SP15,USA,2024-05-23 05:00:00,2024-05-22 21:00:00,22.14233
CAISO SP15,USA,2024-05-23 06:00:00,2024-05-22 22:00:00,20.83575
CAISO SP15,USA,2024-05-23 07:00:00,2024-05-22 23:00:00,19.07736
CAISO SP15,USA,2024-05-23 08:00:00,2024-05-23 00:00:00,16.43802
CAISO SP15,USA,2024-05-23 09:00:00,2024-05-23 01:00:00,15.12
CAISO SP15,USA,2024-05-23 10:00:00,2024-05-23 02:00:00,14.58182
CAISO SP15,USA,2024-05-23 11:00:00,2024-05-23 03:00:00,15.11423
CAISO SP15,USA,2024-05-23 12:00:00,2024-05-23 04:00:00,22.79331
CAISO SP15,USA,2024-05-23 13:00:00,2024-05-23 05:00:00,21.26257
CAISO SP15,USA,2024-05-23 14:00:00,2024-05-23 06:00:00,-4.10966
CAISO SP15,USA,2024-05-23 15:00:00,2024-05-23 07:00:00,-17.6221
CAISO SP15,USA,2024-05-23 16:00:00,2024-05-23 08:00:00,-23.50819
CAISO SP15,USA,2024-05-23 17:00:00,2024-05-23 09:00:00,-24.96021
CAISO SP15,USA,2024-05-23 18:00:00,2024-05-23 10:00:00,-25.77728
CAISO SP15,USA,2024-05-23 19:00:00,2024-05-23 11:00:00,-27.08228
CAISO SP15,USA,2024-05-23 20:00:00,2024-05-23 12:00:00,-26.69598
CAISO SP15,USA,2024-05-23 21:00:00,2024-05-23 13:00:00,-27.53536
CAISO SP15,USA,2024-05-23 22:00:00,2024-05-23 14:00:00,-25.5791
CAISO SP15,USA,2024-05-23 23:00:00,2024-05-23 15:00:00,-23.90211
CAISO SP15,USA,2024-05-24 00:00:00,2024-05-23 16:00:00,-9.91932
CAISO SP15,USA,2024-05-24 01:00:00,2024-05-23 17:00:00,13.50655
CAISO SP15,USA,2024-05-24 02:00:00,2024-05-23 18:00:00,29.80348
CAISO SP15,USA,2024-05-24 03:00:00,2024-05-23 19:00:00,35.89862
CAISO SP15,USA,2024-05-24 04:00:00,2024-05-23 20:00:00,30.31967
CAISO SP15,USA,2024-05-24 05:00:00,2024-05-23 21:00:00,23.85703
CAISO SP15,USA,2024-05-24 06:00:00,2024-05-23 22:00:00,22.31331
CAISO SP15,USA,2024-05-24 07:00:00,2024-05-23 23:00:00,18.8327
CAISO SP15,USA,2024-05-24 08:00:00,2024-05-24 00:00:00,18.46542
CAISO SP15,USA,2024-05-24 09:00:00,2024-05-24 01:00:00,16.80717
CAISO SP15,USA,2024-05-24 10:00:00,2024-05-24 02:00:00,16.12
CAISO SP15,USA,2024-05-24 11:00:00,2024-05-24 03:00:00,18.7354
CAISO SP15,USA,2024-05-24 12:00:00,2024-05-24 04:00:00,26.78338
CAISO SP15,USA,2024-05-24 13:00:00,2024-05-24 05:00:00,22.75225
CAISO SP15,USA,2024-05-24 14:00:00,2024-05-24 06:00:00,-2.99743
CAISO SP15,USA,2024-05-24 15:00:00,2024-05-24 07:00:00,-10.80297
CAISO SP15,USA,2024-05-24 16:00:00,2024-05-24 08:00:00,-19.9394
CAISO SP15,USA,2024-05-24 17:00:00,2024-05-24 09:00:00,-22.22
CAISO SP15,USA,2024-05-24 18:00:00,2024-05-24 10:00:00,-24.81008
CAISO SP15,USA,2024-05-24 19:00:00,2024-05-24 11:00:00,-25.26273
CAISO SP15,USA,2024-05-24 20:00:00,2024-05-24 12:00:00,-25.44057
CAISO SP15,USA,2024-05-24 21:00:00,2024-05-24 13:00:00,-26.29494
CAISO SP15,USA,2024-05-24 22:00:00,2024-05-24 14:00:00,-24.54
CAISO SP15,USA,2024-05-24 23:00:00,2024-05-24 15:00:00,-25.83732
CAISO SP15,USA,2024-05-25 00:00:00,2024-05-24 16:00:00,-13.20442
CAISO SP15,USA,2024-05-25 01:00:00,2024-05-24 17:00:00,8.75366
CAISO SP15,USA,2024-05-25 02:00:00,2024-05-24 18:00:00,25.11533
CAISO SP15,USA,2024-05-25 03:00:00,2024-05-24 19:00:00,28.53735
CAISO SP15,USA,2024-05-25 04:00:00,2024-05-24 20:00:00,25.99412
CAISO SP15,USA,2024-05-25 05:00:00,2024-05-24 21:00:00,19.06937
CAISO SP15,USA,2024-05-25 06:00:00,2024-05-24 22:00:00,17.96185
CAISO SP15,USA,2024-05-25 07:00:00,2024-05-24 23:00:00,21.2692
CAISO SP15,USA,2024-05-25 08:00:00,2024-05-25 00:00:00,18.53423
CAISO SP15,USA,2024-05-25 09:00:00,2024-05-25 01:00:00,17.31687
CAISO SP15,USA,2024-05-25 10:00:00,2024-05-25 02:00:00,17.09477
CAISO SP15,USA,2024-05-25 11:00:00,2024-05-25 03:00:00,17.20109
CAISO SP15,USA,2024-05-25 12:00:00,2024-05-25 04:00:00,16.14939
CAISO SP15,USA,2024-05-25 13:00:00,2024-05-25 05:00:00,10.11828
CAISO SP15,USA,2024-05-25 14:00:00,2024-05-25 06:00:00,-28.42714
CAISO SP15,USA,2024-05-25 15:00:00,2024-05-25 07:00:00,-41.88822
CAISO SP15,USA,2024-05-25 16:00:00,2024-05-25 08:00:00,-44.48784
CAISO SP15,USA,2024-05-25 17:00:00,2024-05-25 09:00:00,-44.50086
CAISO SP15,USA,2024-05-25 18:00:00,2024-05-25 10:00:00,-45.37545
CAISO SP15,USA,2024-05-25 19:00:00,2024-05-25 11:00:00,-46.36657
CAISO SP15,USA,2024-05-25 20:00:00,2024-05-25 12:00:00,-47.71841
CAISO SP15,USA,2024-05-25 21:00:00,2024-05-25 13:00:00,-46.63024
CAISO SP15,USA,2024-05-25 22:00:00,2024-05-25 14:00:00,-46.38813
CAISO SP15,USA,2024-05-25 23:00:00,2024-05-25 15:00:00,-46.23205
CAISO SP15,USA,2024-05-26 00:00:00,2024-05-25 16:00:00,-28.41609
CAISO SP15,USA,2024-05-26 01:00:00,2024-05-25 17:00:00,4.32799
CAISO SP15,USA,2024-05-26 02:00:00,2024-05-25 18:00:00,19.5141
CAISO SP15,USA,2024-05-26 03:00:00,2024-05-25 19:00:00,23.97745
CAISO SP15,USA,2024-05-26 04:00:00,2024-05-25 20:00:00,21.00058
CAISO SP15,USA,2024-05-26 05:00:00,2024-05-25 21:00:00,17.46884
CAISO SP15,USA,2024-05-26 06:00:00,2024-05-25 22:00:00,16.94254
CAISO SP15,USA,2024-05-26 07:00:00,2024-05-25 23:00:00,18.93046
CAISO SP15,USA,2024-05-26 08:00:00,2024-05-26 00:00:00,16.17108
CAISO SP15,USA,2024-05-26 09:00:00,2024-05-26 01:00:00,15.21362
CAISO SP15,USA,2024-05-26 10:00:00,2024-05-26 02:00:00,14.74112
CAISO SP15,USA,2024-05-26 11:00:00,2024-05-26 03:00:00,17.17869
CAISO SP15,USA,2024-05-26 12:00:00,2024-05-26 04:00:00,15.23997
CAISO SP15,USA,2024-05-26 13:00:00,2024-05-26 05:00:00,8.61488
CAISO SP15,USA,2024-05-26 14:00:00,2024-05-26 06:00:00,-21.69828
CAISO SP15,USA,2024-05-26 15:00:00,2024-05-26 07:00:00,-34.89455
CAISO SP15,USA,2024-05-26 16:00:00,2024-05-26 08:00:00,-39.1122
CAISO SP15,USA,2024-05-26 17:00:00,2024-05-26 09:00:00,-37.8843
CAISO SP15,USA,2024-05-26 18:00:00,2024-05-26 10:00:00,-38.56649
CAISO SP15,USA,2024-05-26 19:00:00,2024-05-26 11:00:00,-39.48465
CAISO SP15,USA,2024-05-26 20:00:00,2024-05-26 12:00:00,-38.36381
CAISO SP15,USA,2024-05-26 21:00:00,2024-05-26 13:00:00,-39.20516
CAISO SP15,USA,2024-05-26 22:00:00,2024-05-26 14:00:00,-37.82688
CAISO SP15,USA,2024-05-26 23:00:00,2024-05-26 15:00:00,-37.98756
CAISO SP15,USA,2024-05-27 00:00:00,2024-05-26 16:00:00,-17.29353
CAISO SP15,USA,2024-05-27 01:00:00,2024-05-26 17:00:00,12.61569
CAISO SP15,USA,2024-05-27 02:00:00,2024-05-26 18:00:00,27.21523
CAISO SP15,USA,2024-05-27 03:00:00,2024-05-26 19:00:00,34.99441
CAISO SP15,USA,2024-05-27 04:00:00,2024-05-26 20:00:00,31.27925
CAISO SP15,USA,2024-05-27 05:00:00,2024-05-26 21:00:00,25.63201
CAISO SP15,USA,2024-05-27 06:00:00,2024-05-26 22:00:00,25.06922
CAISO SP15,USA,2024-05-27 07:00:00,2024-05-26 23:00:00,33.5107
CAISO SP15,USA,2024-05-27 08:00:00,2024-05-27 00:00:00,30.86167
CAISO SP15,USA,2024-05-27 09:00:00,2024-05-27 01:00:00,28.57447
CAISO SP15,USA,2024-05-27 10:00:00,2024-05-27 02:00:00,29.66528
CAISO SP15,USA,2024-05-27 11:00:00,2024-05-27 03:00:00,34.67313
CAISO SP15,USA,2024-05-27 12:00:00,2024-05-27 04:00:00,36.68455
CAISO SP15,USA,2024-05-27 13:00:00,2024-05-27 05:00:00,22.92537
CAISO SP15,USA,2024-05-27 14:00:00,2024-05-27 06:00:00,-9.28256
CAISO SP15,USA,2024-05-27 15:00:00,2024-05-27 07:00:00,-26.99338
CAISO SP15,USA,2024-05-27 16:00:00,2024-05-27 08:00:00,-31.94809
CAISO SP15,USA,2024-05-27 17:00:00,2024-05-27 09:00:00,-31.27639
CAISO SP15,USA,2024-05-27 18:00:00,2024-05-27 10:00:00,-32.51364
CAISO SP15,USA,2024-05-27 19:00:00,2024-05-27 11:00:00,-31.67632
CAISO SP15,USA,2024-05-27 20:00:00,2024-05-27 12:00:00,-31.51262
CAISO SP15,USA,2024-05-27 21:00:00,2024-05-27 13:00:00,-30.77081
CAISO SP15,USA,2024-05-27 22:00:00,2024-05-27 14:00:00,-29.54334
CAISO SP15,USA,2024-05-27 23:00:00,2024-05-27 15:00:00,-20.63389
CAISO SP15,USA,2024-05-28 00:00:00,2024-05-27 16:00:00,-6.12014
CAISO SP15,USA,2024-05-28 01:00:00,2024-05-27 17:00:00,26.21456
CAISO SP15,USA,2024-05-28 02:00:00,2024-05-27 18:00:00,42.93328
CAISO SP15,USA,2024-05-28 03:00:00,2024-05-27 19:00:00,44.99184
CAISO SP15,USA,2024-05-28 04:00:00,2024-05-27 20:00:00,36.91742
CAISO SP15,USA,2024-05-28 05:00:00,2024-05-27 21:00:00,29.79177
CAISO SP15,USA,2024-05-28 06:00:00,2024-05-27 22:00:00,28.13722
CAISO SP15,USA,2024-05-28 07:00:00,2024-05-27 23:00:00,30.77175
CAISO SP15,USA,2024-05-28 08:00:00,2024-05-28 00:00:00,29.62492
CAISO SP15,USA,2024-05-28 09:00:00,2024-05-28 01:00:00,30.65324
CAISO SP15,USA,2024-05-28 10:00:00,2024-05-28 02:00:00,30.13349
CAISO SP15,USA,2024-05-28 11:00:00,2024-05-28 03:00:00,33.19602
CAISO SP15,USA,2024-05-28 12:00:00,2024-05-28 04:00:00,36.39774
CAISO SP15,USA,2024-05-28 13:00:00,2024-05-28 05:00:00,26.71333
CAISO SP15,USA,2024-05-28 14:00:00,2024-05-28 06:00:00,-1.65154
CAISO SP15,USA,2024-05-28 15:00:00,2024-05-28 07:00:00,-15.84378
CAISO SP15,USA,2024-05-28 16:00:00,2024-05-28 08:00:00,-15.16781
CAISO SP15,USA,2024-05-28 17:00:00,2024-05-28 09:00:00,-17.75694
CAISO SP15,USA,2024-05-28 18:00:00,2024-05-28 10:00:00,-16.84383
CAISO SP15,USA,2024-05-28 19:00:00,2024-05-28 11:00:00,-18.0
CAISO SP15,USA,2024-05-28 20:00:00,2024-05-28 12:00:00,-19.90224
CAISO SP15,USA,2024-05-28 21:00:00,2024-05-28 13:00:00,-18.00959
CAISO SP15,USA,2024-05-28 22:00:00,2024-05-28 14:00:00,-15.00718
CAISO SP15,USA,2024-05-28 23:00:00,2024-05-28 15:00:00,-10.53126
CAISO SP15,USA,2024-05-29 00:00:00,2024-05-28 16:00:00,-1.58343
CAISO SP15,USA,2024-05-29 01:00:00,2024-05-28 17:00:00,26.72668
CAISO SP15,USA,2024-05-29 02:00:00,2024-05-28 18:00:00,38.98483
CAISO SP15,USA,2024-05-29 03:00:00,2024-05-28 19:00:00,46.9363
CAISO SP15,USA,2024-05-29 04:00:00,2024-05-28 20:00:00,39.60295
CAISO SP15,USA,2024-05-29 05:00:00,2024-05-28 21:00:00,27.75144
CAISO SP15,USA,2024-05-29 06:00:00,2024-05-28 22:00:00,26.11196
CAISO SP15,USA,2024-05-29 07:00:00,2024-05-28 23:00:00,22.07177
CAISO SP15,USA,2024-05-29 08:00:00,2024-05-29 00:00:00,20.03359
CAISO SP15,USA,2024-05-29 09:00:00,2024-05-29 01:00:00,19.0864
CAISO SP15,USA,2024-05-29 10:00:00,2024-05-29 02:00:00,18.95527
CAISO SP15,USA,2024-05-29 11:00:00,2024-05-29 03:00:00,20.9629
CAISO SP15,USA,2024-05-29 12:00:00,2024-05-29 04:00:00,24.35006
CAISO SP15,USA,2024-05-29 13:00:00,2024-05-29 05:00:00,26.00888
CAISO SP15,USA,2024-05-29 14:00:00,2024-05-29 06:00:00,-5.96889
CAISO SP15,USA,2024-05-29 15:00:00,2024-05-29 07:00:00,-16.29083
CAISO SP15,USA,2024-05-29 16:00:00,2024-05-29 08:00:00,-17.95535
CAISO SP15,USA,2024-05-29 17:00:00,2024-05-29 09:00:00,-17.06422
CAISO SP15,USA,2024-05-29 18:00:00,2024-05-29 10:00:00,-17.52193
CAISO SP15,USA,2024-05-29 19:00:00,2024-05-29 11:00:00,-17.81839
CAISO SP15,USA,2024-05-29 20:00:00,2024-05-29 12:00:00,-17.47573
CAISO SP15,USA,2024-05-29 21:00:00,2024-05-29 13:00:00,-17.22966
CAISO SP15,USA,2024-05-29 22:00:00,2024-05-29 14:00:00,-16.01038
CAISO SP15,USA,2024-05-29 23:00:00,2024-05-29 15:00:00,-15.82014
CAISO SP15,USA,2024-05-30 00:00:00,2024-05-29 16:00:00,-5.79156
CAISO SP15,USA,2024-05-30 01:00:00,2024-05-29 17:00:00,22.61275
CAISO SP15,USA,2024-05-30 02:00:00,2024-05-29 18:00:00,42.45712
CAISO SP15,USA,2024-05-30 03:00:00,2024-05-29 19:00:00,45.12951
CAISO SP15,USA,2024-05-30 04:00:00,2024-05-29 20:00:00,38.70315
CAISO SP15,USA,2024-05-30 05:00:00,2024-05-29 21:00:00,27.69457
CAISO SP15,USA,2024-05-30 06:00:00,2024-05-29 22:00:00,26.70004
CAISO SP15,USA,2024-05-30 07:00:00,2024-05-29 23:00:00,30.72041
CAISO SP15,USA,2024-05-30 08:00:00,2024-05-30 00:00:00,29.22288
CAISO SP15,USA,2024-05-30 09:00:00,2024-05-30 01:00:00,28.97758
CAISO SP15,USA,2024-05-30 10:00:00,2024-05-30 02:00:00,29.28951
CAISO SP15,USA,2024-05-30 11:00:00,2024-05-30 03:00:00,31.00709
CAISO SP15,USA,2024-05-30 12:00:00,2024-05-30 04:00:00,32.81705
CAISO SP15,USA,2024-05-30 13:00:00,2024-05-30 05:00:00,30.0
CAISO SP15,USA,2024-05-30 14:00:00,2024-05-30 06:00:00,3.92324
CAISO SP15,USA,2024-05-30 15:00:00,2024-05-30 07:00:00,-2.51534
CAISO SP15,USA,2024-05-30 16:00:00,2024-05-30 08:00:00,-2.6193
CAISO SP15,USA,2024-05-30 17:00:00,2024-05-30 09:00:00,-1.89364
CAISO SP15,USA,2024-05-30 18:00:00,2024-05-30 10:00:00,-3.06456
CAISO SP15,USA,2024-05-30 19:00:00,2024-05-30 11:00:00,-1.56449
CAISO SP15,USA,2024-05-30 20:00:00,2024-05-30 12:00:00,-1.65444
CAISO SP15,USA,2024-05-30 21:00:00,2024-05-30 13:00:00,-0.7178
CAISO SP15,USA,2024-05-30 22:00:00,2024-05-30 14:00:00,2.12493
CAISO SP15,USA,2024-05-30 23:00:00,2024-05-30 15:00:00,1.52186
CAISO SP15,USA,2024-05-31 00:00:00,2024-05-30 16:00:00,18.4684
CAISO SP15,USA,2024-05-31 01:00:00,2024-05-30 17:00:00,28.76073
CAISO SP15,USA,2024-05-31 02:00:00,2024-05-30 18:00:00,49.23535
CAISO SP15,USA,2024-05-31 03:00:00,2024-05-30 19:00:00,46.96759
CAISO SP15,USA,2024-05-31 04:00:00,2024-05-30 20:00:00,36.99469
CAISO SP15,USA,2024-05-31 05:00:00,2024-05-30 21:00:00,33.69276
CAISO SP15,USA,2024-05-31 06:00:00,2024-05-30 22:00:00,31.69003
CAISO SP15,USA,2024-05-31 07:00:00,2024-05-30 23:00:00,29.04934
CAISO SP15,USA,2024-05-31 08:00:00,2024-05-31 00:00:00,28.58214
CAISO SP15,USA,2024-05-31 09:00:00,2024-05-31 01:00:00,28.48602
CAISO SP15,USA,2024-05-31 10:00:00,2024-05-31 02:00:00,28.23131
CAISO SP15,USA,2024-05-31 11:00:00,2024-05-31 03:00:00,29.25423
CAISO SP15,USA,2024-05-31 12:00:00,2024-05-31 04:00:00,33.9455
CAISO SP15,USA,2024-05-31 13:00:00,2024-05-31 05:00:00,31.37998
CAISO SP15,USA,2024-05-31 14:00:00,2024-05-31 06:00:00,9.68708
CAISO SP15,USA,2024-05-31 15:00:00,2024-05-31 07:00:00,-2.00171
CAISO SP15,USA,2024-05-31 16:00:00,2024-05-31 08:00:00,-3.60352
CAISO SP15,USA,2024-05-31 17:00:00,2024-05-31 09:00:00,-2.8123
CAISO SP15,USA,2024-05-31 18:00:00,2024-05-31 10:00:00,-3.78
CAISO SP15,USA,2024-05-31 19:00:00,2024-05-31 11:00:00,-4.98287
CAISO SP15,USA,2024-05-31 20:00:00,2024-05-31 12:00:00,0.36703
CAISO SP15,USA,2024-05-31 21:00:00,2024-05-31 13:00:00,0.8391
CAISO SP15,USA,2024-05-31 22:00:00,2024-05-31 14:00:00,0.59945
CAISO SP15,USA,2024-05-31 23:00:00,2024-05-31 15:00:00,-4.9959
CAISO SP15,USA,2024-06-01 00:00:00,2024-05-31 16:00:00,3.74628
CAISO SP15,USA,2024-06-01 01:00:00,2024-05-31 17:00:00,30.0
CAISO SP15,USA,2024-06-01 02:00:00,2024-05-31 18:00:00,41.67029
CAISO SP15,USA,2024-06-01 03:00:00,2024-05-31 19:00:00,43.90423
CAISO SP15,USA,2024-06-01 04:00:00,2024-05-31 20:00:00,36.31266
CAISO SP15,USA,2024-06-01 05:00:00,2024-05-31 21:00:00,32.14409
CAISO SP15,USA,2024-06-01 06:00:00,2024-05-31 22:00:00,30.00363
CAISO SP15,USA,2024-06-01 07:00:00,2024-05-31 23:00:00,27.89488
CAISO SP15,USA,2024-06-01 08:00:00,2024-06-01 00:00:00,25.49962
CAISO SP15,USA,2024-06-01 09:00:00,2024-06-01 01:00:00,25.59794
CAISO SP15,USA,2024-06-01 10:00:00,2024-06-01 02:00:00,25.90925
CAISO SP15,USA,2024-06-01 11:00:00,2024-06-01 03:00:00,22.51737
CAISO SP15,USA,2024-06-01 12:00:00,2024-06-01 04:00:00,26.43142
CAISO SP15,USA,2024-06-01 13:00:00,2024-06-01 05:00:00,14.95105
CAISO SP15,USA,2024-06-01 14:00:00,2024-06-01 06:00:00,-5.71167
CAISO SP15,USA,2024-06-01 15:00:00,2024-06-01 07:00:00,-19.61397
CAISO SP15,USA,2024-06-01 16:00:00,2024-06-01 08:00:00,-22.99588
CAISO SP15,USA,2024-06-01 17:00:00,2024-06-01 09:00:00,-23.00542
CAISO SP15,USA,2024-06-01 18:00:00,2024-06-01 10:00:00,-23.59504
CAISO SP15,USA,2024-06-01 19:00:00,2024-06-01 11:00:00,-24.48519
CAISO SP15,USA,2024-06-01 20:00:00,2024-06-01 12:00:00,-25.64134
CAISO SP15,USA,2024-06-01 21:00:00,2024-06-01 13:00:00,-24.43594
CAISO SP15,USA,2024-06-01 22:00:00,2024-06-01 14:00:00,-23.93828
CAISO SP15,USA,2024-06-01 23:00:00,2024-06-01 15:00:00,-23.50652
CAISO SP15,USA,2024-06-02 00:00:00,2024-06-01 16:00:00,-12.77503
CAISO SP15,USA,2024-06-02 01:00:00,2024-06-01 17:00:00,10.18313
CAISO SP15,USA,2024-06-02 02:00:00,2024-06-01 18:00:00,27.91006
CAISO SP15,USA,2024-06-02 03:00:00,2024-06-01 19:00:00,36.75299
CAISO SP15,USA,2024-06-02 04:00:00,2024-06-01 20:00:00,35.14436
CAISO SP15,USA,2024-06-02 05:00:00,2024-06-01 21:00:00,23.5954
CAISO SP15,USA,2024-06-02 06:00:00,2024-06-01 22:00:00,22.72318
CAISO SP15,USA,2024-06-02 07:00:00,2024-06-01 23:00:00,27.17192
CAISO SP15,USA,2024-06-02 08:00:00,2024-06-02 00:00:00,26.736
CAISO SP15,USA,2024-06-02 09:00:00,2024-06-02 01:00:00,23.24821
CAISO SP15,USA,2024-06-02 10:00:00,2024-06-02 02:00:00,20.0
CAISO SP15,USA,2024-06-02 11:00:00,2024-06-02 03:00:00,20.4
CAISO SP15,USA,2024-06-02 12:00:00,2024-06-02 04:00:00,19.00471
CAISO SP15,USA,2024-06-02 13:00:00,2024-06-02 05:00:00,5.30619
CAISO SP15,USA,2024-06-02 14:00:00,2024-06-02 06:00:00,-17.51707
CAISO SP15,USA,2024-06-02 15:00:00,2024-06-02 07:00:00,-35.97155
CAISO SP15,USA,2024-06-02 16:00:00,2024-06-02 08:00:00,-38.54578
CAISO SP15,USA,2024-06-02 17:00:00,2024-06-02 09:00:00,-37.69212
CAISO SP15,USA,2024-06-02 18:00:00,2024-06-02 10:00:00,-37.01676
CAISO SP15,USA,2024-06-02 19:00:00,2024-06-02 11:00:00,-37.52632
CAISO SP15,USA,2024-06-02 20:00:00,2024-06-02 12:00:00,-37.03031
CAISO SP15,USA,2024-06-02 21:00:00,2024-06-02 13:00:00,-37.33592
CAISO SP15,USA,2024-06-02 22:00:00,2024-06-02 14:00:00,-36.35527
CAISO SP15,USA,2024-06-02 23:00:00,2024-06-02 15:00:00,-25.03723
CAISO SP15,USA,2024-06-03 00:00:00,2024-06-02 16:00:00,-6.70806
CAISO SP15,USA,2024-06-03 01:00:00,2024-06-02 17:00:00,20.57685
CAISO SP15,USA,2024-06-03 02:00:00,2024-06-02 18:00:00,35.83958
CAISO SP15,USA,2024-06-03 03:00:00,2024-06-02 19:00:00,44.67
CAISO SP15,USA,2024-06-03 04:00:00,2024-06-02 20:00:00,38.52931
CAISO SP15,USA,2024-06-03 05:00:00,2024-06-02 21:00:00,27.79009
CAISO SP15,USA,2024-06-03 06:00:00,2024-06-02 22:00:00,27.19289
CAISO SP15,USA,2024-06-03 07:00:00,2024-06-02 23:00:00,30.37054
CAISO SP15,USA,2024-06-03 08:00:00,2024-06-03 00:00:00,27.94821
CAISO SP15,USA,2024-06-03 09:00:00,2024-06-03 01:00:00,29.12
CAISO SP15,USA,2024-06-03 10:00:00,2024-06-03 02:00:00,26.61019
CAISO SP15,USA,2024-06-03 11:00:00,2024-06-03 03:00:00,30.68037
CAISO SP15,USA,2024-06-03 12:00:00,2024-06-03 04:00:00,33.90923
CAISO SP15,USA,2024-06-03 13:00:00,2024-06-03 05:00:00,21.41622
CAISO SP15,USA,2024-06-03 14:00:00,2024-06-03 06:00:00,0.62707
CAISO SP15,USA,2024-06-03 15:00:00,2024-06-03 07:00:00,-2.72237
CAISO SP15,USA,2024-06-03 16:00:00,2024-06-03 08:00:00,-8.07416
CAISO SP15,USA,2024-06-03 17:00:00,2024-06-03 09:00:00,-8.38113
CAISO SP15,USA,2024-06-03 18:00:00,2024-06-03 10:00:00,-14.63133
CAISO SP15,USA,2024-06-03 19:00:00,2024-06-03 11:00:00,-16.86902
CAISO SP15,USA,2024-06-03 20:00:00,2024-06-03 12:00:00,-13.36274
CAISO SP15,USA,2024-06-03 21:00:00,2024-06-03 13:00:00,-11.54698
CAISO SP15,USA,2024-06-03 22:00:00,2024-06-03 14:00:00,-7.46851
CAISO SP15,USA,2024-06-03 23:00:00,2024-06-03 15:00:00,-5.15466
CAISO SP15,USA,2024-06-04 00:00:00,2024-06-03 16:00:00,11.54635
CAISO SP15,USA,2024-06-04 01:00:00,2024-06-03 17:00:00,30.97301
CAISO SP15,USA,2024-06-04 02:00:00,2024-06-03 18:00:00,46.3847
CAISO SP15,USA,2024-06-04 03:00:00,2024-06-03 19:00:00,44.93526
CAISO SP15,USA,2024-06-04 04:00:00,2024-06-03 20:00:00,33.96783
CAISO SP15,USA,2024-06-04 05:00:00,2024-06-03 21:00:00,31.8298
CAISO SP15,USA,2024-06-04 06:00:00,2024-06-03 22:00:00,31.1678
CAISO SP15,USA,2024-06-04 07:00:00,2024-06-03 23:00:00,26.10327
CAISO SP15,USA,2024-06-04 08:00:00,2024-06-04 00:00:00,25.04754
CAISO SP15,USA,2024-06-04 09:00:00,2024-06-04 01:00:00,24.90265
CAISO SP15,USA,2024-06-04 10:00:00,2024-06-04 02:00:00,25.10455
CAISO SP15,USA,2024-06-04 11:00:00,2024-06-04 03:00:00,25.14607
CAISO SP15,USA,2024-06-04 12:00:00,2024-06-04 04:00:00,28.29197
CAISO SP15,USA,2024-06-04 13:00:00,2024-06-04 05:00:00,27.33572
CAISO SP15,USA,2024-06-04 14:00:00,2024-06-04 06:00:00,17.23826
CAISO SP15,USA,2024-06-04 15:00:00,2024-06-04 07:00:00,8.74698
CAISO SP15,USA,2024-06-04 16:00:00,2024-06-04 08:00:00,4.92594
CAISO SP15,USA,2024-06-04 17:00:00,2024-06-04 09:00:00,3.78768
CAISO SP15,USA,2024-06-04 18:00:00,2024-06-04 10:00:00,-1.39526
CAISO SP15,USA,2024-06-04 19:00:00,2024-06-04 11:00:00,-9.58295
CAISO SP15,USA,2024-06-04 20:00:00,2024-06-04 12:00:00,-11.02
CAISO SP15,USA,2024-06-04 21:00:00,2024-06-04 13:00:00,-6.02475
CAISO SP15,USA,2024-06-04 22:00:00,2024-06-04 14:00:00,-3.47231
CAISO SP15,USA,2024-06-04 23:00:00,2024-06-04 15:00:00,2.51383
CAISO SP15,USA,2024-06-05 00:00:00,2024-06-04 16:00:00,15.0537
CAISO SP15,USA,2024-06-05 01:00:00,2024-06-04 17:00:00,31.34602
CAISO SP15,USA,2024-06-05 02:00:00,2024-06-04 18:00:00,50.59774
CAISO SP15,USA,2024-06-05 03:00:00,2024-06-04 19:00:00,50.79344
CAISO SP15,USA,2024-06-05 04:00:00,2024-06-04 20:00:00,46.8363
CAISO SP15,USA,2024-06-05 05:00:00,2024-06-04 21:00:00,33.54886
CAISO SP15,USA,2024-06-05 06:00:00,2024-06-04 22:00:00,32.4859
CAISO SP15,USA,2024-06-05 07:00:00,2024-06-04 23:00:00,31.50244
CAISO SP15,USA,2024-06-05 08:00:00,2024-06-05 00:00:00,31.20425
CAISO SP15,USA,2024-06-05 09:00:00,2024-06-05 01:00:00,30.99385
CAISO SP15,USA,2024-06-05 10:00:00,2024-06-05 02:00:00,30.1064
CAISO SP15,USA,2024-06-05 11:00:00,2024-06-05 03:00:00,31.2014
CAISO SP15,USA,2024-06-05 12:00:00,2024-06-05 04:00:00,33.8762
CAISO SP15,USA,2024-06-05 13:00:00,2024-06-05 05:00:00,29.57416
CAISO SP15,USA,2024-06-05 14:00:00,2024-06-05 06:00:00,15.1
CAISO SP15,USA,2024-06-05 15:00:00,2024-06-05 07:00:00,12.16286
CAISO SP15,USA,2024-06-05 16:00:00,2024-06-05 08:00:00,9.77529
CAISO SP15,USA,2024-06-05 17:00:00,2024-06-05 09:00:00,8.6956
CAISO SP15,USA,2024-06-05 18:00:00,2024-06-05 10:00:00,4.81977
CAISO SP15,USA,2024-06-05 19:00:00,2024-06-05 11:00:00,2.37065
CAISO SP15,USA,2024-06-05 20:00:00,2024-06-05 12:00:00,-6.08651
CAISO SP15,USA,2024-06-05 21:00:00,2024-06-05 13:00:00,-8.50965
CAISO SP15,USA,2024-06-05 22:00:00,2024-06-05 14:00:00,-2.91396
CAISO SP15,USA,2024-06-05 23:00:00,2024-06-05 15:00:00,-21.44707
CAISO SP15,USA,2024-06-06 00:00:00,2024-06-05 16:00:00,4.75651
CAISO SP15,USA,2024-06-06 01:00:00,2024-06-05 17:00:00,30.19215
CAISO SP15,USA,2024-06-06 02:00:00,2024-06-05 18:00:00,53.42863
CAISO SP15,USA,2024-06-06 03:00:00,2024-06-05 19:00:00,56.59647
CAISO SP15,USA,2024-06-06 04:00:00,2024-06-05 20:00:00,47.52907
CAISO SP15,USA,2024-06-06 05:00:00,2024-06-05 21:00:00,34.3669
CAISO SP15,USA,2024-06-06 06:00:00,2024-06-05 22:00:00,34.67605
CAISO SP15,USA,2024-06-06 07:00:00,2024-06-05 23:00:00,29.65892
CAISO SP15,USA,2024-06-06 08:00:00,2024-06-06 00:00:00,29.44708
CAISO SP15,USA,2024-06-06 09:00:00,2024-06-06 01:00:00,29.2985
CAISO SP15,USA,2024-06-06 10:00:00,2024-06-06 02:00:00,29.15781
CAISO SP15,USA,2024-06-06 11:00:00,2024-06-06 03:00:00,29.65899
CAISO SP15,USA,2024-06-06 12:00:00,2024-06-06 04:00:00,33.56633
CAISO SP15,USA,2024-06-06 13:00:00,2024-06-06 05:00:00,29.97413
CAISO SP15,USA,2024-06-06 14:00:00,2024-06-06 06:00:00,12.0215
CAISO SP15,USA,2024-06-06 15:00:00,2024-06-06 07:00:00,11.32389
CAISO SP15,USA,2024-06-06 16:00:00,2024-06-06 08:00:00,11.3558
CAISO SP15,USA,2024-06-06 17:00:00,2024-06-06 09:00:00,11.1677
CAISO SP15,USA,2024-06-06 18:00:00,2024-06-06 10:00:00,11.22625
CAISO SP15,USA,2024-06-06 19:00:00,2024-06-06 11:00:00,9.48124
CAISO SP15,USA,2024-06-06 20:00:00,2024-06-06 12:00:00,10.40833
CAISO SP15,USA,2024-06-06 21:00:00,2024-06-06 13:00:00,8.85099
CAISO SP15,USA,2024-06-06 22:00:00,2024-06-06 14:00:00,10.97765
CAISO SP15,USA,2024-06-06 23:00:00,2024-06-06 15:00:00,18.69636
CAISO SP15,USA,2024-06-07 00:00:00,2024-06-06 16:00:00,27.31382
CAISO SP15,USA,2024-06-07 01:00:00,2024-06-06 17:00:00,37.84279
CAISO SP15,USA,2024-06-07 02:00:00,2024-06-06 18:00:00,52.3501
CAISO SP15,USA,2024-06-07 03:00:00,2024-06-06 19:00:00,49.4522
CAISO SP15,USA,2024-06-07 04:00:00,2024-06-06 20:00:00,39.84262
CAISO SP15,USA,2024-06-07 05:00:00,2024-06-06 21:00:00,30.78226
CAISO SP15,USA,2024-06-07 06:00:00,2024-06-06 22:00:00,29.38375
CAISO SP15,USA,2024-06-07 07:00:00,2024-06-06 23:00:00,28.57384
CAISO SP15,USA,2024-06-07 08:00:00,2024-06-07 00:00:00,27.87166
CAISO SP15,USA,2024-06-07 09:00:00,2024-06-07 01:00:00,27.48484
CAISO SP15,USA,2024-06-07 10:00:00,2024-06-07 02:00:00,27.43556
CAISO SP15,USA,2024-06-07 11:00:00,2024-06-07 03:00:00,29.44447
CAISO SP15,USA,2024-06-07 12:00:00,2024-06-07 04:00:00,31.71792
CAISO SP15,USA,2024-06-07 13:00:00,2024-06-07 05:00:00,28.79589
CAISO SP15,USA,2024-06-07 14:00:00,2024-06-07 06:00:00,10.84
CAISO SP15,USA,2024-06-07 15:00:00,2024-06-07 07:00:00,8.65075
CAISO SP15,USA,2024-06-07 16:00:00,2024-06-07 08:00:00,8.06611
CAISO SP15,USA,2024-06-07 17:00:00,2024-06-07 09:00:00,8.30159
CAISO SP15,USA,2024-06-07 18:00:00,2024-06-07 10:00:00,7.49303
CAISO SP15,USA,2024-06-07 19:00:00,2024-06-07 11:00:00,5.27791
CAISO SP15,USA,2024-06-07 20:00:00,2024-06-07 12:00:00,5.98385
CAISO SP15,USA,2024-06-07 21:00:00,2024-06-07 13:00:00,7.47943
CAISO SP15,USA,2024-06-07 22:00:00,2024-06-07 14:00:00,11.32335
CAISO SP15,USA,2024-06-07 23:00:00,2024-06-07 15:00:00,16.05785
CAISO SP15,USA,2024-06-08 00:00:00,2024-06-07 16:00:00,24.96786
CAISO SP15,USA,2024-06-08 01:00:00,2024-06-07 17:00:00,33.66478
CAISO SP15,USA,2024-06-08 02:00:00,2024-06-07 18:00:00,44.97433
CAISO SP15,USA,2024-06-08 03:00:00,2024-06-07 19:00:00,44.65577
CAISO SP15,USA,2024-06-08 04:00:00,2024-06-07 20:00:00,36.77634
CAISO SP15,USA,2024-06-08 05:00:00,2024-06-07 21:00:00,31.83541
CAISO SP15,USA,2024-06-08 06:00:00,2024-06-07 22:00:00,29.64121
CAISO SP15,USA,2024-06-08 07:00:00,2024-06-07 23:00:00,29.6568
CAISO SP15,USA,2024-06-08 08:00:00,2024-06-08 00:00:00,28.37
CAISO SP15,USA,2024-06-08 09:00:00,2024-06-08 01:00:00,27.32877
CAISO SP15,USA,2024-06-08 10:00:00,2024-06-08 02:00:00,28.37713
CAISO SP15,USA,2024-06-08 11:00:00,2024-06-08 03:00:00,29.08468
CAISO SP15,USA,2024-06-08 12:00:00,2024-06-08 04:00:00,29.08827
CAISO SP15,USA,2024-06-08 13:00:00,2024-06-08 05:00:00,22.12476
CAISO SP15,USA,2024-06-08 14:00:00,2024-06-08 06:00:00,-1.57482
CAISO SP15,USA,2024-06-08 15:00:00,2024-06-08 07:00:00,-4.55361
CAISO SP15,USA,2024-06-08 16:00:00,2024-06-08 08:00:00,-5.85077
CAISO SP15,USA,2024-06-08 17:00:00,2024-06-08 09:00:00,-5.38744
CAISO SP15,USA,2024-06-08 18:00:00,2024-06-08 10:00:00,-6.86834
CAISO SP15,USA,2024-06-08 19:00:00,2024-06-08 11:00:00,-6.86874
CAISO SP15,USA,2024-06-08 20:00:00,2024-06-08 12:00:00,-7.68369
CAISO SP15,USA,2024-06-08 21:00:00,2024-06-08 13:00:00,-8.30481
CAISO SP15,USA,2024-06-08 22:00:00,2024-06-08 14:00:00,-9.02863
CAISO SP15,USA,2024-06-08 23:00:00,2024-06-08 15:00:00,-5.68675
CAISO SP15,USA,2024-06-09 00:00:00,2024-06-08 16:00:00,8.60809
CAISO SP15,USA,2024-06-09 01:00:00,2024-06-08 17:00:00,29.20178
CAISO SP15,USA,2024-06-09 02:00:00,2024-06-08 18:00:00,37.10673
CAISO SP15,USA,2024-06-09 03:00:00,2024-06-08 19:00:00,39.7707
CAISO SP15,USA,2024-06-09 04:00:00,2024-06-08 20:00:00,37.98793
CAISO SP15,USA,2024-06-09 05:00:00,2024-06-08 21:00:00,30.63152
CAISO SP15,USA,2024-06-09 06:00:00,2024-06-08 22:00:00,30.06915
CAISO SP15,USA,2024-06-09 07:00:00,2024-06-08 23:00:00,25.68988
CAISO SP15,USA,2024-06-09 08:00:00,2024-06-09 00:00:00,24.9555
CAISO SP15,USA,2024-06-09 09:00:00,2024-06-09 01:00:00,25.63514
CAISO SP15,USA,2024-06-09 10:00:00,2024-06-09 02:00:00,24.45751
CAISO SP15,USA,2024-06-09 11:00:00,2024-06-09 03:00:00,22.51786
CAISO SP15,USA,2024-06-09 12:00:00,2024-06-09 04:00:00,24.44236
CAISO SP15,USA,2024-06-09 13:00:00,2024-06-09 05:00:00,10.46027
CAISO SP15,USA,2024-06-09 14:00:00,2024-06-09 06:00:00,-6.44065
CAISO SP15,USA,2024-06-09 15:00:00,2024-06-09 07:00:00,-16.59212
CAISO SP15,USA,2024-06-09 16:00:00,2024-06-09 08:00:00,-15.75502
CAISO SP15,USA,2024-06-09 17:00:00,2024-06-09 09:00:00,-16.4827
CAISO SP15,USA,2024-06-09 18:00:00,2024-06-09 10:00:00,-17.74978
CAISO SP15,USA,2024-06-09 19:00:00,2024-06-09 11:00:00,-20.18197
CAISO SP15,USA,2024-06-09 20:00:00,2024-06-09 12:00:00,-18.95708
CAISO SP15,USA,2024-06-09 21:00:00,2024-06-09 13:00:00,-16.55943
CAISO SP15,USA,2024-06-09 22:00:00,2024-06-09 14:00:00,-15.65976
CAISO SP15,USA,2024-06-09 23:00:00,2024-06-09 15:00:00,-4.52001
CAISO SP15,USA,2024-06-10 00:00:00,2024-06-09 16:00:00,3.69345
CAISO SP15,USA,2024-06-10 01:00:00,2024-06-09 17:00:00,25.53167
CAISO SP15,USA,2024-06-10 02:00:00,2024-06-09 18:00:00,33.60668
CAISO SP15,USA,2024-06-10 03:00:00,2024-06-09 19:00:00,39.196
CAISO SP15,USA,2024-06-10 04:00:00,2024-06-09 20:00:00,34.63273
CAISO SP15,USA,2024-06-10 05:00:00,2024-06-09 21:00:00,30.20936
CAISO SP15,USA,2024-06-10 06:00:00,2024-06-09 22:00:00,29.82276
CAISO SP15,USA,2024-06-10 07:00:00,2024-06-09 23:00:00,28.37514
CAISO SP15,USA,2024-06-10 08:00:00,2024-06-10 00:00:00,29.49601
CAISO SP15,USA,2024-06-10 09:00:00,2024-06-10 01:00:00,27.06154
CAISO SP15,USA,2024-06-10 10:00:00,2024-06-10 02:00:00,28.69696
CAISO SP15,USA,2024-06-10 11:00:00,2024-06-10 03:00:00,30.0
CAISO SP15,USA,2024-06-10 12:00:00,2024-06-10 04:00:00,34.48767
CAISO SP15,USA,2024-06-10 13:00:00,2024-06-10 05:00:00,27.36813
CAISO SP15,USA,2024-06-10 14:00:00,2024-06-10 06:00:00,9.48536
CAISO SP15,USA,2024-06-10 15:00:00,2024-06-10 07:00:00,4.81877
CAISO SP15,USA,2024-06-10 16:00:00,2024-06-10 08:00:00,3.72888
CAISO SP15,USA,2024-06-10 17:00:00,2024-06-10 09:00:00,3.09
CAISO SP15,USA,2024-06-10 18:00:00,2024-06-10 10:00:00,2.93237
CAISO SP15,USA,2024-06-10 19:00:00,2024-06-10 11:00:00,1.00119
CAISO SP15,USA,2024-06-10 20:00:00,2024-06-10 12:00:00,3.75429
CAISO SP15,USA,2024-06-10 21:00:00,2024-06-10 13:00:00,4.75148
CAISO SP15,USA,2024-06-10 22:00:00,2024-06-10 14:00:00,10.81403
CAISO SP15,USA,2024-06-10 23:00:00,2024-06-10 15:00:00,14.51736
CAISO SP15,USA,2024-06-11 00:00:00,2024-06-10 16:00:00,23.89648
CAISO SP15,USA,2024-06-11 01:00:00,2024-06-10 17:00:00,32.40541
CAISO SP15,USA,2024-06-11 02:00:00,2024-06-10 18:00:00,49.02382
CAISO SP15,USA,2024-06-11 03:00:00,2024-06-10 19:00:00,45.04138
CAISO SP15,USA,2024-06-11 04:00:00,2024-06-10 20:00:00,33.87
CAISO SP15,USA,2024-06-11 05:00:00,2024-06-10 21:00:00,31.38872
CAISO SP15,USA,2024-06-11 06:00:00,2024-06-10 22:00:00,29.72363
CAISO SP15,USA,2024-06-11 07:00:00,2024-06-10 23:00:00,29.12884
CAISO SP15,USA,2024-06-11 08:00:00,2024-06-11 00:00:00,28.61741
CAISO SP15,USA,2024-06-11 09:00:00,2024-06-11 01:00:00,27.76826
CAISO SP15,USA,2024-06-11 10:00:00,2024-06-11 02:00:00,27.53307
CAISO SP15,USA,2024-06-11 11:00:00,2024-06-11 03:00:00,29.07284
CAISO SP15,USA,2024-06-11 12:00:00,2024-06-11 04:00:00,32.10567
CAISO SP15,USA,2024-06-11 13:00:00,2024-06-11 05:00:00,28.14843
CAISO SP15,USA,2024-06-11 14:00:00,2024-06-11 06:00:00,10.58166
CAISO SP15,USA,2024-06-11 15:00:00,2024-06-11 07:00:00,8.083
CAISO SP15,USA,2024-06-11 16:00:00,2024-06-11 08:00:00,7.34235
CAISO SP15,USA,2024-06-11 17:00:00,2024-06-11 09:00:00,7.38779
CAISO SP15,USA,2024-06-11 18:00:00,2024-06-11 10:00:00,7.42551
CAISO SP15,USA,2024-06-11 19:00:00,2024-06-11 11:00:00,6.40832
CAISO SP15,USA,2024-06-11 20:00:00,2024-06-11 12:00:00,6.89583
CAISO SP15,USA,2024-06-11 21:00:00,2024-06-11 13:00:00,7.63202
CAISO SP15,USA,2024-06-11 22:00:00,2024-06-11 14:00:00,15.60815
CAISO SP15,USA,2024-06-11 23:00:00,2024-06-11 15:00:00,19.14587
CAISO SP15,USA,2024-06-12 00:00:00,2024-06-11 16:00:00,26.153
CAISO SP15,USA,2024-06-12 01:00:00,2024-06-11 17:00:00,32.85343
CAISO SP15,USA,2024-06-12 02:00:00,2024-06-11 18:00:00,47.36493
CAISO SP15,USA,2024-06-12 03:00:00,2024-06-11 19:00:00,50.63468
CAISO SP15,USA,2024-06-12 04:00:00,2024-06-11 20:00:00,35.67617
CAISO SP15,USA,2024-06-12 05:00:00,2024-06-11 21:00:00,31.00807
CAISO SP15,USA,2024-06-12 06:00:00,2024-06-11 22:00:00,30.35857
CAISO SP15,USA,2024-06-12 07:00:00,2024-06-11 23:00:00,29.57162
CAISO SP15,USA,2024-06-12 08:00:00,2024-06-12 00:00:00,30.05769
CAISO SP15,USA,2024-06-12 09:00:00,2024-06-12 01:00:00,28.88733
CAISO SP15,USA,2024-06-12 10:00:00,2024-06-12 02:00:00,30.4
CAISO SP15,USA,2024-06-12 11:00:00,2024-06-12 03:00:00,31.45723
CAISO SP15,USA,2024-06-12 12:00:00,2024-06-12 04:00:00,33.12522
CAISO SP15,USA,2024-06-12 13:00:00,2024-06-12 05:00:00,29.56696
CAISO SP15,USA,2024-06-12 14:00:00,2024-06-12 06:00:00,12.49922
CAISO SP15,USA,2024-06-12 15:00:00,2024-06-12 07:00:00,10.07336
CAISO SP15,USA,2024-06-12 16:00:00,2024-06-12 08:00:00,9.42326
CAISO SP15,USA,2024-06-12 17:00:00,2024-06-12 09:00:00,9.37864
CAISO SP15,USA,2024-06-12 18:00:00,2024-06-12 10:00:00,7.81392
CAISO SP15,USA,2024-06-12 19:00:00,2024-06-12 11:00:00,9.04168
CAISO SP15,USA,2024-06-12 20:00:00,2024-06-12 12:00:00,10.14455
CAISO SP15,USA,2024-06-12 21:00:00,2024-06-12 13:00:00,11.28469
CAISO SP15,USA,2024-06-12 22:00:00,2024-06-12 14:00:00,14.34426
CAISO SP15,USA,2024-06-12 23:00:00,2024-06-12 15:00:00,21.26185
CAISO SP15,USA,2024-06-13 00:00:00,2024-06-12 16:00:00,32.07711
CAISO SP15,USA,2024-06-13 01:00:00,2024-06-12 17:00:00,39.6677
CAISO SP15,USA,2024-06-13 02:00:00,2024-06-12 18:00:00,54.86069
CAISO SP15,USA,2024-06-13 03:00:00,2024-06-12 19:00:00,56.0714
CAISO SP15,USA,2024-06-13 04:00:00,2024-06-12 20:00:00,41.13409
CAISO SP15,USA,2024-06-13 05:00:00,2024-06-12 21:00:00,36.68616
CAISO SP15,USA,2024-06-13 06:00:00,2024-06-12 22:00:00,31.27054
CAISO SP15,USA,2024-06-13 07:00:00,2024-06-12 23:00:00,32.9614
CAISO SP15,USA,2024-06-13 08:00:00,2024-06-13 00:00:00,31.66677
CAISO SP15,USA,2024-06-13 09:00:00,2024-06-13 01:00:00,30.72248
CAISO SP15,USA,2024-06-13 10:00:00,2024-06-13 02:00:00,30.81167
CAISO SP15,USA,2024-06-13 11:00:00,2024-06-13 03:00:00,33.02622
CAISO SP15,USA,2024-06-13 12:00:00,2024-06-13 04:00:00,35.79214
CAISO SP15,USA,2024-06-13 13:00:00,2024-06-13 05:00:00,30.06829
CAISO SP15,USA,2024-06-13 14:00:00,2024-06-13 06:00:00,16.43329
CAISO SP15,USA,2024-06-13 15:00:00,2024-06-13 07:00:00,12.45359
CAISO SP15,USA,2024-06-13 16:00:00,2024-06-13 08:00:00,12.09808
CAISO SP15,USA,2024-06-13 17:00:00,2024-06-13 09:00:00,12.91332
CAISO SP15,USA,2024-06-13 18:00:00,2024-06-13 10:00:00,12.90478
CAISO SP15,USA,2024-06-13 19:00:00,2024-06-13 11:00:00,12.09298
CAISO SP15,USA,2024-06-13 20:00:00,2024-06-13 12:00:00,12.91093
CAISO SP15,USA,2024-06-13 21:00:00,2024-06-13 13:00:00,14.62369
CAISO SP15,USA,2024-06-13 22:00:00,2024-06-13 14:00:00,16.65624
CAISO SP15,USA,2024-06-13 23:00:00,2024-06-13 15:00:00,16.93352
CAISO SP15,USA,2024-06-14 00:00:00,2024-06-13 16:00:00,24.11207
CAISO SP15,USA,2024-06-14 01:00:00,2024-06-13 17:00:00,32.08099
CAISO SP15,USA,2024-06-14 02:00:00,2024-06-13 18:00:00,45.64059
CAISO SP15,USA,2024-06-14 03:00:00,2024-06-13 19:00:00,49.27254
CAISO SP15,USA,2024-06-14 04:00:00,2024-06-13 20:00:00,40.03396
CAISO SP15,USA,2024-06-14 05:00:00,2024-06-13 21:00:00,32.30001
CAISO SP15,USA,2024-06-14 06:00:00,2024-06-13 22:00:00,29.87874
CAISO SP15,USA,2024-06-14 07:00:00,2024-06-13 23:00:00,28.3276
CAISO SP15,USA,2024-06-14 08:00:00,2024-06-14 00:00:00,28.7563
CAISO SP15,USA,2024-06-14 09:00:00,2024-06-14 01:00:00,28.09385
CAISO SP15,USA,2024-06-14 10:00:00,2024-06-14 02:00:00,25.85613
CAISO SP15,USA,2024-06-14 11:00:00,2024-06-14 03:00:00,27.35895
CAISO SP15,USA,2024-06-14 12:00:00,2024-06-14 04:00:00,29.56202
CAISO SP15,USA,2024-06-14 13:00:00,2024-06-14 05:00:00,22.82647
CAISO SP15,USA,2024-06-14 14:00:00,2024-06-14 06:00:00,8.18141
CAISO SP15,USA,2024-06-14 15:00:00,2024-06-14 07:00:00,4.62564
CAISO SP15,USA,2024-06-14 16:00:00,2024-06-14 08:00:00,4.71993
CAISO SP15,USA,2024-06-14 17:00:00,2024-06-14 09:00:00,3.86161
CAISO SP15,USA,2024-06-14 18:00:00,2024-06-14 10:00:00,3.47528
CAISO SP15,USA,2024-06-14 19:00:00,2024-06-14 11:00:00,3.84339
CAISO SP15,USA,2024-06-14 20:00:00,2024-06-14 12:00:00,4.52302
CAISO SP15,USA,2024-06-14 21:00:00,2024-06-14 13:00:00,7.93029
CAISO SP15,USA,2024-06-14 22:00:00,2024-06-14 14:00:00,10.62887
CAISO SP15,USA,2024-06-14 23:00:00,2024-06-14 15:00:00,13.659
CAISO SP15,USA,2024-06-15 00:00:00,2024-06-14 16:00:00,23.79909
CAISO SP15,USA,2024-06-15 01:00:00,2024-06-14 17:00:00,32.31707
CAISO SP15,USA,2024-06-15 02:00:00,2024-06-14 18:00:00,46.52669
CAISO SP15,USA,2024-06-15 03:00:00,2024-06-14 19:00:00,49.73234
CAISO SP15,USA,2024-06-15 04:00:00,2024-06-14 20:00:00,42.94537
CAISO SP15,USA,2024-06-15 05:00:00,2024-06-14 21:00:00,33.33444
CAISO SP15,USA,2024-06-15 06:00:00,2024-06-14 22:00:00,31.89726
CAISO SP15,USA,2024-06-15 07:00:00,2024-06-14 23:00:00,28.50806
CAISO SP15,USA,2024-06-15 08:00:00,2024-06-15 00:00:00,27.39998
CAISO SP15,USA,2024-06-15 09:00:00,2024-06-15 01:00:00,27.4847
CAISO SP15,USA,2024-06-15 10:00:00,2024-06-15 02:00:00,27.60209
CAISO SP15,USA,2024-06-15 11:00:00,2024-06-15 03:00:00,26.67666
CAISO SP15,USA,2024-06-15 12:00:00,2024-06-15 04:00:00,27.36318
CAISO SP15,USA,2024-06-15 13:00:00,2024-06-15 05:00:00,16.31603
CAISO SP15,USA,2024-06-15 14:00:00,2024-06-15 06:00:00,-3.84443
CAISO SP15,USA,2024-06-15 15:00:00,2024-06-15 07:00:00,-12.48272
CAISO SP15,USA,2024-06-15 16:00:00,2024-06-15 08:00:00,-13.27085
CAISO SP15,USA,2024-06-15 17:00:00,2024-06-15 09:00:00,-12.37559
CAISO SP15,USA,2024-06-15 18:00:00,2024-06-15 10:00:00,-12.89422
CAISO SP15,USA,2024-06-15 19:00:00,2024-06-15 11:00:00,-11.00209
CAISO SP15,USA,2024-06-15 20:00:00,2024-06-15 12:00:00,-10.30463
CAISO SP15,USA,2024-06-15 21:00:00,2024-06-15 13:00:00,-4.8364
CAISO SP15,USA,2024-06-15 22:00:00,2024-06-15 14:00:00,-2.8185
CAISO SP15,USA,2024-06-15 23:00:00,2024-06-15 15:00:00,5.21595
CAISO SP15,USA,2024-06-16 00:00:00,2024-06-15 16:00:00,19.0269
CAISO SP15,USA,2024-06-16 01:00:00,2024-06-15 17:00:00,30.78557
CAISO SP15,USA,2024-06-16 02:00:00,2024-06-15 18:00:00,44.8059
CAISO SP15,USA,2024-06-16 03:00:00,2024-06-15 19:00:00,48.40255
CAISO SP15,USA,2024-06-16 04:00:00,2024-06-15 20:00:00,41.0895
CAISO SP15,USA,2024-06-16 05:00:00,2024-06-15 21:00:00,31.5897
CAISO SP15,USA,2024-06-16 06:00:00,2024-06-15 22:00:00,30.91538
CAISO SP15,USA,2024-06-16 07:00:00,2024-06-15 23:00:00,26.856
CAISO SP15,USA,2024-06-16 08:00:00,2024-06-16 00:00:00,25.74756
CAISO SP15,USA,2024-06-16 09:00:00,2024-06-16 01:00:00,24.54202
CAISO SP15,USA,2024-06-16 10:00:00,2024-06-16 02:00:00,24.30189
CAISO SP15,USA,2024-06-16 11:00:00,2024-06-16 03:00:00,23.01838
CAISO SP15,USA,2024-06-16 12:00:00,2024-06-16 04:00:00,21.19011
CAISO SP15,USA,2024-06-16 13:00:00,2024-06-16 05:00:00,6.98401
CAISO SP15,USA,2024-06-16 14:00:00,2024-06-16 06:00:00,-22.20157
CAISO SP15,USA,2024-06-16 15:00:00,2024-06-16 07:00:00,-27.52377
CAISO SP15,USA,2024-06-16 16:00:00,2024-06-16 08:00:00,-29.16417
CAISO SP15,USA,2024-06-16 17:00:00,2024-06-16 09:00:00,-26.1514
CAISO SP15,USA,2024-06-16 18:00:00,2024-06-16 10:00:00,-25.73179
CAISO SP15,USA,2024-06-16 19:00:00,2024-06-16 11:00:00,-25.46539
CAISO SP15,USA,2024-06-16 20:00:00,2024-06-16 12:00:00,-25.21612
CAISO SP15,USA,2024-06-16 21:00:00,2024-06-16 13:00:00,-25.03393
CAISO SP15,USA,2024-06-16 22:00:00,2024-06-16 14:00:00,-16.34949
CAISO SP15,USA,2024-06-16 23:00:00,2024-06-16 15:00:00,-10.19262
CAISO SP15,USA,2024-06-17 00:00:00,2024-06-16 16:00:00,4.14854
CAISO SP15,USA,2024-06-17 01:00:00,2024-06-16 17:00:00,24.97738
CAISO SP15,USA,2024-06-17 02:00:00,2024-06-16 18:00:00,35.69863
CAISO SP15,USA,2024-06-17 03:00:00,2024-06-16 19:00:00,44.20231
CAISO SP15,USA,2024-06-17 04:00:00,2024-06-16 20:00:00,37.87375
CAISO SP15,USA,2024-06-17 05:00:00,2024-06-16 21:00:00,30.84962
CAISO SP15,USA,2024-06-17 06:00:00,2024-06-16 22:00:00,29.80567
CAISO SP15,USA,2024-06-17 07:00:00,2024-06-16 23:00:00,28.4935
CAISO SP15,USA,2024-06-17 08:00:00,2024-06-17 00:00:00,26.06
CAISO SP15,USA,2024-06-17 09:00:00,2024-06-17 01:00:00,27.7124
CAISO SP15,USA,2024-06-17 10:00:00,2024-06-17 02:00:00,25.47116
CAISO SP15,USA,2024-06-17 11:00:00,2024-06-17 03:00:00,27.87757
CAISO SP15,USA,2024-06-17 12:00:00,2024-06-17 04:00:00,30.0
CAISO SP15,USA,2024-06-17 13:00:00,2024-06-17 05:00:00,21.13735
CAISO SP15,USA,2024-06-17 14:00:00,2024-06-17 06:00:00,-1.08799
CAISO SP15,USA,2024-06-17 15:00:00,2024-06-17 07:00:00,-6.65261
CAISO SP15,USA,2024-06-17 16:00:00,2024-06-17 08:00:00,-8.48498
CAISO SP15,USA,2024-06-17 17:00:00,2024-06-17 09:00:00,-8.83445
CAISO SP15,USA,2024-06-17 18:00:00,2024-06-17 10:00:00,-9.02494
CAISO SP15,USA,2024-06-17 19:00:00,2024-06-17 11:00:00,-13.98122
CAISO SP15,USA,2024-06-17 20:00:00,2024-06-17 12:00:00,-11.16912
CAISO SP15,USA,2024-06-17 21:00:00,2024-06-17 13:00:00,-8.42823
CAISO SP15,USA,2024-06-17 22:00:00,2024-06-17 14:00:00,-4.50771
CAISO SP15,USA,2024-06-17 23:00:00,2024-06-17 15:00:00,-3.40547
CAISO SP15,USA,2024-06-18 00:00:00,2024-06-17 16:00:00,8.93671
CAISO SP15,USA,2024-06-18 01:00:00,2024-06-17 17:00:00,28.28974
CAISO SP15,USA,2024-06-18 02:00:00,2024-06-17 18:00:00,39.66692
CAISO SP15,USA,2024-06-18 03:00:00,2024-06-17 19:00:00,43.58757
CAISO SP15,USA,2024-06-18 04:00:00,2024-06-17 20:00:00,35.98876
CAISO SP15,USA,2024-06-18 05:00:00,2024-06-17 21:00:00,30.0
CAISO SP15,USA,2024-06-18 06:00:00,2024-06-17 22:00:00,29.77558
CAISO SP15,USA,2024-06-18 07:00:00,2024-06-17 23:00:00,27.63502
CAISO SP15,USA,2024-06-18 08:00:00,2024-06-18 00:00:00,26.01629
CAISO SP15,USA,2024-06-18 09:00:00,2024-06-18 01:00:00,25.51401
CAISO SP15,USA,2024-06-18 10:00:00,2024-06-18 02:00:00,25.46098
CAISO SP15,USA,2024-06-18 11:00:00,2024-06-18 03:00:00,28.18182
CAISO SP15,USA,2024-06-18 12:00:00,2024-06-18 04:00:00,30.19823
CAISO SP15,USA,2024-06-18 13:00:00,2024-06-18 05:00:00,26.3837
CAISO SP15,USA,2024-06-18 14:00:00,2024-06-18 06:00:00,8.52915
CAISO SP15,USA,2024-06-18 15:00:00,2024-06-18 07:00:00,3.4979
CAISO SP15,USA,2024-06-18 16:00:00,2024-06-18 08:00:00,3.48577
CAISO SP15,USA,2024-06-18 17:00:00,2024-06-18 09:00:00,4.08345
CAISO SP15,USA,2024-06-18 18:00:00,2024-06-18 10:00:00,3.30696
CAISO SP15,USA,2024-06-18 19:00:00,2024-06-18 11:00:00,2.52679
CAISO SP15,USA,2024-06-18 20:00:00,2024-06-18 12:00:00,3.88
CAISO SP15,USA,2024-06-18 21:00:00,2024-06-18 13:00:00,5.08
CAISO SP15,USA,2024-06-18 22:00:00,2024-06-18 14:00:00,8.78306
CAISO SP15,USA,2024-06-18 23:00:00,2024-06-18 15:00:00,15.0
CAISO SP15,USA,2024-06-19 00:00:00,2024-06-18 16:00:00,22.57645
CAISO SP15,USA,2024-06-19 01:00:00,2024-06-18 17:00:00,31.59299
CAISO SP15,USA,2024-06-19 02:00:00,2024-06-18 18:00:00,44.23949
CAISO SP15,USA,2024-06-19 03:00:00,2024-06-18 19:00:00,49.39597
CAISO SP15,USA,2024-06-19 04:00:00,2024-06-18 20:00:00,38.95462
CAISO SP15,USA,2024-06-19 05:00:00,2024-06-18 21:00:00,32.00319
CAISO SP15,USA,2024-06-19 06:00:00,2024-06-18 22:00:00,29.03056
CAISO SP15,USA,2024-06-19 07:00:00,2024-06-18 23:00:00,33.59779
CAISO SP15,USA,2024-06-19 08:00:00,2024-06-19 00:00:00,29.40793
CAISO SP15,USA,2024-06-19 09:00:00,2024-06-19 01:00:00,28.97203
CAISO SP15,USA,2024-06-19 10:00:00,2024-06-19 02:00:00,28.45896
CAISO SP15,USA,2024-06-19 11:00:00,2024-06-19 03:00:00,31.38097
CAISO SP15,USA,2024-06-19 12:00:00,2024-06-19 04:00:00,32.75892
CAISO SP15,USA,2024-06-19 13:00:00,2024-06-19 05:00:00,27.21417
CAISO SP15,USA,2024-06-19 14:00:00,2024-06-19 06:00:00,7.87622
CAISO SP15,USA,2024-06-19 15:00:00,2024-06-19 07:00:00,-0.45654
CAISO SP15,USA,2024-06-19 16:00:00,2024-06-19 08:00:00,-5.1041
CAISO SP15,USA,2024-06-19 17:00:00,2024-06-19 09:00:00,-3.17165
CAISO SP15,USA,2024-06-19 18:00:00,2024-06-19 10:00:00,-3.21856
CAISO SP15,USA,2024-06-19 19:00:00,2024-06-19 11:00:00,-3.32414
CAISO SP15,USA,2024-06-19 20:00:00,2024-06-19 12:00:00,-3.02351
CAISO SP15,USA,2024-06-19 21:00:00,2024-06-19 13:00:00,-3.04101
CAISO SP15,USA,2024-06-19 22:00:00,2024-06-19 14:00:00,-0.82872
CAISO SP15,USA,2024-06-19 23:00:00,2024-06-19 15:00:00,5.58218
CAISO SP15,USA,2024-06-20 00:00:00,2024-06-19 16:00:00,17.34365
CAISO SP15,USA,2024-06-20 01:00:00,2024-06-19 17:00:00,29.66171
CAISO SP15,USA,2024-06-20 02:00:00,2024-06-19 18:00:00,41.99936
CAISO SP15,USA,2024-06-20 03:00:00,2024-06-19 19:00:00,47.41152
CAISO SP15,USA,2024-06-20 04:00:00,2024-06-19 20:00:00,40.16334
CAISO SP15,USA,2024-06-20 05:00:00,2024-06-19 21:00:00,31.36213
CAISO SP15,USA,2024-06-20 06:00:00,2024-06-19 22:00:00,31.94097
CAISO SP15,USA,2024-06-20 07:00:00,2024-06-19 23:00:00,30.01191
CAISO SP15,USA,2024-06-20 08:00:00,2024-06-20 00:00:00,28.49174
CAISO SP15,USA,2024-06-20 09:00:00,2024-06-20 01:00:00,28.08993
CAISO SP15,USA,2024-06-20 10:00:00,2024-06-20 02:00:00,28.00135
CAISO SP15,USA,2024-06-20 11:00:00,2024-06-20 03:00:00,29.50716
CAISO SP15,USA,2024-06-20 12:00:00,2024-06-20 04:00:00,32.36637
CAISO SP15,USA,2024-06-20 13:00:00,2024-06-20 05:00:00,27.3669
CAISO SP15,USA,2024-06-20 14:00:00,2024-06-20 06:00:00,10.27504
CAISO SP15,USA,2024-06-20 15:00:00,2024-06-20 07:00:00,2.84724
CAISO SP15,USA,2024-06-20 16:00:00,2024-06-20 08:00:00,2.23198
CAISO SP15,USA,2024-06-20 17:00:00,2024-06-20 09:00:00,3.28149
CAISO SP15,USA,2024-06-20 18:00:00,2024-06-20 10:00:00,1.93418
CAISO SP15,USA,2024-06-20 19:00:00,2024-06-20 11:00:00,1.70786
CAISO SP15,USA,2024-06-20 20:00:00,2024-06-20 12:00:00,3.99037
CAISO SP15,USA,2024-06-20 21:00:00,2024-06-20 13:00:00,3.32543
CAISO SP15,USA,2024-06-20 22:00:00,2024-06-20 14:00:00,9.8058
CAISO SP15,USA,2024-06-20 23:00:00,2024-06-20 15:00:00,12.02621
CAISO SP15,USA,2024-06-21 00:00:00,2024-06-20 16:00:00,19.51191
CAISO SP15,USA,2024-06-21 01:00:00,2024-06-20 17:00:00,29.7767
CAISO SP15,USA,2024-06-21 02:00:00,2024-06-20 18:00:00,45.5606
CAISO SP15,USA,2024-06-21 03:00:00,2024-06-20 19:00:00,50.0
CAISO SP15,USA,2024-06-21 04:00:00,2024-06-20 20:00:00,38.80784
CAISO SP15,USA,2024-06-21 05:00:00,2024-06-20 21:00:00,29.81269
CAISO SP15,USA,2024-06-21 06:00:00,2024-06-20 22:00:00,29.24164
CAISO SP15,USA,2024-06-21 07:00:00,2024-06-20 23:00:00,33.78005
CAISO SP15,USA,2024-06-21 08:00:00,2024-06-21 00:00:00,30.0
CAISO SP15,USA,2024-06-21 09:00:00,2024-06-21 01:00:00,29.23946
CAISO SP15,USA,2024-06-21 10:00:00,2024-06-21 02:00:00,29.36711
CAISO SP15,USA,2024-06-21 11:00:00,2024-06-21 03:00:00,30.87684
CAISO SP15,USA,2024-06-21 12:00:00,2024-06-21 04:00:00,34.92321
CAISO SP15,USA,2024-06-21 13:00:00,2024-06-21 05:00:00,32.69581
CAISO SP15,USA,2024-06-21 14:00:00,2024-06-21 06:00:00,16.01588
CAISO SP15,USA,2024-06-21 15:00:00,2024-06-21 07:00:00,14.01931
CAISO SP15,USA,2024-06-21 16:00:00,2024-06-21 08:00:00,13.08183
CAISO SP15,USA,2024-06-21 17:00:00,2024-06-21 09:00:00,13.98206
CAISO SP15,USA,2024-06-21 18:00:00,2024-06-21 10:00:00,14.37174
CAISO SP15,USA,2024-06-21 19:00:00,2024-06-21 11:00:00,14.35591
CAISO SP15,USA,2024-06-21 20:00:00,2024-06-21 12:00:00,13.51065
CAISO SP15,USA,2024-06-21 21:00:00,2024-06-21 13:00:00,18.4934
CAISO SP15,USA,2024-06-21 22:00:00,2024-06-21 14:00:00,24.68853
CAISO SP15,USA,2024-06-21 23:00:00,2024-06-21 15:00:00,28.27
CAISO SP15,USA,2024-06-22 00:00:00,2024-06-21 16:00:00,32.96534
CAISO SP15,USA,2024-06-22 01:00:00,2024-06-21 17:00:00,45.84115
CAISO SP15,USA,2024-06-22 02:00:00,2024-06-21 18:00:00,56.98055
CAISO SP15,USA,2024-06-22 03:00:00,2024-06-21 19:00:00,57.72572
CAISO SP15,USA,2024-06-22 04:00:00,2024-06-21 20:00:00,50.0879
CAISO SP15,USA,2024-06-22 05:00:00,2024-06-21 21:00:00,44.11204
CAISO SP15,USA,2024-06-22 06:00:00,2024-06-21 22:00:00,36.5371
CAISO SP15,USA,2024-06-22 07:00:00,2024-06-21 23:00:00,42.58921
CAISO SP15,USA,2024-06-22 08:00:00,2024-06-22 00:00:00,41.23139
CAISO SP15,USA,2024-06-22 09:00:00,2024-06-22 01:00:00,39.9926
CAISO SP15,USA,2024-06-22 10:00:00,2024-06-22 02:00:00,41.92846
CAISO SP15,USA,2024-06-22 11:00:00,2024-06-22 03:00:00,36.02767
CAISO SP15,USA,2024-06-22 12:00:00,2024-06-22 04:00:00,35.84583
CAISO SP15,USA,2024-06-22 13:00:00,2024-06-22 05:00:00,31.03998
CAISO SP15,USA,2024-06-22 14:00:00,2024-06-22 06:00:00,21.08739
CAISO SP15,USA,2024-06-22 15:00:00,2024-06-22 07:00:00,17.50027
CAISO SP15,USA,2024-06-22 16:00:00,2024-06-22 08:00:00,14.21674
CAISO SP15,USA,2024-06-22 17:00:00,2024-06-22 09:00:00,16.4265
CAISO SP15,USA,2024-06-22 18:00:00,2024-06-22 10:00:00,17.09999
CAISO SP15,USA,2024-06-22 19:00:00,2024-06-22 11:00:00,19.64819
CAISO SP15,USA,2024-06-22 20:00:00,2024-06-22 12:00:00,22.00692
CAISO SP15,USA,2024-06-22 21:00:00,2024-06-22 13:00:00,27.36516
CAISO SP15,USA,2024-06-22 22:00:00,2024-06-22 14:00:00,30.28
CAISO SP15,USA,2024-06-22 23:00:00,2024-06-22 15:00:00,33.32684
CAISO SP15,USA,2024-06-23 00:00:00,2024-06-22 16:00:00,44.0314
CAISO SP15,USA,2024-06-23 01:00:00,2024-06-22 17:00:00,58.75645
CAISO SP15,USA,2024-06-23 02:00:00,2024-06-22 18:00:00,73.15948
CAISO SP15,USA,2024-06-23 03:00:00,2024-06-22 19:00:00,73.88186
CAISO SP15,USA,2024-06-23 04:00:00,2024-06-22 20:00:00,60.0
CAISO SP15,USA,2024-06-23 05:00:00,2024-06-22 21:00:00,52.37851
CAISO SP15,USA,2024-06-23 06:00:00,2024-06-22 22:00:00,40.59234
CAISO SP15,USA,2024-06-23 07:00:00,2024-06-22 23:00:00,41.54246
CAISO SP15,USA,2024-06-23 08:00:00,2024-06-23 00:00:00,40.66847
CAISO SP15,USA,2024-06-23 09:00:00,2024-06-23 01:00:00,40.50346
CAISO SP15,USA,2024-06-23 10:00:00,2024-06-23 02:00:00,37.47337
CAISO SP15,USA,2024-06-23 11:00:00,2024-06-23 03:00:00,36.54799
CAISO SP15,USA,2024-06-23 12:00:00,2024-06-23 04:00:00,37.63916
CAISO SP15,USA,2024-06-23 13:00:00,2024-06-23 05:00:00,31.06698
CAISO SP15,USA,2024-06-23 14:00:00,2024-06-23 06:00:00,20.0
CAISO SP15,USA,2024-06-23 15:00:00,2024-06-23 07:00:00,17.27698
CAISO SP15,USA,2024-06-23 16:00:00,2024-06-23 08:00:00,15.65718
CAISO SP15,USA,2024-06-23 17:00:00,2024-06-23 09:00:00,18.65657
CAISO SP15,USA,2024-06-23 18:00:00,2024-06-23 10:00:00,18.57892
CAISO SP15,USA,2024-06-23 19:00:00,2024-06-23 11:00:00,19.71389
CAISO SP15,USA,2024-06-23 20:00:00,2024-06-23 12:00:00,19.41383
CAISO SP15,USA,2024-06-23 21:00:00,2024-06-23 13:00:00,29.5
CAISO SP15,USA,2024-06-23 22:00:00,2024-06-23 14:00:00,32.52275
CAISO SP15,USA,2024-06-23 23:00:00,2024-06-23 15:00:00,36.29716
CAISO SP15,USA,2024-06-24 00:00:00,2024-06-23 16:00:00,43.33285
CAISO SP15,USA,2024-06-24 01:00:00,2024-06-23 17:00:00,49.47065
CAISO SP15,USA,2024-06-24 02:00:00,2024-06-23 18:00:00,57.85876
CAISO SP15,USA,2024-06-24 03:00:00,2024-06-23 19:00:00,61.23697
CAISO SP15,USA,2024-06-24 04:00:00,2024-06-23 20:00:00,50.14014
CAISO SP15,USA,2024-06-24 05:00:00,2024-06-23 21:00:00,48.37484
CAISO SP15,USA,2024-06-24 06:00:00,2024-06-23 22:00:00,39.70187
CAISO SP15,USA,2024-06-24 07:00:00,2024-06-23 23:00:00,39.88981
CAISO SP15,USA,2024-06-24 08:00:00,2024-06-24 00:00:00,40.26852
CAISO SP15,USA,2024-06-24 09:00:00,2024-06-24 01:00:00,34.66253
CAISO SP15,USA,2024-06-24 10:00:00,2024-06-24 02:00:00,34.24363
CAISO SP15,USA,2024-06-24 11:00:00,2024-06-24 03:00:00,34.27353
CAISO SP15,USA,2024-06-24 12:00:00,2024-06-24 04:00:00,40.73649
CAISO SP15,USA,2024-06-24 13:00:00,2024-06-24 05:00:00,35.7571
CAISO SP15,USA,2024-06-24 14:00:00,2024-06-24 06:00:00,28.73898
CAISO SP15,USA,2024-06-24 15:00:00,2024-06-24 07:00:00,26.8868
CAISO SP15,USA,2024-06-24 16:00:00,2024-06-24 08:00:00,26.94143
CAISO SP15,USA,2024-06-24 17:00:00,2024-06-24 09:00:00,28.09291
CAISO SP15,USA,2024-06-24 18:00:00,2024-06-24 10:00:00,28.4847
CAISO SP15,USA,2024-06-24 19:00:00,2024-06-24 11:00:00,28.45382
CAISO SP15,USA,2024-06-24 20:00:00,2024-06-24 12:00:00,28.96958
CAISO SP15,USA,2024-06-24 21:00:00,2024-06-24 13:00:00,29.83502
CAISO SP15,USA,2024-06-24 22:00:00,2024-06-24 14:00:00,35.68796
CAISO SP15,USA,2024-06-24 23:00:00,2024-06-24 15:00:00,36.99851
CAISO SP15,USA,2024-06-25 00:00:00,2024-06-24 16:00:00,47.37726
CAISO SP15,USA,2024-06-25 01:00:00,2024-06-24 17:00:00,58.50897
CAISO SP15,USA,2024-06-25 02:00:00,2024-06-24 18:00:00,71.14194
CAISO SP15,USA,2024-06-25 03:00:00,2024-06-24 19:00:00,65.38
CAISO SP15,USA,2024-06-25 04:00:00,2024-06-24 20:00:00,56.16238
CAISO SP15,USA,2024-06-25 05:00:00,2024-06-24 21:00:00,50.19226
CAISO SP15,USA,2024-06-25 06:00:00,2024-06-24 22:00:00,45.52865
CAISO SP15,USA,2024-06-25 07:00:00,2024-06-24 23:00:00,42.07922
CAISO SP15,USA,2024-06-25 08:00:00,2024-06-25 00:00:00,41.71266
CAISO SP15,USA,2024-06-25 09:00:00,2024-06-25 01:00:00,39.75366
CAISO SP15,USA,2024-06-25 10:00:00,2024-06-25 02:00:00,39.7319
CAISO SP15,USA,2024-06-25 11:00:00,2024-06-25 03:00:00,41.30629
CAISO SP15,USA,2024-06-25 12:00:00,2024-06-25 04:00:00,44.76266
CAISO SP15,USA,2024-06-25 13:00:00,2024-06-25 05:00:00,47.67678
CAISO SP15,USA,2024-06-25 14:00:00,2024-06-25 06:00:00,33.54269
CAISO SP15,USA,2024-06-25 15:00:00,2024-06-25 07:00:00,32.41861
CAISO SP15,USA,2024-06-25 16:00:00,2024-06-25 08:00:00,32.80875
CAISO SP15,USA,2024-06-25 17:00:00,2024-06-25 09:00:00,32.94556
CAISO SP15,USA,2024-06-25 18:00:00,2024-06-25 10:00:00,33.78211
CAISO SP15,USA,2024-06-25 19:00:00,2024-06-25 11:00:00,33.57383
CAISO SP15,USA,2024-06-25 20:00:00,2024-06-25 12:00:00,34.93441
CAISO SP15,USA,2024-06-25 21:00:00,2024-06-25 13:00:00,35.0076
CAISO SP15,USA,2024-06-25 22:00:00,2024-06-25 14:00:00,40.87242
CAISO SP15,USA,2024-06-25 23:00:00,2024-06-25 15:00:00,44.0
CAISO SP15,USA,2024-06-26 00:00:00,2024-06-25 16:00:00,51.4
CAISO SP15,USA,2024-06-26 01:00:00,2024-06-25 17:00:00,60.4843
CAISO SP15,USA,2024-06-26 02:00:00,2024-06-25 18:00:00,75.68181
CAISO SP15,USA,2024-06-26 03:00:00,2024-06-25 19:00:00,73.57362
CAISO SP15,USA,2024-06-26 04:00:00,2024-06-25 20:00:00,67.36932
CAISO SP15,USA,2024-06-26 05:00:00,2024-06-25 21:00:00,51.00188
CAISO SP15,USA,2024-06-26 06:00:00,2024-06-25 22:00:00,42.18664
CAISO SP15,USA,2024-06-26 07:00:00,2024-06-25 23:00:00,41.3278
CAISO SP15,USA,2024-06-26 08:00:00,2024-06-26 00:00:00,44.24189
CAISO SP15,USA,2024-06-26 09:00:00,2024-06-26 01:00:00,41.80241
CAISO SP15,USA,2024-06-26 10:00:00,2024-06-26 02:00:00,39.02735
CAISO SP15,USA,2024-06-26 11:00:00,2024-06-26 03:00:00,39.44771
CAISO SP15,USA,2024-06-26 12:00:00,2024-06-26 04:00:00,43.90376
CAISO SP15,USA,2024-06-26 13:00:00,2024-06-26 05:00:00,40.58623
CAISO SP15,USA,2024-06-26 14:00:00,2024-06-26 06:00:00,29.47228
CAISO SP15,USA,2024-06-26 15:00:00,2024-06-26 07:00:00,26.77633
CAISO SP15,USA,2024-06-26 16:00:00,2024-06-26 08:00:00,24.64458
CAISO SP15,USA,2024-06-26 17:00:00,2024-06-26 09:00:00,25.64828
CAISO SP15,USA,2024-06-26 18:00:00,2024-06-26 10:00:00,26.60198
CAISO SP15,USA,2024-06-26 19:00:00,2024-06-26 11:00:00,28.36001
CAISO SP15,USA,2024-06-26 20:00:00,2024-06-26 12:00:00,27.5277
CAISO SP15,USA,2024-06-26 21:00:00,2024-06-26 13:00:00,29.57159
CAISO SP15,USA,2024-06-26 22:00:00,2024-06-26 14:00:00,34.3
CAISO SP15,USA,2024-06-26 23:00:00,2024-06-26 15:00:00,37.04949
CAISO SP15,USA,2024-06-27 00:00:00,2024-06-26 16:00:00,40.18178
CAISO SP15,USA,2024-06-27 01:00:00,2024-06-26 17:00:00,51.75731
CAISO SP15,USA,2024-06-27 02:00:00,2024-06-26 18:00:00,63.34061
CAISO SP15,USA,2024-06-27 03:00:00,2024-06-26 19:00:00,65.36553
CAISO SP15,USA,2024-06-27 04:00:00,2024-06-26 20:00:00,53.9945
CAISO SP15,USA,2024-06-27 05:00:00,2024-06-26 21:00:00,49.41702
CAISO SP15,USA,2024-06-27 06:00:00,2024-06-26 22:00:00,41.47121
CAISO SP15,USA,2024-06-27 07:00:00,2024-06-26 23:00:00,40.69994
CAISO SP15,USA,2024-06-27 08:00:00,2024-06-27 00:00:00,38.43814
CAISO SP15,USA,2024-06-27 09:00:00,2024-06-27 01:00:00,37.12738
CAISO SP15,USA,2024-06-27 10:00:00,2024-06-27 02:00:00,35.18682
CAISO SP15,USA,2024-06-27 11:00:00,2024-06-27 03:00:00,37.03012
CAISO SP15,USA,2024-06-27 12:00:00,2024-06-27 04:00:00,40.26371
CAISO SP15,USA,2024-06-27 13:00:00,2024-06-27 05:00:00,35.45586
CAISO SP15,USA,2024-06-27 14:00:00,2024-06-27 06:00:00,23.75635
CAISO SP15,USA,2024-06-27 15:00:00,2024-06-27 07:00:00,22.01345
CAISO SP15,USA,2024-06-27 16:00:00,2024-06-27 08:00:00,20.0
CAISO SP15,USA,2024-06-27 17:00:00,2024-06-27 09:00:00,20.73866
CAISO SP15,USA,2024-06-27 18:00:00,2024-06-27 10:00:00,21.23875
CAISO SP15,USA,2024-06-27 19:00:00,2024-06-27 11:00:00,21.60075
CAISO SP15,USA,2024-06-27 20:00:00,2024-06-27 12:00:00,22.21324
CAISO SP15,USA,2024-06-27 21:00:00,2024-06-27 13:00:00,25.91593
CAISO SP15,USA,2024-06-27 22:00:00,2024-06-27 14:00:00,27.10472
CAISO SP15,USA,2024-06-27 23:00:00,2024-06-27 15:00:00,28.25774
CAISO SP15,USA,2024-06-28 00:00:00,2024-06-27 16:00:00,36.67601
CAISO SP15,USA,2024-06-28 01:00:00,2024-06-27 17:00:00,44.87445
CAISO SP15,USA,2024-06-28 02:00:00,2024-06-27 18:00:00,60.09272
CAISO SP15,USA,2024-06-28 03:00:00,2024-06-27 19:00:00,64.62693
CAISO SP15,USA,2024-06-28 04:00:00,2024-06-27 20:00:00,53.70869
CAISO SP15,USA,2024-06-28 05:00:00,2024-06-27 21:00:00,44.61313
CAISO SP15,USA,2024-06-28 06:00:00,2024-06-27 22:00:00,39.24744
CAISO SP15,USA,2024-06-28 07:00:00,2024-06-27 23:00:00,36.99093
CAISO SP15,USA,2024-06-28 08:00:00,2024-06-28 00:00:00,35.96699
CAISO SP15,USA,2024-06-28 09:00:00,2024-06-28 01:00:00,35.28741
CAISO SP15,USA,2024-06-28 10:00:00,2024-06-28 02:00:00,34.54273
CAISO SP15,USA,2024-06-28 11:00:00,2024-06-28 03:00:00,36.87881
CAISO SP15,USA,2024-06-28 12:00:00,2024-06-28 04:00:00,40.03453
CAISO SP15,USA,2024-06-28 13:00:00,2024-06-28 05:00:00,34.58805
CAISO SP15,USA,2024-06-28 14:00:00,2024-06-28 06:00:00,21.27222
CAISO SP15,USA,2024-06-28 15:00:00,2024-06-28 07:00:00,20.91288
CAISO SP15,USA,2024-06-28 16:00:00,2024-06-28 08:00:00,19.1077
CAISO SP15,USA,2024-06-28 17:00:00,2024-06-28 09:00:00,20.06781
CAISO SP15,USA,2024-06-28 18:00:00,2024-06-28 10:00:00,19.79221
CAISO SP15,USA,2024-06-28 19:00:00,2024-06-28 11:00:00,18.66594
CAISO SP15,USA,2024-06-28 20:00:00,2024-06-28 12:00:00,18.71382
CAISO SP15,USA,2024-06-28 21:00:00,2024-06-28 13:00:00,22.12333
CAISO SP15,USA,2024-06-28 22:00:00,2024-06-28 14:00:00,25.49
CAISO SP15,USA,2024-06-28 23:00:00,2024-06-28 15:00:00,31.72114
CAISO SP15,USA,2024-06-29 00:00:00,2024-06-28 16:00:00,34.81686
CAISO SP15,USA,2024-06-29 01:00:00,2024-06-28 17:00:00,47.52446
CAISO SP15,USA,2024-06-29 02:00:00,2024-06-28 18:00:00,58.05148
CAISO SP15,USA,2024-06-29 03:00:00,2024-06-28 19:00:00,60.39965
CAISO SP15,USA,2024-06-29 04:00:00,2024-06-28 20:00:00,58.35521
CAISO SP15,USA,2024-06-29 05:00:00,2024-06-28 21:00:00,50.12463
CAISO SP15,USA,2024-06-29 06:00:00,2024-06-28 22:00:00,46.77318
CAISO SP15,USA,2024-06-29 07:00:00,2024-06-28 23:00:00,40.67507
CAISO SP15,USA,2024-06-29 08:00:00,2024-06-29 00:00:00,38.07488
CAISO SP15,USA,2024-06-29 09:00:00,2024-06-29 01:00:00,38.86539
CAISO SP15,USA,2024-06-29 10:00:00,2024-06-29 02:00:00,37.38781
CAISO SP15,USA,2024-06-29 11:00:00,2024-06-29 03:00:00,37.70808
CAISO SP15,USA,2024-06-29 12:00:00,2024-06-29 04:00:00,38.22896
CAISO SP15,USA,2024-06-29 13:00:00,2024-06-29 05:00:00,31.52523
CAISO SP15,USA,2024-06-29 14:00:00,2024-06-29 06:00:00,16.81126
CAISO SP15,USA,2024-06-29 15:00:00,2024-06-29 07:00:00,15.05322
CAISO SP15,USA,2024-06-29 16:00:00,2024-06-29 08:00:00,15.60712
CAISO SP15,USA,2024-06-29 17:00:00,2024-06-29 09:00:00,15.51934
CAISO SP15,USA,2024-06-29 18:00:00,2024-06-29 10:00:00,15.37365
CAISO SP15,USA,2024-06-29 19:00:00,2024-06-29 11:00:00,16.10971
CAISO SP15,USA,2024-06-29 20:00:00,2024-06-29 12:00:00,16.7119
CAISO SP15,USA,2024-06-29 21:00:00,2024-06-29 13:00:00,19.65949
CAISO SP15,USA,2024-06-29 22:00:00,2024-06-29 14:00:00,24.42158
CAISO SP15,USA,2024-06-29 23:00:00,2024-06-29 15:00:00,30.76331
CAISO SP15,USA,2024-06-30 00:00:00,2024-06-29 16:00:00,35.38205
CAISO SP15,USA,2024-06-30 01:00:00,2024-06-29 17:00:00,43.45572
CAISO SP15,USA,2024-06-30 02:00:00,2024-06-29 18:00:00,61.49494
CAISO SP15,USA,2024-06-30 03:00:00,2024-06-29 19:00:00,61.09727
CAISO SP15,USA,2024-06-30 04:00:00,2024-06-29 20:00:00,54.56738
CAISO SP15,USA,2024-06-30 05:00:00,2024-06-29 21:00:00,43.66533
CAISO SP15,USA,2024-06-30 06:00:00,2024-06-29 22:00:00,42.16912
CAISO SP15,USA,2024-06-30 07:00:00,2024-06-29 23:00:00,36.94868
CAISO SP15,USA,2024-06-30 08:00:00,2024-06-30 00:00:00,37.18152
CAISO SP15,USA,2024-06-30 09:00:00,2024-06-30 01:00:00,36.92448
CAISO SP15,USA,2024-06-30 10:00:00,2024-06-30 02:00:00,34.27112
CAISO SP15,USA,2024-06-30 11:00:00,2024-06-30 03:00:00,34.57361
CAISO SP15,USA,2024-06-30 12:00:00,2024-06-30 04:00:00,34.52198
CAISO SP15,USA,2024-06-30 13:00:00,2024-06-30 05:00:00,29.60865
CAISO SP15,USA,2024-06-30 14:00:00,2024-06-30 06:00:00,11.50692
CAISO SP15,USA,2024-06-30 15:00:00,2024-06-30 07:00:00,9.99309
CAISO SP15,USA,2024-06-30 16:00:00,2024-06-30 08:00:00,10.36
CAISO SP15,USA,2024-06-30 17:00:00,2024-06-30 09:00:00,10.41562
CAISO SP15,USA,2024-06-30 18:00:00,2024-06-30 10:00:00,11.13212
CAISO SP15,USA,2024-06-30 19:00:00,2024-06-30 11:00:00,11.46192
CAISO SP15,USA,2024-06-30 20:00:00,2024-06-30 12:00:00,10.56164
CAISO SP15,USA,2024-06-30 21:00:00,2024-06-30 13:00:00,17.35795
CAISO SP15,USA,2024-06-30 22:00:00,2024-06-30 14:00:00,26.04093
CAISO SP15,USA,2024-06-30 23:00:00,2024-06-30 15:00:00,32.94709
CAISO SP15,USA,2024-07-01 00:00:00,2024-06-30 16:00:00,37.98984
CAISO SP15,USA,2024-07-01 01:00:00,2024-06-30 17:00:00,49.59461
CAISO SP15,USA,2024-07-01 02:00:00,2024-06-30 18:00:00,61.80917
CAISO SP15,USA,2024-07-01 03:00:00,2024-06-30 19:00:00,62.89575
CAISO SP15,USA,2024-07-01 04:00:00,2024-06-30 20:00:00,56.43399
CAISO SP15,USA,2024-07-01 05:00:00,2024-06-30 21:00:00,44.47275
CAISO SP15,USA,2024-07-01 06:00:00,2024-06-30 22:00:00,39.09438
CAISO SP15,USA,2024-07-01 07:00:00,2024-06-30 23:00:00,37.71266
CAISO SP15,USA,2024-07-01 08:00:00,2024-07-01 00:00:00,35.36061
CAISO SP15,USA,2024-07-01 09:00:00,2024-07-01 01:00:00,34.54224
CAISO SP15,USA,2024-07-01 10:00:00,2024-07-01 02:00:00,34.43954
CAISO SP15,USA,2024-07-01 11:00:00,2024-07-01 03:00:00,34.81018
CAISO SP15,USA,2024-07-01 12:00:00,2024-07-01 04:00:00,38.24277
CAISO SP15,USA,2024-07-01 13:00:00,2024-07-01 05:00:00,34.02774
CAISO SP15,USA,2024-07-01 14:00:00,2024-07-01 06:00:00,26.32918
CAISO SP15,USA,2024-07-01 15:00:00,2024-07-01 07:00:00,21.79941
CAISO SP15,USA,2024-07-01 16:00:00,2024-07-01 08:00:00,25.05665
CAISO SP15,USA,2024-07-01 17:00:00,2024-07-01 09:00:00,25.98511
CAISO SP15,USA,2024-07-01 18:00:00,2024-07-01 10:00:00,25.85553
CAISO SP15,USA,2024-07-01 19:00:00,2024-07-01 11:00:00,25.78006
CAISO SP15,USA,2024-07-01 20:00:00,2024-07-01 12:00:00,26.05928
CAISO SP15,USA,2024-07-01 21:00:00,2024-07-01 13:00:00,30.43514
CAISO SP15,USA,2024-07-01 22:00:00,2024-07-01 14:00:00,32.96852
CAISO SP15,USA,2024-07-01 23:00:00,2024-07-01 15:00:00,36.675
CAISO SP15,USA,2024-07-02 00:00:00,2024-07-01 16:00:00,36.72579
CAISO SP15,USA,2024-07-02 01:00:00,2024-07-01 17:00:00,49.79702
CAISO SP15,USA,2024-07-02 02:00:00,2024-07-01 18:00:00,69.81833
CAISO SP15,USA,2024-07-02 03:00:00,2024-07-01 19:00:00,69.70106
CAISO SP15,USA,2024-07-02 04:00:00,2024-07-01 20:00:00,57.37797
CAISO SP15,USA,2024-07-02 05:00:00,2024-07-01 21:00:00,46.1217
CAISO SP15,USA,2024-07-02 06:00:00,2024-07-01 22:00:00,40.60767
CAISO SP15,USA,2024-07-02 07:00:00,2024-07-01 23:00:00,39.55506
CAISO SP15,USA,2024-07-02 08:00:00,2024-07-02 00:00:00,36.95645
CAISO SP15,USA,2024-07-02 09:00:00,2024-07-02 01:00:00,36.69065
CAISO SP15,USA,2024-07-02 10:00:00,2024-07-02 02:00:00,37.90089
CAISO SP15,USA,2024-07-02 11:00:00,2024-07-02 03:00:00,38.41323
CAISO SP15,USA,2024-07-02 12:00:00,2024-07-02 04:00:00,41.38177
CAISO SP15,USA,2024-07-02 13:00:00,2024-07-02 05:00:00,41.01965
CAISO SP15,USA,2024-07-02 14:00:00,2024-07-02 06:00:00,29.94355
CAISO SP15,USA,2024-07-02 15:00:00,2024-07-02 07:00:00,28.90509
CAISO SP15,USA,2024-07-02 16:00:00,2024-07-02 08:00:00,27.84857
CAISO SP15,USA,2024-07-02 17:00:00,2024-07-02 09:00:00,26.05266
CAISO SP15,USA,2024-07-02 18:00:00,2024-07-02 10:00:00,26.57448
CAISO SP15,USA,2024-07-02 19:00:00,2024-07-02 11:00:00,24.70274
CAISO SP15,USA,2024-07-02 20:00:00,2024-07-02 12:00:00,25.0
CAISO SP15,USA,2024-07-02 21:00:00,2024-07-02 13:00:00,25.0
CAISO SP15,USA,2024-07-02 22:00:00,2024-07-02 14:00:00,33.94179
CAISO SP15,USA,2024-07-02 23:00:00,2024-07-02 15:00:00,35.06855
CAISO SP15,USA,2024-07-03 00:00:00,2024-07-02 16:00:00,38.29182
CAISO SP15,USA,2024-07-03 01:00:00,2024-07-02 17:00:00,47.8614
CAISO SP15,USA,2024-07-03 02:00:00,2024-07-02 18:00:00,81.80214
CAISO SP15,USA,2024-07-03 03:00:00,2024-07-02 19:00:00,70.62151
CAISO SP15,USA,2024-07-03 04:00:00,2024-07-02 20:00:00,56.95024
CAISO SP15,USA,2024-07-03 05:00:00,2024-07-02 21:00:00,52.36248
CAISO SP15,USA,2024-07-03 06:00:00,2024-07-02 22:00:00,44.23993
CAISO SP15,USA,2024-07-03 07:00:00,2024-07-02 23:00:00,40.49992
CAISO SP15,USA,2024-07-03 08:00:00,2024-07-03 00:00:00,36.51641
CAISO SP15,USA,2024-07-03 09:00:00,2024-07-03 01:00:00,35.89884
CAISO SP15,USA,2024-07-03 10:00:00,2024-07-03 02:00:00,35.52292
CAISO SP15,USA,2024-07-03 11:00:00,2024-07-03 03:00:00,35.54205
CAISO SP15,USA,2024-07-03 12:00:00,2024-07-03 04:00:00,39.42017
CAISO SP15,USA,2024-07-03 13:00:00,2024-07-03 05:00:00,39.32243
CAISO SP15,USA,2024-07-03 14:00:00,2024-07-03 06:00:00,31.33712
CAISO SP15,USA,2024-07-03 15:00:00,2024-07-03 07:00:00,30.90899
CAISO SP15,USA,2024-07-03 16:00:00,2024-07-03 08:00:00,29.5924
CAISO SP15,USA,2024-07-03 17:00:00,2024-07-03 09:00:00,30.88759
CAISO SP15,USA,2024-07-03 18:00:00,2024-07-03 10:00:00,29.3849
CAISO SP15,USA,2024-07-03 19:00:00,2024-07-03 11:00:00,23.73215
CAISO SP15,USA,2024-07-03 20:00:00,2024-07-03 12:00:00,25.96569
CAISO SP15,USA,2024-07-03 21:00:00,2024-07-03 13:00:00,20.99023
CAISO SP15,USA,2024-07-03 22:00:00,2024-07-03 14:00:00,17.73433
CAISO SP15,USA,2024-07-03 23:00:00,2024-07-03 15:00:00,33.13431
CAISO SP15,USA,2024-07-04 00:00:00,2024-07-03 16:00:00,36.01807
CAISO SP15,USA,2024-07-04 01:00:00,2024-07-03 17:00:00,42.9665
CAISO SP15,USA,2024-07-04 02:00:00,2024-07-03 18:00:00,105.25
CAISO SP15,USA,2024-07-04 03:00:00,2024-07-03 19:00:00,68.33831
CAISO SP15,USA,2024-07-04 04:00:00,2024-07-03 20:00:00,55.18678
CAISO SP15,USA,2024-07-04 05:00:00,2024-07-03 21:00:00,44.26096
CAISO SP15,USA,2024-07-04 06:00:00,2024-07-03 22:00:00,37.66745
CAISO SP15,USA,2024-07-04 07:00:00,2024-07-03 23:00:00,41.52262
CAISO SP15,USA,2024-07-04 08:00:00,2024-07-04 00:00:00,35.52448
CAISO SP15,USA,2024-07-04 09:00:00,2024-07-04 01:00:00,38.06236
CAISO SP15,USA,2024-07-04 10:00:00,2024-07-04 02:00:00,38.11462
CAISO SP15,USA,2024-07-04 11:00:00,2024-07-04 03:00:00,36.08205
CAISO SP15,USA,2024-07-04 12:00:00,2024-07-04 04:00:00,38.59159
CAISO SP15,USA,2024-07-04 13:00:00,2024-07-04 05:00:00,32.19389
CAISO SP15,USA,2024-07-04 14:00:00,2024-07-04 06:00:00,24.89332
CAISO SP15,USA,2024-07-04 15:00:00,2024-07-04 07:00:00,23.01733
CAISO SP15,USA,2024-07-04 16:00:00,2024-07-04 08:00:00,22.94148
CAISO SP15,USA,2024-07-04 17:00:00,2024-07-04 09:00:00,23.33632
CAISO SP15,USA,2024-07-04 18:00:00,2024-07-04 10:00:00,22.97452
CAISO SP15,USA,2024-07-04 19:00:00,2024-07-04 11:00:00,24.9244
CAISO SP15,USA,2024-07-04 20:00:00,2024-07-04 12:00:00,26.75486
CAISO SP15,USA,2024-07-04 21:00:00,2024-07-04 13:00:00,26.60804
CAISO SP15,USA,2024-07-04 22:00:00,2024-07-04 14:00:00,19.37319
CAISO SP15,USA,2024-07-04 23:00:00,2024-07-04 15:00:00,23.66514
CAISO SP15,USA,2024-07-05 00:00:00,2024-07-04 16:00:00,22.72942
CAISO SP15,USA,2024-07-05 01:00:00,2024-07-04 17:00:00,29.27687
CAISO SP15,USA,2024-07-05 02:00:00,2024-07-04 18:00:00,60.68966
CAISO SP15,USA,2024-07-05 03:00:00,2024-07-04 19:00:00,53.45591
CAISO SP15,USA,2024-07-05 04:00:00,2024-07-04 20:00:00,54.75864
CAISO SP15,USA,2024-07-05 05:00:00,2024-07-04 21:00:00,47.28091
CAISO SP15,USA,2024-07-05 06:00:00,2024-07-04 22:00:00,38.41254
CAISO SP15,USA,2024-07-05 07:00:00,2024-07-04 23:00:00,38.41254
CAISO SP15,USA,2024-07-05 08:00:00,2024-07-05 00:00:00,36.00253
CAISO SP15,USA,2024-07-05 09:00:00,2024-07-05 01:00:00,35.86521
CAISO SP15,USA,2024-07-05 10:00:00,2024-07-05 02:00:00,35.81422
CAISO SP15,USA,2024-07-05 11:00:00,2024-07-05 03:00:00,35.97382
CAISO SP15,USA,2024-07-05 12:00:00,2024-07-05 04:00:00,36.15708
CAISO SP15,USA,2024-07-05 13:00:00,2024-07-05 05:00:00,40.07233
CAISO SP15,USA,2024-07-05 14:00:00,2024-07-05 06:00:00,32.62481
CAISO SP15,USA,2024-07-05 15:00:00,2024-07-05 07:00:00,32.01135
CAISO SP15,USA,2024-07-05 16:00:00,2024-07-05 08:00:00,31.95413
CAISO SP15,USA,2024-07-05 17:00:00,2024-07-05 09:00:00,34.83351
CAISO SP15,USA,2024-07-05 18:00:00,2024-07-05 10:00:00,35.24059
CAISO SP15,USA,2024-07-05 19:00:00,2024-07-05 11:00:00,35.40955
CAISO SP15,USA,2024-07-05 20:00:00,2024-07-05 12:00:00,38.50884
CAISO SP15,USA,2024-07-05 21:00:00,2024-07-05 13:00:00,42.5
CAISO SP15,USA,2024-07-05 22:00:00,2024-07-05 14:00:00,38.09
CAISO SP15,USA,2024-07-05 23:00:00,2024-07-05 15:00:00,34.69412
CAISO SP15,USA,2024-07-06 00:00:00,2024-07-05 16:00:00,30.01974
CAISO SP15,USA,2024-07-06 01:00:00,2024-07-05 17:00:00,64.27416
CAISO SP15,USA,2024-07-06 02:00:00,2024-07-05 18:00:00,159.13197
CAISO SP15,USA,2024-07-06 03:00:00,2024-07-05 19:00:00,134.97601
CAISO SP15,USA,2024-07-06 04:00:00,2024-07-05 20:00:00,78.6637
CAISO SP15,USA,2024-07-06 05:00:00,2024-07-05 21:00:00,61.10343
CAISO SP15,USA,2024-07-06 06:00:00,2024-07-05 22:00:00,51.52253
CAISO SP15,USA,2024-07-06 07:00:00,2024-07-05 23:00:00,40.48678
CAISO SP15,USA,2024-07-06 08:00:00,2024-07-06 00:00:00,38.4364
CAISO SP15,USA,2024-07-06 09:00:00,2024-07-06 01:00:00,37.58883
CAISO SP15,USA,2024-07-06 10:00:00,2024-07-06 02:00:00,38.80808
CAISO SP15,USA,2024-07-06 11:00:00,2024-07-06 03:00:00,38.61155
CAISO SP15,USA,2024-07-06 12:00:00,2024-07-06 04:00:00,38.42192
CAISO SP15,USA,2024-07-06 13:00:00,2024-07-06 05:00:00,37.0552
CAISO SP15,USA,2024-07-06 14:00:00,2024-07-06 06:00:00,26.1203
CAISO SP15,USA,2024-07-06 15:00:00,2024-07-06 07:00:00,24.27255
CAISO SP15,USA,2024-07-06 16:00:00,2024-07-06 08:00:00,25.11812
CAISO SP15,USA,2024-07-06 17:00:00,2024-07-06 09:00:00,26.2898
CAISO SP15,USA,2024-07-06 18:00:00,2024-07-06 10:00:00,26.74037
CAISO SP15,USA,2024-07-06 19:00:00,2024-07-06 11:00:00,28.6416
CAISO SP15,USA,2024-07-06 20:00:00,2024-07-06 12:00:00,30.62904
CAISO SP15,USA,2024-07-06 21:00:00,2024-07-06 13:00:00,33.9011
CAISO SP15,USA,2024-07-06 22:00:00,2024-07-06 14:00:00,27.0471
CAISO SP15,USA,2024-07-06 23:00:00,2024-07-06 15:00:00,45.0
CAISO SP15,USA,2024-07-07 00:00:00,2024-07-06 16:00:00,47.88481
CAISO SP15,USA,2024-07-07 01:00:00,2024-07-06 17:00:00,64.08398
CAISO SP15,USA,2024-07-07 02:00:00,2024-07-06 18:00:00,91.50679
CAISO SP15,USA,2024-07-07 03:00:00,2024-07-06 19:00:00,78.03825
CAISO SP15,USA,2024-07-07 04:00:00,2024-07-06 20:00:00,61.32243
CAISO SP15,USA,2024-07-07 05:00:00,2024-07-06 21:00:00,51.56341
CAISO SP15,USA,2024-07-07 06:00:00,2024-07-06 22:00:00,41.20924
CAISO SP15,USA,2024-07-07 07:00:00,2024-07-06 23:00:00,36.96301
CAISO SP15,USA,2024-07-07 08:00:00,2024-07-07 00:00:00,37.08728
CAISO SP15,USA,2024-07-07 09:00:00,2024-07-07 01:00:00,36.96715
CAISO SP15,USA,2024-07-07 10:00:00,2024-07-07 02:00:00,35.02
CAISO SP15,USA,2024-07-07 11:00:00,2024-07-07 03:00:00,35.46272
CAISO SP15,USA,2024-07-07 12:00:00,2024-07-07 04:00:00,35.08898
CAISO SP15,USA,2024-07-07 13:00:00,2024-07-07 05:00:00,32.31527
CAISO SP15,USA,2024-07-07 14:00:00,2024-07-07 06:00:00,20.86429
CAISO SP15,USA,2024-07-07 15:00:00,2024-07-07 07:00:00,15.5379
CAISO SP15,USA,2024-07-07 16:00:00,2024-07-07 08:00:00,15.67311
CAISO SP15,USA,2024-07-07 17:00:00,2024-07-07 09:00:00,18.15678
CAISO SP15,USA,2024-07-07 18:00:00,2024-07-07 10:00:00,18.60242
CAISO SP15,USA,2024-07-07 19:00:00,2024-07-07 11:00:00,19.94669
CAISO SP15,USA,2024-07-07 20:00:00,2024-07-07 12:00:00,20.30557
CAISO SP15,USA,2024-07-07 21:00:00,2024-07-07 13:00:00,24.16137
CAISO SP15,USA,2024-07-07 22:00:00,2024-07-07 14:00:00,27.49462
CAISO SP15,USA,2024-07-07 23:00:00,2024-07-07 15:00:00,32.6755
CAISO SP15,USA,2024-07-08 00:00:00,2024-07-07 16:00:00,37.40209
CAISO SP15,USA,2024-07-08 01:00:00,2024-07-07 17:00:00,45.44567
CAISO SP15,USA,2024-07-08 02:00:00,2024-07-07 18:00:00,56.06315
CAISO SP15,USA,2024-07-08 03:00:00,2024-07-07 19:00:00,59.55721
CAISO SP15,USA,2024-07-08 04:00:00,2024-07-07 20:00:00,50.82542
CAISO SP15,USA,2024-07-08 05:00:00,2024-07-07 21:00:00,42.25673
CAISO SP15,USA,2024-07-08 06:00:00,2024-07-07 22:00:00,38.1953
CAISO SP15,USA,2024-07-08 07:00:00,2024-07-07 23:00:00,35.90772
CAISO SP15,USA,2024-07-08 08:00:00,2024-07-08 00:00:00,35.44477
CAISO SP15,USA,2024-07-08 09:00:00,2024-07-08 01:00:00,33.90202
CAISO SP15,USA,2024-07-08 10:00:00,2024-07-08 02:00:00,33.68046
CAISO SP15,USA,2024-07-08 11:00:00,2024-07-08 03:00:00,33.68499
CAISO SP15,USA,2024-07-08 12:00:00,2024-07-08 04:00:00,35.0
CAISO SP15,USA,2024-07-08 13:00:00,2024-07-08 05:00:00,37.47755
CAISO SP15,USA,2024-07-08 14:00:00,2024-07-08 06:00:00,31.74942
CAISO SP15,USA,2024-07-08 15:00:00,2024-07-08 07:00:00,31.21631
CAISO SP15,USA,2024-07-08 16:00:00,2024-07-08 08:00:00,31.3223
CAISO SP15,USA,2024-07-08 17:00:00,2024-07-08 09:00:00,31.4017
CAISO SP15,USA,2024-07-08 18:00:00,2024-07-08 10:00:00,32.53745
CAISO SP15,USA,2024-07-08 19:00:00,2024-07-08 11:00:00,33.19824
CAISO SP15,USA,2024-07-08 20:00:00,2024-07-08 12:00:00,36.14383
CAISO SP15,USA,2024-07-08 21:00:00,2024-07-08 13:00:00,35.80957
CAISO SP15,USA,2024-07-08 22:00:00,2024-07-08 14:00:00,47.96107
CAISO SP15,USA,2024-07-08 23:00:00,2024-07-08 15:00:00,48.05324
CAISO SP15,USA,2024-07-09 00:00:00,2024-07-08 16:00:00,51.41224
CAISO SP15,USA,2024-07-09 01:00:00,2024-07-08 17:00:00,64.52
CAISO SP15,USA,2024-07-09 02:00:00,2024-07-08 18:00:00,132.729
CAISO SP15,USA,2024-07-09 03:00:00,2024-07-08 19:00:00,116.83975
CAISO SP15,USA,2024-07-09 04:00:00,2024-07-08 20:00:00,71.18795
CAISO SP15,USA,2024-07-09 05:00:00,2024-07-08 21:00:00,55.05676
CAISO SP15,USA,2024-07-09 06:00:00,2024-07-08 22:00:00,46.19545
CAISO SP15,USA,2024-07-09 07:00:00,2024-07-08 23:00:00,38.37504
CAISO SP15,USA,2024-07-09 08:00:00,2024-07-09 00:00:00,37.48798
CAISO SP15,USA,2024-07-09 09:00:00,2024-07-09 01:00:00,37.42816
CAISO SP15,USA,2024-07-09 10:00:00,2024-07-09 02:00:00,37.08732
CAISO SP15,USA,2024-07-09 11:00:00,2024-07-09 03:00:00,39.14676
CAISO SP15,USA,2024-07-09 12:00:00,2024-07-09 04:00:00,42.0958
CAISO SP15,USA,2024-07-09 13:00:00,2024-07-09 05:00:00,44.2502
CAISO SP15,USA,2024-07-09 14:00:00,2024-07-09 06:00:00,34.04052
CAISO SP15,USA,2024-07-09 15:00:00,2024-07-09 07:00:00,33.38165
CAISO SP15,USA,2024-07-09 16:00:00,2024-07-09 08:00:00,32.82688
CAISO SP15,USA,2024-07-09 17:00:00,2024-07-09 09:00:00,33.12311
CAISO SP15,USA,2024-07-09 18:00:00,2024-07-09 10:00:00,33.91692
CAISO SP15,USA,2024-07-09 19:00:00,2024-07-09 11:00:00,34.64481
CAISO SP15,USA,2024-07-09 20:00:00,2024-07-09 12:00:00,38.83887
CAISO SP15,USA,2024-07-09 21:00:00,2024-07-09 13:00:00,49.8438
CAISO SP15,USA,2024-07-09 22:00:00,2024-07-09 14:00:00,55.31881
CAISO SP15,USA,2024-07-09 23:00:00,2024-07-09 15:00:00,58.58142
CAISO SP15,USA,2024-07-10 00:00:00,2024-07-09 16:00:00,63.28571
CAISO SP15,USA,2024-07-10 01:00:00,2024-07-09 17:00:00,102.95712
CAISO SP15,USA,2024-07-10 02:00:00,2024-07-09 18:00:00,245.76952
CAISO SP15,USA,2024-07-10 03:00:00,2024-07-09 19:00:00,158.86623
CAISO SP15,USA,2024-07-10 04:00:00,2024-07-09 20:00:00,91.00727
CAISO SP15,USA,2024-07-10 05:00:00,2024-07-09 21:00:00,59.52761
CAISO SP15,USA,2024-07-10 06:00:00,2024-07-09 22:00:00,51.0415
CAISO SP15,USA,2024-07-10 07:00:00,2024-07-09 23:00:00,47.06849
CAISO SP15,USA,2024-07-10 08:00:00,2024-07-10 00:00:00,44.13699
CAISO SP15,USA,2024-07-10 09:00:00,2024-07-10 01:00:00,42.61945
CAISO SP15,USA,2024-07-10 10:00:00,2024-07-10 02:00:00,42.27686
CAISO SP15,USA,2024-07-10 11:00:00,2024-07-10 03:00:00,42.40281
CAISO SP15,USA,2024-07-10 12:00:00,2024-07-10 04:00:00,44.82405
CAISO SP15,USA,2024-07-10 13:00:00,2024-07-10 05:00:00,41.38567
CAISO SP15,USA,2024-07-10 14:00:00,2024-07-10 06:00:00,37.38367
CAISO SP15,USA,2024-07-10 15:00:00,2024-07-10 07:00:00,37.59583
CAISO SP15,USA,2024-07-10 16:00:00,2024-07-10 08:00:00,37.07
CAISO SP15,USA,2024-07-10 17:00:00,2024-07-10 09:00:00,36.98819
CAISO SP15,USA,2024-07-10 18:00:00,2024-07-10 10:00:00,37.88735
CAISO SP15,USA,2024-07-10 19:00:00,2024-07-10 11:00:00,40.21561
CAISO SP15,USA,2024-07-10 20:00:00,2024-07-10 12:00:00,43.05266
CAISO SP15,USA,2024-07-10 21:00:00,2024-07-10 13:00:00,54.8336
CAISO SP15,USA,2024-07-10 22:00:00,2024-07-10 14:00:00,62.17306
CAISO SP15,USA,2024-07-10 23:00:00,2024-07-10 15:00:00,65.59858
CAISO SP15,USA,2024-07-11 00:00:00,2024-07-10 16:00:00,87.54007
CAISO SP15,USA,2024-07-11 01:00:00,2024-07-10 17:00:00,212.48785
CAISO SP15,USA,2024-07-11 02:00:00,2024-07-10 18:00:00,411.11
CAISO SP15,USA,2024-07-11 03:00:00,2024-07-10 19:00:00,235.62494
CAISO SP15,USA,2024-07-11 04:00:00,2024-07-10 20:00:00,111.95626
CAISO SP15,USA,2024-07-11 05:00:00,2024-07-10 21:00:00,71.54612
CAISO SP15,USA,2024-07-11 06:00:00,2024-07-10 22:00:00,62.57433
CAISO SP15,USA,2024-07-11 07:00:00,2024-07-10 23:00:00,56.7371
CAISO SP15,USA,2024-07-11 08:00:00,2024-07-11 00:00:00,48.24149
CAISO SP15,USA,2024-07-11 09:00:00,2024-07-11 01:00:00,46.39396
CAISO SP15,USA,2024-07-11 10:00:00,2024-07-11 02:00:00,46.12415
CAISO SP15,USA,2024-07-11 11:00:00,2024-07-11 03:00:00,46.43507
CAISO SP15,USA,2024-07-11 12:00:00,2024-07-11 04:00:00,47.65812
CAISO SP15,USA,2024-07-11 13:00:00,2024-07-11 05:00:00,48.27415
CAISO SP15,USA,2024-07-11 14:00:00,2024-07-11 06:00:00,36.50976
CAISO SP15,USA,2024-07-11 15:00:00,2024-07-11 07:00:00,34.37565
CAISO SP15,USA,2024-07-11 16:00:00,2024-07-11 08:00:00,37.72088
CAISO SP15,USA,2024-07-11 17:00:00,2024-07-11 09:00:00,35.59405
CAISO SP15,USA,2024-07-11 18:00:00,2024-07-11 10:00:00,34.00086
CAISO SP15,USA,2024-07-11 19:00:00,2024-07-11 11:00:00,36.45299
CAISO SP15,USA,2024-07-11 20:00:00,2024-07-11 12:00:00,39.47533
CAISO SP15,USA,2024-07-11 21:00:00,2024-07-11 13:00:00,38.17633
CAISO SP15,USA,2024-07-11 22:00:00,2024-07-11 14:00:00,38.34
CAISO SP15,USA,2024-07-11 23:00:00,2024-07-11 15:00:00,38.27
CAISO SP15,USA,2024-07-12 00:00:00,2024-07-11 16:00:00,53.46898
CAISO SP15,USA,2024-07-12 01:00:00,2024-07-11 17:00:00,213.66513
CAISO SP15,USA,2024-07-12 02:00:00,2024-07-11 18:00:00,531.7936
CAISO SP15,USA,2024-07-12 03:00:00,2024-07-11 19:00:00,229.64088
CAISO SP15,USA,2024-07-12 04:00:00,2024-07-11 20:00:00,104.28782
CAISO SP15,USA,2024-07-12 05:00:00,2024-07-11 21:00:00,66.02023
CAISO SP15,USA,2024-07-12 06:00:00,2024-07-11 22:00:00,60.87948
CAISO SP15,USA,2024-07-12 07:00:00,2024-07-11 23:00:00,45.06194
CAISO SP15,USA,2024-07-12 08:00:00,2024-07-12 00:00:00,41.64618
CAISO SP15,USA,2024-07-12 09:00:00,2024-07-12 01:00:00,40.1914
CAISO SP15,USA,2024-07-12 10:00:00,2024-07-12 02:00:00,40.23659
CAISO SP15,USA,2024-07-12 11:00:00,2024-07-12 03:00:00,40.54
CAISO SP15,USA,2024-07-12 12:00:00,2024-07-12 04:00:00,41.55773
CAISO SP15,USA,2024-07-12 13:00:00,2024-07-12 05:00:00,42.20912
CAISO SP15,USA,2024-07-12 14:00:00,2024-07-12 06:00:00,40.05158
CAISO SP15,USA,2024-07-12 15:00:00,2024-07-12 07:00:00,38.97922
CAISO SP15,USA,2024-07-12 16:00:00,2024-07-12 08:00:00,36.89288
CAISO SP15,USA,2024-07-12 17:00:00,2024-07-12 09:00:00,37.75137
CAISO SP15,USA,2024-07-12 18:00:00,2024-07-12 10:00:00,38.94
CAISO SP15,USA,2024-07-12 19:00:00,2024-07-12 11:00:00,40.50186
CAISO SP15,USA,2024-07-12 20:00:00,2024-07-12 12:00:00,43.6152
CAISO SP15,USA,2024-07-12 21:00:00,2024-07-12 13:00:00,49.7
CAISO SP15,USA,2024-07-12 22:00:00,2024-07-12 14:00:00,52.05807
CAISO SP15,USA,2024-07-12 23:00:00,2024-07-12 15:00:00,50.4433
CAISO SP15,USA,2024-07-13 00:00:00,2024-07-12 16:00:00,51.95365
CAISO SP15,USA,2024-07-13 01:00:00,2024-07-12 17:00:00,99.64
CAISO SP15,USA,2024-07-13 02:00:00,2024-07-12 18:00:00,208.64835
CAISO SP15,USA,2024-07-13 03:00:00,2024-07-12 19:00:00,101.62939
CAISO SP15,USA,2024-07-13 04:00:00,2024-07-12 20:00:00,74.60983
CAISO SP15,USA,2024-07-13 05:00:00,2024-07-12 21:00:00,61.0339
CAISO SP15,USA,2024-07-13 06:00:00,2024-07-12 22:00:00,55.9982
CAISO SP15,USA,2024-07-13 07:00:00,2024-07-12 23:00:00,42.96081
CAISO SP15,USA,2024-07-13 08:00:00,2024-07-13 00:00:00,41.83504
CAISO SP15,USA,2024-07-13 09:00:00,2024-07-13 01:00:00,39.10156
CAISO SP15,USA,2024-07-13 10:00:00,2024-07-13 02:00:00,39.706
CAISO SP15,USA,2024-07-13 11:00:00,2024-07-13 03:00:00,40.2101
CAISO SP15,USA,2024-07-13 12:00:00,2024-07-13 04:00:00,39.91054
CAISO SP15,USA,2024-07-13 13:00:00,2024-07-13 05:00:00,36.55724
CAISO SP15,USA,2024-07-13 14:00:00,2024-07-13 06:00:00,30.56277
CAISO SP15,USA,2024-07-13 15:00:00,2024-07-13 07:00:00,30.00123
CAISO SP15,USA,2024-07-13 16:00:00,2024-07-13 08:00:00,29.25147
CAISO SP15,USA,2024-07-13 17:00:00,2024-07-13 09:00:00,29.02709
CAISO SP15,USA,2024-07-13 18:00:00,2024-07-13 10:00:00,29.59601
CAISO SP15,USA,2024-07-13 19:00:00,2024-07-13 11:00:00,30.62734
CAISO SP15,USA,2024-07-13 20:00:00,2024-07-13 12:00:00,32.06111
CAISO SP15,USA,2024-07-13 21:00:00,2024-07-13 13:00:00,34.79906
CAISO SP15,USA,2024-07-13 22:00:00,2024-07-13 14:00:00,35.85079
CAISO SP15,USA,2024-07-13 23:00:00,2024-07-13 15:00:00,39.0805
CAISO SP15,USA,2024-07-14 00:00:00,2024-07-13 16:00:00,47.992
CAISO SP15,USA,2024-07-14 01:00:00,2024-07-13 17:00:00,49.92235
CAISO SP15,USA,2024-07-14 02:00:00,2024-07-13 18:00:00,71.94
CAISO SP15,USA,2024-07-14 03:00:00,2024-07-13 19:00:00,56.45924
CAISO SP15,USA,2024-07-14 04:00:00,2024-07-13 20:00:00,53.09346
CAISO SP15,USA,2024-07-14 05:00:00,2024-07-13 21:00:00,48.20085
CAISO SP15,USA,2024-07-14 06:00:00,2024-07-13 22:00:00,41.79053
CAISO SP15,USA,2024-07-14 07:00:00,2024-07-13 23:00:00,41.55431
CAISO SP15,USA,2024-07-14 08:00:00,2024-07-14 00:00:00,40.27563
CAISO SP15,USA,2024-07-14 09:00:00,2024-07-14 01:00:00,36.81499
CAISO SP15,USA,2024-07-14 10:00:00,2024-07-14 02:00:00,36.33469
CAISO SP15,USA,2024-07-14 11:00:00,2024-07-14 03:00:00,38.24247
CAISO SP15,USA,2024-07-14 12:00:00,2024-07-14 04:00:00,38.33388
CAISO SP15,USA,2024-07-14 13:00:00,2024-07-14 05:00:00,34.53833
CAISO SP15,USA,2024-07-14 14:00:00,2024-07-14 06:00:00,27.98793
CAISO SP15,USA,2024-07-14 15:00:00,2024-07-14 07:00:00,24.56655
CAISO SP15,USA,2024-07-14 16:00:00,2024-07-14 08:00:00,21.95179
CAISO SP15,USA,2024-07-14 17:00:00,2024-07-14 09:00:00,24.17603
CAISO SP15,USA,2024-07-14 18:00:00,2024-07-14 10:00:00,24.427
CAISO SP15,USA,2024-07-14 19:00:00,2024-07-14 11:00:00,23.95732
CAISO SP15,USA,2024-07-14 20:00:00,2024-07-14 12:00:00,24.96587
CAISO SP15,USA,2024-07-14 21:00:00,2024-07-14 13:00:00,30.11753
CAISO SP15,USA,2024-07-14 22:00:00,2024-07-14 14:00:00,31.26681
CAISO SP15,USA,2024-07-14 23:00:00,2024-07-14 15:00:00,31.59802
CAISO SP15,USA,2024-07-15 00:00:00,2024-07-14 16:00:00,32.78371
CAISO SP15,USA,2024-07-15 01:00:00,2024-07-14 17:00:00,46.73856
CAISO SP15,USA,2024-07-15 02:00:00,2024-07-14 18:00:00,63.38612
CAISO SP15,USA,2024-07-15 03:00:00,2024-07-14 19:00:00,54.78487
CAISO SP15,USA,2024-07-15 04:00:00,2024-07-14 20:00:00,47.63185
CAISO SP15,USA,2024-07-15 05:00:00,2024-07-14 21:00:00,43.27985
CAISO SP15,USA,2024-07-15 06:00:00,2024-07-14 22:00:00,39.38325
CAISO SP15,USA,2024-07-15 07:00:00,2024-07-14 23:00:00,34.77563
CAISO SP15,USA,2024-07-15 08:00:00,2024-07-15 00:00:00,34.79074
CAISO SP15,USA,2024-07-15 09:00:00,2024-07-15 01:00:00,33.98994
CAISO SP15,USA,2024-07-15 10:00:00,2024-07-15 02:00:00,33.69934
CAISO SP15,USA,2024-07-15 11:00:00,2024-07-15 03:00:00,33.89414
CAISO SP15,USA,2024-07-15 12:00:00,2024-07-15 04:00:00,39.09771
CAISO SP15,USA,2024-07-15 13:00:00,2024-07-15 05:00:00,37.0145
CAISO SP15,USA,2024-07-15 14:00:00,2024-07-15 06:00:00,31.82
CAISO SP15,USA,2024-07-15 15:00:00,2024-07-15 07:00:00,30.89072
CAISO SP15,USA,2024-07-15 16:00:00,2024-07-15 08:00:00,29.22
CAISO SP15,USA,2024-07-15 17:00:00,2024-07-15 09:00:00,30.06799
CAISO SP15,USA,2024-07-15 18:00:00,2024-07-15 10:00:00,29.79226
CAISO SP15,USA,2024-07-15 19:00:00,2024-07-15 11:00:00,31.17608
CAISO SP15,USA,2024-07-15 20:00:00,2024-07-15 12:00:00,30.73979
CAISO SP15,USA,2024-07-15 21:00:00,2024-07-15 13:00:00,32.98008
CAISO SP15,USA,2024-07-15 22:00:00,2024-07-15 14:00:00,35.80232
CAISO SP15,USA,2024-07-15 23:00:00,2024-07-15 15:00:00,36.08823
CAISO SP15,USA,2024-07-16 00:00:00,2024-07-15 16:00:00,41.12568
CAISO SP15,USA,2024-07-16 01:00:00,2024-07-15 17:00:00,48.86951
CAISO SP15,USA,2024-07-16 02:00:00,2024-07-15 18:00:00,69.36263
CAISO SP15,USA,2024-07-16 03:00:00,2024-07-15 19:00:00,57.4198
CAISO SP15,USA,2024-07-16 04:00:00,2024-07-15 20:00:00,50.83207
CAISO SP15,USA,2024-07-16 05:00:00,2024-07-15 21:00:00,43.45115
CAISO SP15,USA,2024-07-16 06:00:00,2024-07-15 22:00:00,39.31303
CAISO SP15,USA,2024-07-16 07:00:00,2024-07-15 23:00:00,41.61465
CAISO SP15,USA,2024-07-16 08:00:00,2024-07-16 00:00:00,39.28719
CAISO SP15,USA,2024-07-16 09:00:00,2024-07-16 01:00:00,38.80053
CAISO SP15,USA,2024-07-16 10:00:00,2024-07-16 02:00:00,38.81048
CAISO SP15,USA,2024-07-16 11:00:00,2024-07-16 03:00:00,40.32015
CAISO SP15,USA,2024-07-16 12:00:00,2024-07-16 04:00:00,43.18752
CAISO SP15,USA,2024-07-16 13:00:00,2024-07-16 05:00:00,42.71996
CAISO SP15,USA,2024-07-16 14:00:00,2024-07-16 06:00:00,33.76669
CAISO SP15,USA,2024-07-16 15:00:00,2024-07-16 07:00:00,32.19617
CAISO SP15,USA,2024-07-16 16:00:00,2024-07-16 08:00:00,31.23653
CAISO SP15,USA,2024-07-16 17:00:00,2024-07-16 09:00:00,31.93546
CAISO SP15,USA,2024-07-16 18:00:00,2024-07-16 10:00:00,32.69492
CAISO SP15,USA,2024-07-16 19:00:00,2024-07-16 11:00:00,33.32909
CAISO SP15,USA,2024-07-16 20:00:00,2024-07-16 12:00:00,35.61524
CAISO SP15,USA,2024-07-16 21:00:00,2024-07-16 13:00:00,38.08456
CAISO SP15,USA,2024-07-16 22:00:00,2024-07-16 14:00:00,39.26175
CAISO SP15,USA,2024-07-16 23:00:00,2024-07-16 15:00:00,39.55
CAISO SP15,USA,2024-07-17 00:00:00,2024-07-16 16:00:00,45.57995
CAISO SP15,USA,2024-07-17 01:00:00,2024-07-16 17:00:00,56.88274
CAISO SP15,USA,2024-07-17 02:00:00,2024-07-16 18:00:00,75.57987
CAISO SP15,USA,2024-07-17 03:00:00,2024-07-16 19:00:00,64.37515
CAISO SP15,USA,2024-07-17 04:00:00,2024-07-16 20:00:00,56.69706
CAISO SP15,USA,2024-07-17 05:00:00,2024-07-16 21:00:00,52.04711
CAISO SP15,USA,2024-07-17 06:00:00,2024-07-16 22:00:00,43.50826
CAISO SP15,USA,2024-07-17 07:00:00,2024-07-16 23:00:00,39.48692
CAISO SP15,USA,2024-07-17 08:00:00,2024-07-17 00:00:00,38.22514
CAISO SP15,USA,2024-07-17 09:00:00,2024-07-17 01:00:00,35.16065
CAISO SP15,USA,2024-07-17 10:00:00,2024-07-17 02:00:00,35.21652
CAISO SP15,USA,2024-07-17 11:00:00,2024-07-17 03:00:00,36.37969
CAISO SP15,USA,2024-07-17 12:00:00,2024-07-17 04:00:00,41.02878
CAISO SP15,USA,2024-07-17 13:00:00,2024-07-17 05:00:00,39.81011
CAISO SP15,USA,2024-07-17 14:00:00,2024-07-17 06:00:00,31.61486
CAISO SP15,USA,2024-07-17 15:00:00,2024-07-17 07:00:00,29.39188
CAISO SP15,USA,2024-07-17 16:00:00,2024-07-17 08:00:00,28.49161
CAISO SP15,USA,2024-07-17 17:00:00,2024-07-17 09:00:00,27.3728
CAISO SP15,USA,2024-07-17 18:00:00,2024-07-17 10:00:00,29.69252
CAISO SP15,USA,2024-07-17 19:00:00,2024-07-17 11:00:00,30.318
CAISO SP15,USA,2024-07-17 20:00:00,2024-07-17 12:00:00,30.37819
CAISO SP15,USA,2024-07-17 21:00:00,2024-07-17 13:00:00,36.65972
CAISO SP15,USA,2024-07-17 22:00:00,2024-07-17 14:00:00,37.7059
CAISO SP15,USA,2024-07-17 23:00:00,2024-07-17 15:00:00,43.12118
CAISO SP15,USA,2024-07-18 00:00:00,2024-07-17 16:00:00,53.28491
CAISO SP15,USA,2024-07-18 01:00:00,2024-07-17 17:00:00,59.42447
CAISO SP15,USA,2024-07-18 02:00:00,2024-07-17 18:00:00,74.96634
CAISO SP15,USA,2024-07-18 03:00:00,2024-07-17 19:00:00,62.18087
CAISO SP15,USA,2024-07-18 04:00:00,2024-07-17 20:00:00,57.59942
CAISO SP15,USA,2024-07-18 05:00:00,2024-07-17 21:00:00,52.80381
CAISO SP15,USA,2024-07-18 06:00:00,2024-07-17 22:00:00,41.93573
CAISO SP15,USA,2024-07-18 07:00:00,2024-07-17 23:00:00,43.04716
CAISO SP15,USA,2024-07-18 08:00:00,2024-07-18 00:00:00,41.40679
CAISO SP15,USA,2024-07-18 09:00:00,2024-07-18 01:00:00,38.20898
CAISO SP15,USA,2024-07-18 10:00:00,2024-07-18 02:00:00,36.72021
CAISO SP15,USA,2024-07-18 11:00:00,2024-07-18 03:00:00,38.26073
CAISO SP15,USA,2024-07-18 12:00:00,2024-07-18 04:00:00,42.74121
CAISO SP15,USA,2024-07-18 13:00:00,2024-07-18 05:00:00,40.90822
CAISO SP15,USA,2024-07-18 14:00:00,2024-07-18 06:00:00,36.5125
CAISO SP15,USA,2024-07-18 15:00:00,2024-07-18 07:00:00,32.98946
CAISO SP15,USA,2024-07-18 16:00:00,2024-07-18 08:00:00,31.21396
CAISO SP15,USA,2024-07-18 17:00:00,2024-07-18 09:00:00,31.59829
CAISO SP15,USA,2024-07-18 18:00:00,2024-07-18 10:00:00,34.16749
CAISO SP15,USA,2024-07-18 19:00:00,2024-07-18 11:00:00,34.61955
CAISO SP15,USA,2024-07-18 20:00:00,2024-07-18 12:00:00,36.24498
CAISO SP15,USA,2024-07-18 21:00:00,2024-07-18 13:00:00,43.32009
CAISO SP15,USA,2024-07-18 22:00:00,2024-07-18 14:00:00,45.58627
CAISO SP15,USA,2024-07-18 23:00:00,2024-07-18 15:00:00,48.16
CAISO SP15,USA,2024-07-19 00:00:00,2024-07-18 16:00:00,57.6436
CAISO SP15,USA,2024-07-19 01:00:00,2024-07-18 17:00:00,64.00414
CAISO SP15,USA,2024-07-19 02:00:00,2024-07-18 18:00:00,88.10418
CAISO SP15,USA,2024-07-19 03:00:00,2024-07-18 19:00:00,69.37494
CAISO SP15,USA,2024-07-19 04:00:00,2024-07-18 20:00:00,61.93778
CAISO SP15,USA,2024-07-19 05:00:00,2024-07-18 21:00:00,52.27093
CAISO SP15,USA,2024-07-19 06:00:00,2024-07-18 22:00:00,48.31181
CAISO SP15,USA,2024-07-19 07:00:00,2024-07-18 23:00:00,45.53659
CAISO SP15,USA,2024-07-19 08:00:00,2024-07-19 00:00:00,42.68
CAISO SP15,USA,2024-07-19 09:00:00,2024-07-19 01:00:00,41.57318
CAISO SP15,USA,2024-07-19 10:00:00,2024-07-19 02:00:00,41.17965
CAISO SP15,USA,2024-07-19 11:00:00,2024-07-19 03:00:00,41.35967
CAISO SP15,USA,2024-07-19 12:00:00,2024-07-19 04:00:00,43.84684
CAISO SP15,USA,2024-07-19 13:00:00,2024-07-19 05:00:00,41.85199
CAISO SP15,USA,2024-07-19 14:00:00,2024-07-19 06:00:00,37.72087
CAISO SP15,USA,2024-07-19 15:00:00,2024-07-19 07:00:00,32.46081
CAISO SP15,USA,2024-07-19 16:00:00,2024-07-19 08:00:00,34.24501
CAISO SP15,USA,2024-07-19 17:00:00,2024-07-19 09:00:00,35.65691
CAISO SP15,USA,2024-07-19 18:00:00,2024-07-19 10:00:00,37.01672
CAISO SP15,USA,2024-07-19 19:00:00,2024-07-19 11:00:00,39.31612
CAISO SP15,USA,2024-07-19 20:00:00,2024-07-19 12:00:00,40.564
CAISO SP15,USA,2024-07-19 21:00:00,2024-07-19 13:00:00,48.24076
CAISO SP15,USA,2024-07-19 22:00:00,2024-07-19 14:00:00,54.48095
CAISO SP15,USA,2024-07-19 23:00:00,2024-07-19 15:00:00,57.11658
CAISO SP15,USA,2024-07-20 00:00:00,2024-07-19 16:00:00,63.54287
CAISO SP15,USA,2024-07-20 01:00:00,2024-07-19 17:00:00,74.07385
CAISO SP15,USA,2024-07-20 02:00:00,2024-07-19 18:00:00,170.26369
CAISO SP15,USA,2024-07-20 03:00:00,2024-07-19 19:00:00,91.74555
CAISO SP15,USA,2024-07-20 04:00:00,2024-07-19 20:00:00,72.34837
CAISO SP15,USA,2024-07-20 05:00:00,2024-07-19 21:00:00,68.03127
CAISO SP15,USA,2024-07-20 06:00:00,2024-07-19 22:00:00,61.09211
CAISO SP15,USA,2024-07-20 07:00:00,2024-07-19 23:00:00,51.2114
CAISO SP15,USA,2024-07-20 08:00:00,2024-07-20 00:00:00,49.25857
CAISO SP15,USA,2024-07-20 09:00:00,2024-07-20 01:00:00,42.34691
CAISO SP15,USA,2024-07-20 10:00:00,2024-07-20 02:00:00,43.99276
CAISO SP15,USA,2024-07-20 11:00:00,2024-07-20 03:00:00,43.27747
CAISO SP15,USA,2024-07-20 12:00:00,2024-07-20 04:00:00,43.36589
CAISO SP15,USA,2024-07-20 13:00:00,2024-07-20 05:00:00,40.82093
CAISO SP15,USA,2024-07-20 14:00:00,2024-07-20 06:00:00,31.99364
CAISO SP15,USA,2024-07-20 15:00:00,2024-07-20 07:00:00,28.53297
CAISO SP15,USA,2024-07-20 16:00:00,2024-07-20 08:00:00,28.02
CAISO SP15,USA,2024-07-20 17:00:00,2024-07-20 09:00:00,29.00031
CAISO SP15,USA,2024-07-20 18:00:00,2024-07-20 10:00:00,31.66581
CAISO SP15,USA,2024-07-20 19:00:00,2024-07-20 11:00:00,33.51591
CAISO SP15,USA,2024-07-20 20:00:00,2024-07-20 12:00:00,35.16969
CAISO SP15,USA,2024-07-20 21:00:00,2024-07-20 13:00:00,40.7697
CAISO SP15,USA,2024-07-20 22:00:00,2024-07-20 14:00:00,47.28284
CAISO SP15,USA,2024-07-20 23:00:00,2024-07-20 15:00:00,50.17118
CAISO SP15,USA,2024-07-21 00:00:00,2024-07-20 16:00:00,59.67134
CAISO SP15,USA,2024-07-21 01:00:00,2024-07-20 17:00:00,64.68587
CAISO SP15,USA,2024-07-21 02:00:00,2024-07-20 18:00:00,107.54863
CAISO SP15,USA,2024-07-21 03:00:00,2024-07-20 19:00:00,72.63117
CAISO SP15,USA,2024-07-21 04:00:00,2024-07-20 20:00:00,64.41612
CAISO SP15,USA,2024-07-21 05:00:00,2024-07-20 21:00:00,63.56406
CAISO SP15,USA,2024-07-21 06:00:00,2024-07-20 22:00:00,56.38211
CAISO SP15,USA,2024-07-21 07:00:00,2024-07-20 23:00:00,53.9571
CAISO SP15,USA,2024-07-21 08:00:00,2024-07-21 00:00:00,45.65813
CAISO SP15,USA,2024-07-21 09:00:00,2024-07-21 01:00:00,41.6633
CAISO SP15,USA,2024-07-21 10:00:00,2024-07-21 02:00:00,42.98863
CAISO SP15,USA,2024-07-21 11:00:00,2024-07-21 03:00:00,41.83161
CAISO SP15,USA,2024-07-21 12:00:00,2024-07-21 04:00:00,44.45824
CAISO SP15,USA,2024-07-21 13:00:00,2024-07-21 05:00:00,40.53817
CAISO SP15,USA,2024-07-21 14:00:00,2024-07-21 06:00:00,30.02
CAISO SP15,USA,2024-07-21 15:00:00,2024-07-21 07:00:00,26.79495
CAISO SP15,USA,2024-07-21 16:00:00,2024-07-21 08:00:00,23.90687
CAISO SP15,USA,2024-07-21 17:00:00,2024-07-21 09:00:00,24.66982
CAISO SP15,USA,2024-07-21 18:00:00,2024-07-21 10:00:00,26.97
CAISO SP15,USA,2024-07-21 19:00:00,2024-07-21 11:00:00,28.28351
CAISO SP15,USA,2024-07-21 20:00:00,2024-07-21 12:00:00,27.24439
CAISO SP15,USA,2024-07-21 21:00:00,2024-07-21 13:00:00,37.04744
CAISO SP15,USA,2024-07-21 22:00:00,2024-07-21 14:00:00,38.63876
CAISO SP15,USA,2024-07-21 23:00:00,2024-07-21 15:00:00,39.80707
CAISO SP15,USA,2024-07-22 00:00:00,2024-07-21 16:00:00,48.218
CAISO SP15,USA,2024-07-22 01:00:00,2024-07-21 17:00:00,57.85745
CAISO SP15,USA,2024-07-22 02:00:00,2024-07-21 18:00:00,79.7207
CAISO SP15,USA,2024-07-22 03:00:00,2024-07-21 19:00:00,65.82665
CAISO SP15,USA,2024-07-22 04:00:00,2024-07-21 20:00:00,59.68026
CAISO SP15,USA,2024-07-22 05:00:00,2024-07-21 21:00:00,54.97042
CAISO SP15,USA,2024-07-22 06:00:00,2024-07-21 22:00:00,50.57426
CAISO SP15,USA,2024-07-22 07:00:00,2024-07-21 23:00:00,42.18766
CAISO SP15,USA,2024-07-22 08:00:00,2024-07-22 00:00:00,41.49648
CAISO SP15,USA,2024-07-22 09:00:00,2024-07-22 01:00:00,39.24693
CAISO SP15,USA,2024-07-22 10:00:00,2024-07-22 02:00:00,38.43642
CAISO SP15,USA,2024-07-22 11:00:00,2024-07-22 03:00:00,39.10733
CAISO SP15,USA,2024-07-22 12:00:00,2024-07-22 04:00:00,43.28945
CAISO SP15,USA,2024-07-22 13:00:00,2024-07-22 05:00:00,40.23205
CAISO SP15,USA,2024-07-22 14:00:00,2024-07-22 06:00:00,35.97306
CAISO SP15,USA,2024-07-22 15:00:00,2024-07-22 07:00:00,32.45299
CAISO SP15,USA,2024-07-22 16:00:00,2024-07-22 08:00:00,30.44492
CAISO SP15,USA,2024-07-22 17:00:00,2024-07-22 09:00:00,31.78936
CAISO SP15,USA,2024-07-22 18:00:00,2024-07-22 10:00:00,33.72986
CAISO SP15,USA,2024-07-22 19:00:00,2024-07-22 11:00:00,34.5327
CAISO SP15,USA,2024-07-22 20:00:00,2024-07-22 12:00:00,37.23867
CAISO SP15,USA,2024-07-22 21:00:00,2024-07-22 13:00:00,38.10391
CAISO SP15,USA,2024-07-22 22:00:00,2024-07-22 14:00:00,42.63953
CAISO SP15,USA,2024-07-22 23:00:00,2024-07-22 15:00:00,54.34769
CAISO SP15,USA,2024-07-23 00:00:00,2024-07-22 16:00:00,50.69793
CAISO SP15,USA,2024-07-23 01:00:00,2024-07-22 17:00:00,65.97871
CAISO SP15,USA,2024-07-23 02:00:00,2024-07-22 18:00:00,141.07306
CAISO SP15,USA,2024-07-23 03:00:00,2024-07-22 19:00:00,73.84781
CAISO SP15,USA,2024-07-23 04:00:00,2024-07-22 20:00:00,61.0125
CAISO SP15,USA,2024-07-23 05:00:00,2024-07-22 21:00:00,57.64434
CAISO SP15,USA,2024-07-23 06:00:00,2024-07-22 22:00:00,52.83203
CAISO SP15,USA,2024-07-23 07:00:00,2024-07-22 23:00:00,47.96124
CAISO SP15,USA,2024-07-23 08:00:00,2024-07-23 00:00:00,45.40053
CAISO SP15,USA,2024-07-23 09:00:00,2024-07-23 01:00:00,44.94432
CAISO SP15,USA,2024-07-23 10:00:00,2024-07-23 02:00:00,44.45074
CAISO SP15,USA,2024-07-23 11:00:00,2024-07-23 03:00:00,44.72748
CAISO SP15,USA,2024-07-23 12:00:00,2024-07-23 04:00:00,45.34407
CAISO SP15,USA,2024-07-23 13:00:00,2024-07-23 05:00:00,51.28375
CAISO SP15,USA,2024-07-23 14:00:00,2024-07-23 06:00:00,41.4062
CAISO SP15,USA,2024-07-23 15:00:00,2024-07-23 07:00:00,37.28413
CAISO SP15,USA,2024-07-23 16:00:00,2024-07-23 08:00:00,37.03567
CAISO SP15,USA,2024-07-23 17:00:00,2024-07-23 09:00:00,37.75703
CAISO SP15,USA,2024-07-23 18:00:00,2024-07-23 10:00:00,39.05051
CAISO SP15,USA,2024-07-23 19:00:00,2024-07-23 11:00:00,41.61375
CAISO SP15,USA,2024-07-23 20:00:00,2024-07-23 12:00:00,44.0104
CAISO SP15,USA,2024-07-23 21:00:00,2024-07-23 13:00:00,54.0093
CAISO SP15,USA,2024-07-23 22:00:00,2024-07-23 14:00:00,56.31374
CAISO SP15,USA,2024-07-23 23:00:00,2024-07-23 15:00:00,57.59185
CAISO SP15,USA,2024-07-24 00:00:00,2024-07-23 16:00:00,64.92445
CAISO SP15,USA,2024-07-24 01:00:00,2024-07-23 17:00:00,113.79715
CAISO SP15,USA,2024-07-24 02:00:00,2024-07-23 18:00:00,275.8159
CAISO SP15,USA,2024-07-24 03:00:00,2024-07-23 19:00:00,124.20496
CAISO SP15,USA,2024-07-24 04:00:00,2024-07-23 20:00:00,78.60978
CAISO SP15,USA,2024-07-24 05:00:00,2024-07-23 21:00:00,66.38218
CAISO SP15,USA,2024-07-24 06:00:00,2024-07-23 22:00:00,57.70763
CAISO SP15,USA,2024-07-24 07:00:00,2024-07-23 23:00:00,53.84318
CAISO SP15,USA,2024-07-24 08:00:00,2024-07-24 00:00:00,48.16375
CAISO SP15,USA,2024-07-24 09:00:00,2024-07-24 01:00:00,44.51286
CAISO SP15,USA,2024-07-24 10:00:00,2024-07-24 02:00:00,43.91923
CAISO SP15,USA,2024-07-24 11:00:00,2024-07-24 03:00:00,43.84917
CAISO SP15,USA,2024-07-24 12:00:00,2024-07-24 04:00:00,47.41942
CAISO SP15,USA,2024-07-24 13:00:00,2024-07-24 05:00:00,48.79815
CAISO SP15,USA,2024-07-24 14:00:00,2024-07-24 06:00:00,40.04886
CAISO SP15,USA,2024-07-24 15:00:00,2024-07-24 07:00:00,36.25643
CAISO SP15,USA,2024-07-24 16:00:00,2024-07-24 08:00:00,36.06132
CAISO SP15,USA,2024-07-24 17:00:00,2024-07-24 09:00:00,36.84233
CAISO SP15,USA,2024-07-24 18:00:00,2024-07-24 10:00:00,37.48611
CAISO SP15,USA,2024-07-24 19:00:00,2024-07-24 11:00:00,39.86788
CAISO SP15,USA,2024-07-24 20:00:00,2024-07-24 12:00:00,44.47795
CAISO SP15,USA,2024-07-24 21:00:00,2024-07-24 13:00:00,57.55161
CAISO SP15,USA,2024-07-24 22:00:00,2024-07-24 14:00:00,58.75004
CAISO SP15,USA,2024-07-24 23:00:00,2024-07-24 15:00:00,51.95704
CAISO SP15,USA,2024-07-25 00:00:00,2024-07-24 16:00:00,53.79128
CAISO SP15,USA,2024-07-25 01:00:00,2024-07-24 17:00:00,80.61818
CAISO SP15,USA,2024-07-25 02:00:00,2024-07-24 18:00:00,205.39531
CAISO SP15,USA,2024-07-25 03:00:00,2024-07-24 19:00:00,93.46
CAISO SP15,USA,2024-07-25 04:00:00,2024-07-24 20:00:00,69.09176
CAISO SP15,USA,2024-07-25 05:00:00,2024-07-24 21:00:00,61.47859
CAISO SP15,USA,2024-07-25 06:00:00,2024-07-24 22:00:00,53.55499
CAISO SP15,USA,2024-07-25 07:00:00,2024-07-24 23:00:00,52.09181
CAISO SP15,USA,2024-07-25 08:00:00,2024-07-25 00:00:00,47.21292
CAISO SP15,USA,2024-07-25 09:00:00,2024-07-25 01:00:00,43.7169
CAISO SP15,USA,2024-07-25 10:00:00,2024-07-25 02:00:00,43.10503
CAISO SP15,USA,2024-07-25 11:00:00,2024-07-25 03:00:00,42.97062
CAISO SP15,USA,2024-07-25 12:00:00,2024-07-25 04:00:00,44.95649
CAISO SP15,USA,2024-07-25 13:00:00,2024-07-25 05:00:00,48.28285
CAISO SP15,USA,2024-07-25 14:00:00,2024-07-25 06:00:00,40.29833
CAISO SP15,USA,2024-07-25 15:00:00,2024-07-25 07:00:00,37.66457
CAISO SP15,USA,2024-07-25 16:00:00,2024-07-25 08:00:00,36.06069
CAISO SP15,USA,2024-07-25 17:00:00,2024-07-25 09:00:00,35.61932
CAISO SP15,USA,2024-07-25 18:00:00,2024-07-25 10:00:00,36.92095
CAISO SP15,USA,2024-07-25 19:00:00,2024-07-25 11:00:00,39.17789
CAISO SP15,USA,2024-07-25 20:00:00,2024-07-25 12:00:00,43.69581
CAISO SP15,USA,2024-07-25 21:00:00,2024-07-25 13:00:00,51.92776
CAISO SP15,USA,2024-07-25 22:00:00,2024-07-25 14:00:00,50.53125
CAISO SP15,USA,2024-07-25 23:00:00,2024-07-25 15:00:00,52.78687
CAISO SP15,USA,2024-07-26 00:00:00,2024-07-25 16:00:00,56.72257
CAISO SP15,USA,2024-07-26 01:00:00,2024-07-25 17:00:00,96.77426
CAISO SP15,USA,2024-07-26 02:00:00,2024-07-25 18:00:00,224.30031
CAISO SP15,USA,2024-07-26 03:00:00,2024-07-25 19:00:00,123.72654
CAISO SP15,USA,2024-07-26 04:00:00,2024-07-25 20:00:00,73.72345
CAISO SP15,USA,2024-07-26 05:00:00,2024-07-25 21:00:00,61.48607
CAISO SP15,USA,2024-07-26 06:00:00,2024-07-25 22:00:00,56.56198
CAISO SP15,USA,2024-07-26 07:00:00,2024-07-25 23:00:00,56.8406
CAISO SP15,USA,2024-07-26 08:00:00,2024-07-26 00:00:00,48.92499
CAISO SP15,USA,2024-07-26 09:00:00,2024-07-26 01:00:00,45.08333
CAISO SP15,USA,2024-07-26 10:00:00,2024-07-26 02:00:00,44.10452
CAISO SP15,USA,2024-07-26 11:00:00,2024-07-26 03:00:00,44.09425
CAISO SP15,USA,2024-07-26 12:00:00,2024-07-26 04:00:00,48.39533
CAISO SP15,USA,2024-07-26 13:00:00,2024-07-26 05:00:00,49.81808
CAISO SP15,USA,2024-07-26 14:00:00,2024-07-26 06:00:00,38.37806
CAISO SP15,USA,2024-07-26 15:00:00,2024-07-26 07:00:00,35.22012
CAISO SP15,USA,2024-07-26 16:00:00,2024-07-26 08:00:00,33.25451
CAISO SP15,USA,2024-07-26 17:00:00,2024-07-26 09:00:00,33.23952
CAISO SP15,USA,2024-07-26 18:00:00,2024-07-26 10:00:00,33.55862
CAISO SP15,USA,2024-07-26 19:00:00,2024-07-26 11:00:00,34.96371
CAISO SP15,USA,2024-07-26 20:00:00,2024-07-26 12:00:00,36.95741
CAISO SP15,USA,2024-07-26 21:00:00,2024-07-26 13:00:00,42.77441
CAISO SP15,USA,2024-07-26 22:00:00,2024-07-26 14:00:00,42.77815
CAISO SP15,USA,2024-07-26 23:00:00,2024-07-26 15:00:00,43.2
CAISO SP15,USA,2024-07-27 00:00:00,2024-07-26 16:00:00,48.84859
CAISO SP15,USA,2024-07-27 01:00:00,2024-07-26 17:00:00,63.31527
CAISO SP15,USA,2024-07-27 02:00:00,2024-07-26 18:00:00,126.28634
CAISO SP15,USA,2024-07-27 03:00:00,2024-07-26 19:00:00,75.38514
CAISO SP15,USA,2024-07-27 04:00:00,2024-07-26 20:00:00,65.0
CAISO SP15,USA,2024-07-27 05:00:00,2024-07-26 21:00:00,53.13957
CAISO SP15,USA,2024-07-27 06:00:00,2024-07-26 22:00:00,48.15682
CAISO SP15,USA,2024-07-27 07:00:00,2024-07-26 23:00:00,42.98598
CAISO SP15,USA,2024-07-27 08:00:00,2024-07-27 00:00:00,40.42861
CAISO SP15,USA,2024-07-27 09:00:00,2024-07-27 01:00:00,38.87641
CAISO SP15,USA,2024-07-27 10:00:00,2024-07-27 02:00:00,39.44485
CAISO SP15,USA,2024-07-27 11:00:00,2024-07-27 03:00:00,40.26728
CAISO SP15,USA,2024-07-27 12:00:00,2024-07-27 04:00:00,41.59189
CAISO SP15,USA,2024-07-27 13:00:00,2024-07-27 05:00:00,40.3216
CAISO SP15,USA,2024-07-27 14:00:00,2024-07-27 06:00:00,31.08546
CAISO SP15,USA,2024-07-27 15:00:00,2024-07-27 07:00:00,20.49445
CAISO SP15,USA,2024-07-27 16:00:00,2024-07-27 08:00:00,16.67018
CAISO SP15,USA,2024-07-27 17:00:00,2024-07-27 09:00:00,18.31231
CAISO SP15,USA,2024-07-27 18:00:00,2024-07-27 10:00:00,18.16092
CAISO SP15,USA,2024-07-27 19:00:00,2024-07-27 11:00:00,18.48938
CAISO SP15,USA,2024-07-27 20:00:00,2024-07-27 12:00:00,18.17217
CAISO SP15,USA,2024-07-27 21:00:00,2024-07-27 13:00:00,22.25899
CAISO SP15,USA,2024-07-27 22:00:00,2024-07-27 14:00:00,29.29412
CAISO SP15,USA,2024-07-27 23:00:00,2024-07-27 15:00:00,29.88962
CAISO SP15,USA,2024-07-28 00:00:00,2024-07-27 16:00:00,37.66312
CAISO SP15,USA,2024-07-28 01:00:00,2024-07-27 17:00:00,49.07932
CAISO SP15,USA,2024-07-28 02:00:00,2024-07-27 18:00:00,61.52838
CAISO SP15,USA,2024-07-28 03:00:00,2024-07-27 19:00:00,60.29792
CAISO SP15,USA,2024-07-28 04:00:00,2024-07-27 20:00:00,51.42386
CAISO SP15,USA,2024-07-28 05:00:00,2024-07-27 21:00:00,49.62546
CAISO SP15,USA,2024-07-28 06:00:00,2024-07-27 22:00:00,43.35927
CAISO SP15,USA,2024-07-28 07:00:00,2024-07-27 23:00:00,39.29935
CAISO SP15,USA,2024-07-28 08:00:00,2024-07-28 00:00:00,39.37949
CAISO SP15,USA,2024-07-28 09:00:00,2024-07-28 01:00:00,38.9904
CAISO SP15,USA,2024-07-28 10:00:00,2024-07-28 02:00:00,36.14955
CAISO SP15,USA,2024-07-28 11:00:00,2024-07-28 03:00:00,37.84929
CAISO SP15,USA,2024-07-28 12:00:00,2024-07-28 04:00:00,38.21767
CAISO SP15,USA,2024-07-28 13:00:00,2024-07-28 05:00:00,35.03556
CAISO SP15,USA,2024-07-28 14:00:00,2024-07-28 06:00:00,24.3151
CAISO SP15,USA,2024-07-28 15:00:00,2024-07-28 07:00:00,9.56362
CAISO SP15,USA,2024-07-28 16:00:00,2024-07-28 08:00:00,7.38473
CAISO SP15,USA,2024-07-28 17:00:00,2024-07-28 09:00:00,5.81535
CAISO SP15,USA,2024-07-28 18:00:00,2024-07-28 10:00:00,6.97393
CAISO SP15,USA,2024-07-28 19:00:00,2024-07-28 11:00:00,8.13813
CAISO SP15,USA,2024-07-28 20:00:00,2024-07-28 12:00:00,9.05491
CAISO SP15,USA,2024-07-28 21:00:00,2024-07-28 13:00:00,10.63308
CAISO SP15,USA,2024-07-28 22:00:00,2024-07-28 14:00:00,16.4555
CAISO SP15,USA,2024-07-28 23:00:00,2024-07-28 15:00:00,25.04202
CAISO SP15,USA,2024-07-29 00:00:00,2024-07-28 16:00:00,34.31681
CAISO SP15,USA,2024-07-29 01:00:00,2024-07-28 17:00:00,46.5241
CAISO SP15,USA,2024-07-29 02:00:00,2024-07-28 18:00:00,59.98834
CAISO SP15,USA,2024-07-29 03:00:00,2024-07-28 19:00:00,57.55401
CAISO SP15,USA,2024-07-29 04:00:00,2024-07-28 20:00:00,48.84034
CAISO SP15,USA,2024-07-29 05:00:00,2024-07-28 21:00:00,46.01347
CAISO SP15,USA,2024-07-29 06:00:00,2024-07-28 22:00:00,38.34445
CAISO SP15,USA,2024-07-29 07:00:00,2024-07-28 23:00:00,36.6246
CAISO SP15,USA,2024-07-29 08:00:00,2024-07-29 00:00:00,36.39436
CAISO SP15,USA,2024-07-29 09:00:00,2024-07-29 01:00:00,35.40793
CAISO SP15,USA,2024-07-29 10:00:00,2024-07-29 02:00:00,35.30325
CAISO SP15,USA,2024-07-29 11:00:00,2024-07-29 03:00:00,36.57975
CAISO SP15,USA,2024-07-29 12:00:00,2024-07-29 04:00:00,41.41728
CAISO SP15,USA,2024-07-29 13:00:00,2024-07-29 05:00:00,41.88515
CAISO SP15,USA,2024-07-29 14:00:00,2024-07-29 06:00:00,32.68537
CAISO SP15,USA,2024-07-29 15:00:00,2024-07-29 07:00:00,23.54638
CAISO SP15,USA,2024-07-29 16:00:00,2024-07-29 08:00:00,22.46719
CAISO SP15,USA,2024-07-29 17:00:00,2024-07-29 09:00:00,21.14
CAISO SP15,USA,2024-07-29 18:00:00,2024-07-29 10:00:00,22.31194
CAISO SP15,USA,2024-07-29 19:00:00,2024-07-29 11:00:00,22.89407
CAISO SP15,USA,2024-07-29 20:00:00,2024-07-29 12:00:00,24.13289
CAISO SP15,USA,2024-07-29 21:00:00,2024-07-29 13:00:00,27.43599
CAISO SP15,USA,2024-07-29 22:00:00,2024-07-29 14:00:00,32.50118
CAISO SP15,USA,2024-07-29 23:00:00,2024-07-29 15:00:00,31.69105
CAISO SP15,USA,2024-07-30 00:00:00,2024-07-29 16:00:00,38.94633
CAISO SP15,USA,2024-07-30 01:00:00,2024-07-29 17:00:00,49.69618
CAISO SP15,USA,2024-07-30 02:00:00,2024-07-29 18:00:00,63.89927
CAISO SP15,USA,2024-07-30 03:00:00,2024-07-29 19:00:00,58.36323
CAISO SP15,USA,2024-07-30 04:00:00,2024-07-29 20:00:00,47.17466
CAISO SP15,USA,2024-07-30 05:00:00,2024-07-29 21:00:00,46.69727
CAISO SP15,USA,2024-07-30 06:00:00,2024-07-29 22:00:00,40.49791
CAISO SP15,USA,2024-07-30 07:00:00,2024-07-29 23:00:00,38.54849
CAISO SP15,USA,2024-07-30 08:00:00,2024-07-30 00:00:00,35.94652
CAISO SP15,USA,2024-07-30 09:00:00,2024-07-30 01:00:00,33.28923
CAISO SP15,USA,2024-07-30 10:00:00,2024-07-30 02:00:00,33.30663
CAISO SP15,USA,2024-07-30 11:00:00,2024-07-30 03:00:00,35.35662
CAISO SP15,USA,2024-07-30 12:00:00,2024-07-30 04:00:00,35.98293
CAISO SP15,USA,2024-07-30 13:00:00,2024-07-30 05:00:00,35.90246
CAISO SP15,USA,2024-07-30 14:00:00,2024-07-30 06:00:00,27.11739
CAISO SP15,USA,2024-07-30 15:00:00,2024-07-30 07:00:00,17.68879
CAISO SP15,USA,2024-07-30 16:00:00,2024-07-30 08:00:00,14.66632
CAISO SP15,USA,2024-07-30 17:00:00,2024-07-30 09:00:00,15.84875
CAISO SP15,USA,2024-07-30 18:00:00,2024-07-30 10:00:00,16.54841
CAISO SP15,USA,2024-07-30 19:00:00,2024-07-30 11:00:00,17.97325
CAISO SP15,USA,2024-07-30 20:00:00,2024-07-30 12:00:00,19.02476
CAISO SP15,USA,2024-07-30 21:00:00,2024-07-30 13:00:00,22.80528
CAISO SP15,USA,2024-07-30 22:00:00,2024-07-30 14:00:00,27.68496
CAISO SP15,USA,2024-07-30 23:00:00,2024-07-30 15:00:00,28.57231
CAISO SP15,USA,2024-07-31 00:00:00,2024-07-30 16:00:00,32.18225
CAISO SP15,USA,2024-07-31 01:00:00,2024-07-30 17:00:00,47.13594
CAISO SP15,USA,2024-07-31 02:00:00,2024-07-30 18:00:00,58.35153
CAISO SP15,USA,2024-07-31 03:00:00,2024-07-30 19:00:00,53.22539
CAISO SP15,USA,2024-07-31 04:00:00,2024-07-30 20:00:00,48.55732
CAISO SP15,USA,2024-07-31 05:00:00,2024-07-30 21:00:00,45.82833
CAISO SP15,USA,2024-07-31 06:00:00,2024-07-30 22:00:00,38.6696
CAISO SP15,USA,2024-07-31 07:00:00,2024-07-30 23:00:00,41.39
CAISO SP15,USA,2024-07-31 08:00:00,2024-07-31 00:00:00,36.31218
CAISO SP15,USA,2024-07-31 09:00:00,2024-07-31 01:00:00,35.57716
CAISO SP15,USA,2024-07-31 10:00:00,2024-07-31 02:00:00,35.25776
CAISO SP15,USA,2024-07-31 11:00:00,2024-07-31 03:00:00,36.97639
CAISO SP15,USA,2024-07-31 12:00:00,2024-07-31 04:00:00,43.48296
CAISO SP15,USA,2024-07-31 13:00:00,2024-07-31 05:00:00,42.83563
CAISO SP15,USA,2024-07-31 14:00:00,2024-07-31 06:00:00,32.27099
CAISO SP15,USA,2024-07-31 15:00:00,2024-07-31 07:00:00,26.26682
CAISO SP15,USA,2024-07-31 16:00:00,2024-07-31 08:00:00,25.44852
CAISO SP15,USA,2024-07-31 17:00:00,2024-07-31 09:00:00,24.52338
CAISO SP15,USA,2024-07-31 18:00:00,2024-07-31 10:00:00,25.55552
CAISO SP15,USA,2024-07-31 19:00:00,2024-07-31 11:00:00,26.90524
CAISO SP15,USA,2024-07-31 20:00:00,2024-07-31 12:00:00,27.18521
CAISO SP15,USA,2024-07-31 21:00:00,2024-07-31 13:00:00,31.80743
CAISO SP15,USA,2024-07-31 22:00:00,2024-07-31 14:00:00,34.55782
CAISO SP15,USA,2024-07-31 23:00:00,2024-07-31 15:00:00,39.34637
CAISO SP15,USA,2024-08-01 00:00:00,2024-07-31 16:00:00,49.29704
CAISO SP15,USA,2024-08-01 01:00:00,2024-07-31 17:00:00,56.20243
CAISO SP15,USA,2024-08-01 02:00:00,2024-07-31 18:00:00,89.85147
CAISO SP15,USA,2024-08-01 03:00:00,2024-07-31 19:00:00,72.1521
CAISO SP15,USA,2024-08-01 04:00:00,2024-07-31 20:00:00,58.33062
CAISO SP15,USA,2024-08-01 05:00:00,2024-07-31 21:00:00,53.78484
CAISO SP15,USA,2024-08-01 06:00:00,2024-07-31 22:00:00,49.85222
CAISO SP15,USA,2024-08-01 07:00:00,2024-07-31 23:00:00,44.44426
CAISO SP15,USA,2024-08-01 08:00:00,2024-08-01 00:00:00,46.01326
CAISO SP15,USA,2024-08-01 09:00:00,2024-08-01 01:00:00,43.06688
CAISO SP15,USA,2024-08-01 10:00:00,2024-08-01 02:00:00,42.29622
CAISO SP15,USA,2024-08-01 11:00:00,2024-08-01 03:00:00,42.9225
CAISO SP15,USA,2024-08-01 12:00:00,2024-08-01 04:00:00,43.81154
CAISO SP15,USA,2024-08-01 13:00:00,2024-08-01 05:00:00,49.24239
CAISO SP15,USA,2024-08-01 14:00:00,2024-08-01 06:00:00,41.48396
CAISO SP15,USA,2024-08-01 15:00:00,2024-08-01 07:00:00,38.35679
CAISO SP15,USA,2024-08-01 16:00:00,2024-08-01 08:00:00,34.85835
CAISO SP15,USA,2024-08-01 17:00:00,2024-08-01 09:00:00,37.67475
CAISO SP15,USA,2024-08-01 18:00:00,2024-08-01 10:00:00,39.64553
CAISO SP15,USA,2024-08-01 19:00:00,2024-08-01 11:00:00,41.35696
CAISO SP15,USA,2024-08-01 20:00:00,2024-08-01 12:00:00,42.89067
CAISO SP15,USA,2024-08-01 21:00:00,2024-08-01 13:00:00,49.42265
CAISO SP15,USA,2024-08-01 22:00:00,2024-08-01 14:00:00,57.49649
CAISO SP15,USA,2024-08-01 23:00:00,2024-08-01 15:00:00,58.44366
CAISO SP15,USA,2024-08-02 00:00:00,2024-08-01 16:00:00,67.80681
CAISO SP15,USA,2024-08-02 01:00:00,2024-08-01 17:00:00,96.75631
CAISO SP15,USA,2024-08-02 02:00:00,2024-08-01 18:00:00,164.82358
CAISO SP15,USA,2024-08-02 03:00:00,2024-08-01 19:00:00,89.69503
CAISO SP15,USA,2024-08-02 04:00:00,2024-08-01 20:00:00,73.89931
CAISO SP15,USA,2024-08-02 05:00:00,2024-08-01 21:00:00,60.24732
CAISO SP15,USA,2024-08-02 06:00:00,2024-08-01 22:00:00,54.83562
CAISO SP15,USA,2024-08-02 07:00:00,2024-08-01 23:00:00,58.13
CAISO SP15,USA,2024-08-02 08:00:00,2024-08-02 00:00:00,57.00285
CAISO SP15,USA,2024-08-02 09:00:00,2024-08-02 01:00:00,48.22916
CAISO SP15,USA,2024-08-02 10:00:00,2024-08-02 02:00:00,47.47883
CAISO SP15,USA,2024-08-02 11:00:00,2024-08-02 03:00:00,47.84765
CAISO SP15,USA,2024-08-02 12:00:00,2024-08-02 04:00:00,55.4073
CAISO SP15,USA,2024-08-02 13:00:00,2024-08-02 05:00:00,56.45048
CAISO SP15,USA,2024-08-02 14:00:00,2024-08-02 06:00:00,44.37721
CAISO SP15,USA,2024-08-02 15:00:00,2024-08-02 07:00:00,42.70687
CAISO SP15,USA,2024-08-02 16:00:00,2024-08-02 08:00:00,41.16346
CAISO SP15,USA,2024-08-02 17:00:00,2024-08-02 09:00:00,40.01653
CAISO SP15,USA,2024-08-02 18:00:00,2024-08-02 10:00:00,41.96039
CAISO SP15,USA,2024-08-02 19:00:00,2024-08-02 11:00:00,42.29883
CAISO SP15,USA,2024-08-02 20:00:00,2024-08-02 12:00:00,45.2483
CAISO SP15,USA,2024-08-02 21:00:00,2024-08-02 13:00:00,52.38261
CAISO SP15,USA,2024-08-02 22:00:00,2024-08-02 14:00:00,60.39207
CAISO SP15,USA,2024-08-02 23:00:00,2024-08-02 15:00:00,65.01994
CAISO SP15,USA,2024-08-03 00:00:00,2024-08-02 16:00:00,76.82956
CAISO SP15,USA,2024-08-03 01:00:00,2024-08-02 17:00:00,125.41398
CAISO SP15,USA,2024-08-03 02:00:00,2024-08-02 18:00:00,213.33945
CAISO SP15,USA,2024-08-03 03:00:00,2024-08-02 19:00:00,114.36806
CAISO SP15,USA,2024-08-03 04:00:00,2024-08-02 20:00:00,78.45
CAISO SP15,USA,2024-08-03 05:00:00,2024-08-02 21:00:00,63.06139
CAISO SP15,USA,2024-08-03 06:00:00,2024-08-02 22:00:00,58.28712
CAISO SP15,USA,2024-08-03 07:00:00,2024-08-02 23:00:00,57.11323
CAISO SP15,USA,2024-08-03 08:00:00,2024-08-03 00:00:00,56.60806
CAISO SP15,USA,2024-08-03 09:00:00,2024-08-03 01:00:00,50.58537
CAISO SP15,USA,2024-08-03 10:00:00,2024-08-03 02:00:00,45.08352
CAISO SP15,USA,2024-08-03 11:00:00,2024-08-03 03:00:00,45.83404
CAISO SP15,USA,2024-08-03 12:00:00,2024-08-03 04:00:00,45.94511
CAISO SP15,USA,2024-08-03 13:00:00,2024-08-03 05:00:00,44.9928
CAISO SP15,USA,2024-08-03 14:00:00,2024-08-03 06:00:00,36.89386
CAISO SP15,USA,2024-08-03 15:00:00,2024-08-03 07:00:00,32.56068
CAISO SP15,USA,2024-08-03 16:00:00,2024-08-03 08:00:00,31.59119
CAISO SP15,USA,2024-08-03 17:00:00,2024-08-03 09:00:00,33.22159
CAISO SP15,USA,2024-08-03 18:00:00,2024-08-03 10:00:00,34.08477
CAISO SP15,USA,2024-08-03 19:00:00,2024-08-03 11:00:00,36.33136
CAISO SP15,USA,2024-08-03 20:00:00,2024-08-03 12:00:00,39.84239
CAISO SP15,USA,2024-08-03 21:00:00,2024-08-03 13:00:00,41.95257
CAISO SP15,USA,2024-08-03 22:00:00,2024-08-03 14:00:00,50.31042
CAISO SP15,USA,2024-08-03 23:00:00,2024-08-03 15:00:00,56.59796
CAISO SP15,USA,2024-08-04 00:00:00,2024-08-03 16:00:00,62.31266
CAISO SP15,USA,2024-08-04 01:00:00,2024-08-03 17:00:00,111.0
CAISO SP15,USA,2024-08-04 02:00:00,2024-08-03 18:00:00,227.31955
CAISO SP15,USA,2024-08-04 03:00:00,2024-08-03 19:00:00,93.27077
CAISO SP15,USA,2024-08-04 04:00:00,2024-08-03 20:00:00,68.74016
CAISO SP15,USA,2024-08-04 05:00:00,2024-08-03 21:00:00,59.04869
CAISO SP15,USA,2024-08-04 06:00:00,2024-08-03 22:00:00,54.52
CAISO SP15,USA,2024-08-04 07:00:00,2024-08-03 23:00:00,46.5858
CAISO SP15,USA,2024-08-04 08:00:00,2024-08-04 00:00:00,44.42095
CAISO SP15,USA,2024-08-04 09:00:00,2024-08-04 01:00:00,41.69341
CAISO SP15,USA,2024-08-04 10:00:00,2024-08-04 02:00:00,39.93195
CAISO SP15,USA,2024-08-04 11:00:00,2024-08-04 03:00:00,40.01731
CAISO SP15,USA,2024-08-04 12:00:00,2024-08-04 04:00:00,42.12666
CAISO SP15,USA,2024-08-04 13:00:00,2024-08-04 05:00:00,39.09742
CAISO SP15,USA,2024-08-04 14:00:00,2024-08-04 06:00:00,33.7245
CAISO SP15,USA,2024-08-04 15:00:00,2024-08-04 07:00:00,28.45526
CAISO SP15,USA,2024-08-04 16:00:00,2024-08-04 08:00:00,26.81341
CAISO SP15,USA,2024-08-04 17:00:00,2024-08-04 09:00:00,29.56137
CAISO SP15,USA,2024-08-04 18:00:00,2024-08-04 10:00:00,32.63553
CAISO SP15,USA,2024-08-04 19:00:00,2024-08-04 11:00:00,35.77531
CAISO SP15,USA,2024-08-04 20:00:00,2024-08-04 12:00:00,39.8328
CAISO SP15,USA,2024-08-04 21:00:00,2024-08-04 13:00:00,44.31958
CAISO SP15,USA,2024-08-04 22:00:00,2024-08-04 14:00:00,47.24287
CAISO SP15,USA,2024-08-04 23:00:00,2024-08-04 15:00:00,53.16114
CAISO SP15,USA,2024-08-05 00:00:00,2024-08-04 16:00:00,64.02121
CAISO SP15,USA,2024-08-05 01:00:00,2024-08-04 17:00:00,92.97973
CAISO SP15,USA,2024-08-05 02:00:00,2024-08-04 18:00:00,175.55775
CAISO SP15,USA,2024-08-05 03:00:00,2024-08-04 19:00:00,87.20928
CAISO SP15,USA,2024-08-05 04:00:00,2024-08-04 20:00:00,65.77399
CAISO SP15,USA,2024-08-05 05:00:00,2024-08-04 21:00:00,56.27
CAISO SP15,USA,2024-08-05 06:00:00,2024-08-04 22:00:00,49.88722
CAISO SP15,USA,2024-08-05 07:00:00,2024-08-04 23:00:00,51.89857
CAISO SP15,USA,2024-08-05 08:00:00,2024-08-05 00:00:00,46.2409
CAISO SP15,USA,2024-08-05 09:00:00,2024-08-05 01:00:00,43.92652
CAISO SP15,USA,2024-08-05 10:00:00,2024-08-05 02:00:00,43.51589
CAISO SP15,USA,2024-08-05 11:00:00,2024-08-05 03:00:00,44.00673
CAISO SP15,USA,2024-08-05 12:00:00,2024-08-05 04:00:00,48.17336
CAISO SP15,USA,2024-08-05 13:00:00,2024-08-05 05:00:00,52.54499
CAISO SP15,USA,2024-08-05 14:00:00,2024-08-05 06:00:00,42.89116
CAISO SP15,USA,2024-08-05 15:00:00,2024-08-05 07:00:00,40.24505
CAISO SP15,USA,2024-08-05 16:00:00,2024-08-05 08:00:00,38.65188
CAISO SP15,USA,2024-08-05 17:00:00,2024-08-05 09:00:00,41.20936
CAISO SP15,USA,2024-08-05 18:00:00,2024-08-05 10:00:00,43.58759
CAISO SP15,USA,2024-08-05 19:00:00,2024-08-05 11:00:00,47.87321
CAISO SP15,USA,2024-08-05 20:00:00,2024-08-05 12:00:00,58.66
CAISO SP15,USA,2024-08-05 21:00:00,2024-08-05 13:00:00,65.20575
CAISO SP15,USA,2024-08-05 22:00:00,2024-08-05 14:00:00,70.80593
CAISO SP15,USA,2024-08-05 23:00:00,2024-08-05 15:00:00,98.85114
CAISO SP15,USA,2024-08-06 00:00:00,2024-08-05 16:00:00,115.05121
CAISO SP15,USA,2024-08-06 01:00:00,2024-08-05 17:00:00,293.0392
CAISO SP15,USA,2024-08-06 02:00:00,2024-08-05 18:00:00,419.79523
CAISO SP15,USA,2024-08-06 03:00:00,2024-08-05 19:00:00,149.08408
CAISO SP15,USA,2024-08-06 04:00:00,2024-08-05 20:00:00,108.68302
CAISO SP15,USA,2024-08-06 05:00:00,2024-08-05 21:00:00,60.35277
CAISO SP15,USA,2024-08-06 06:00:00,2024-08-05 22:00:00,54.34123
CAISO SP15,USA,2024-08-06 07:00:00,2024-08-05 23:00:00,44.74377
CAISO SP15,USA,2024-08-06 08:00:00,2024-08-06 00:00:00,42.17887
CAISO SP15,USA,2024-08-06 09:00:00,2024-08-06 01:00:00,41.3902
CAISO SP15,USA,2024-08-06 10:00:00,2024-08-06 02:00:00,41.23357
CAISO SP15,USA,2024-08-06 11:00:00,2024-08-06 03:00:00,41.83961
CAISO SP15,USA,2024-08-06 12:00:00,2024-08-06 04:00:00,45.66001
CAISO SP15,USA,2024-08-06 13:00:00,2024-08-06 05:00:00,46.76165
CAISO SP15,USA,2024-08-06 14:00:00,2024-08-06 06:00:00,41.07928
CAISO SP15,USA,2024-08-06 15:00:00,2024-08-06 07:00:00,39.27756
CAISO SP15,USA,2024-08-06 16:00:00,2024-08-06 08:00:00,38.35354
CAISO SP15,USA,2024-08-06 17:00:00,2024-08-06 09:00:00,40.35573
CAISO SP15,USA,2024-08-06 18:00:00,2024-08-06 10:00:00,40.71043
CAISO SP15,USA,2024-08-06 19:00:00,2024-08-06 11:00:00,41.13859
CAISO SP15,USA,2024-08-06 20:00:00,2024-08-06 12:00:00,44.4003
CAISO SP15,USA,2024-08-06 21:00:00,2024-08-06 13:00:00,48.42746
CAISO SP15,USA,2024-08-06 22:00:00,2024-08-06 14:00:00,58.93862
CAISO SP15,USA,2024-08-06 23:00:00,2024-08-06 15:00:00,65.89638
CAISO SP15,USA,2024-08-07 00:00:00,2024-08-06 16:00:00,84.19503
CAISO SP15,USA,2024-08-07 01:00:00,2024-08-06 17:00:00,173.13934
CAISO SP15,USA,2024-08-07 02:00:00,2024-08-06 18:00:00,311.96536
CAISO SP15,USA,2024-08-07 03:00:00,2024-08-06 19:00:00,129.36867
CAISO SP15,USA,2024-08-07 04:00:00,2024-08-06 20:00:00,83.13704
CAISO SP15,USA,2024-08-07 05:00:00,2024-08-06 21:00:00,61.61605
CAISO SP15,USA,2024-08-07 06:00:00,2024-08-06 22:00:00,49.96988
CAISO SP15,USA,2024-08-07 07:00:00,2024-08-06 23:00:00,41.99081
CAISO SP15,USA,2024-08-07 08:00:00,2024-08-07 00:00:00,40.50363
CAISO SP15,USA,2024-08-07 09:00:00,2024-08-07 01:00:00,40.06792
CAISO SP15,USA,2024-08-07 10:00:00,2024-08-07 02:00:00,39.69581
CAISO SP15,USA,2024-08-07 11:00:00,2024-08-07 03:00:00,39.9493
CAISO SP15,USA,2024-08-07 12:00:00,2024-08-07 04:00:00,40.66103
CAISO SP15,USA,2024-08-07 13:00:00,2024-08-07 05:00:00,44.06077
CAISO SP15,USA,2024-08-07 14:00:00,2024-08-07 06:00:00,38.66393
CAISO SP15,USA,2024-08-07 15:00:00,2024-08-07 07:00:00,34.39437
CAISO SP15,USA,2024-08-07 16:00:00,2024-08-07 08:00:00,33.69343
CAISO SP15,USA,2024-08-07 17:00:00,2024-08-07 09:00:00,33.89618
CAISO SP15,USA,2024-08-07 18:00:00,2024-08-07 10:00:00,34.20303
CAISO SP15,USA,2024-08-07 19:00:00,2024-08-07 11:00:00,34.83602
CAISO SP15,USA,2024-08-07 20:00:00,2024-08-07 12:00:00,37.96353
CAISO SP15,USA,2024-08-07 21:00:00,2024-08-07 13:00:00,39.40475
CAISO SP15,USA,2024-08-07 22:00:00,2024-08-07 14:00:00,43.12754
CAISO SP15,USA,2024-08-07 23:00:00,2024-08-07 15:00:00,44.93986
CAISO SP15,USA,2024-08-08 00:00:00,2024-08-07 16:00:00,52.40388
CAISO SP15,USA,2024-08-08 01:00:00,2024-08-07 17:00:00,64.5081
CAISO SP15,USA,2024-08-08 02:00:00,2024-08-07 18:00:00,109.89438
CAISO SP15,USA,2024-08-08 03:00:00,2024-08-07 19:00:00,68.78366
CAISO SP15,USA,2024-08-08 04:00:00,2024-08-07 20:00:00,57.99468
CAISO SP15,USA,2024-08-08 05:00:00,2024-08-07 21:00:00,49.81039
CAISO SP15,USA,2024-08-08 06:00:00,2024-08-07 22:00:00,43.58777
CAISO SP15,USA,2024-08-08 07:00:00,2024-08-07 23:00:00,40.86791
CAISO SP15,USA,2024-08-08 08:00:00,2024-08-08 00:00:00,38.98197
CAISO SP15,USA,2024-08-08 09:00:00,2024-08-08 01:00:00,35.90122
CAISO SP15,USA,2024-08-08 10:00:00,2024-08-08 02:00:00,33.9562
CAISO SP15,USA,2024-08-08 11:00:00,2024-08-08 03:00:00,35.63167
CAISO SP15,USA,2024-08-08 12:00:00,2024-08-08 04:00:00,38.27154
CAISO SP15,USA,2024-08-08 13:00:00,2024-08-08 05:00:00,38.78557
CAISO SP15,USA,2024-08-08 14:00:00,2024-08-08 06:00:00,33.83919
CAISO SP15,USA,2024-08-08 15:00:00,2024-08-08 07:00:00,28.67143
CAISO SP15,USA,2024-08-08 16:00:00,2024-08-08 08:00:00,27.49813
CAISO SP15,USA,2024-08-08 17:00:00,2024-08-08 09:00:00,26.56886
CAISO SP15,USA,2024-08-08 18:00:00,2024-08-08 10:00:00,28.51029
CAISO SP15,USA,2024-08-08 19:00:00,2024-08-08 11:00:00,28.02
CAISO SP15,USA,2024-08-08 20:00:00,2024-08-08 12:00:00,30.43137
CAISO SP15,USA,2024-08-08 21:00:00,2024-08-08 13:00:00,33.53417
CAISO SP15,USA,2024-08-08 22:00:00,2024-08-08 14:00:00,34.92197
CAISO SP15,USA,2024-08-08 23:00:00,2024-08-08 15:00:00,39.69435
CAISO SP15,USA,2024-08-09 00:00:00,2024-08-08 16:00:00,49.48717
CAISO SP15,USA,2024-08-09 01:00:00,2024-08-08 17:00:00,56.87197
CAISO SP15,USA,2024-08-09 02:00:00,2024-08-08 18:00:00,67.76573
CAISO SP15,USA,2024-08-09 03:00:00,2024-08-08 19:00:00,58.69667
CAISO SP15,USA,2024-08-09 04:00:00,2024-08-08 20:00:00,55.05092
CAISO SP15,USA,2024-08-09 05:00:00,2024-08-08 21:00:00,53.00919
CAISO SP15,USA,2024-08-09 06:00:00,2024-08-08 22:00:00,42.11369
CAISO SP15,USA,2024-08-09 07:00:00,2024-08-08 23:00:00,35.46964
CAISO SP15,USA,2024-08-09 08:00:00,2024-08-09 00:00:00,33.21102
CAISO SP15,USA,2024-08-09 09:00:00,2024-08-09 01:00:00,32.88352
CAISO SP15,USA,2024-08-09 10:00:00,2024-08-09 02:00:00,32.59051
CAISO SP15,USA,2024-08-09 11:00:00,2024-08-09 03:00:00,32.88741
CAISO SP15,USA,2024-08-09 12:00:00,2024-08-09 04:00:00,35.61802
CAISO SP15,USA,2024-08-09 13:00:00,2024-08-09 05:00:00,36.23323
CAISO SP15,USA,2024-08-09 14:00:00,2024-08-09 06:00:00,30.36559
CAISO SP15,USA,2024-08-09 15:00:00,2024-08-09 07:00:00,28.5136
CAISO SP15,USA,2024-08-09 16:00:00,2024-08-09 08:00:00,27.60046
CAISO SP15,USA,2024-08-09 17:00:00,2024-08-09 09:00:00,27.50549
CAISO SP15,USA,2024-08-09 18:00:00,2024-08-09 10:00:00,27.88957
CAISO SP15,USA,2024-08-09 19:00:00,2024-08-09 11:00:00,28.46211
CAISO SP15,USA,2024-08-09 20:00:00,2024-08-09 12:00:00,29.87019
CAISO SP15,USA,2024-08-09 21:00:00,2024-08-09 13:00:00,32.89474
CAISO SP15,USA,2024-08-09 22:00:00,2024-08-09 14:00:00,35.06237
CAISO SP15,USA,2024-08-09 23:00:00,2024-08-09 15:00:00,37.33759
CAISO SP15,USA,2024-08-10 00:00:00,2024-08-09 16:00:00,44.98343
CAISO SP15,USA,2024-08-10 01:00:00,2024-08-09 17:00:00,53.80404
CAISO SP15,USA,2024-08-10 02:00:00,2024-08-09 18:00:00,67.6145
CAISO SP15,USA,2024-08-10 03:00:00,2024-08-09 19:00:00,55.69266
CAISO SP15,USA,2024-08-10 04:00:00,2024-08-09 20:00:00,49.96694
CAISO SP15,USA,2024-08-10 05:00:00,2024-08-09 21:00:00,48.16764
CAISO SP15,USA,2024-08-10 06:00:00,2024-08-09 22:00:00,43.08628
CAISO SP15,USA,2024-08-10 07:00:00,2024-08-09 23:00:00,36.78827
CAISO SP15,USA,2024-08-10 08:00:00,2024-08-10 00:00:00,36.41039
CAISO SP15,USA,2024-08-10 09:00:00,2024-08-10 01:00:00,34.82576
CAISO SP15,USA,2024-08-10 10:00:00,2024-08-10 02:00:00,35.59341
CAISO SP15,USA,2024-08-10 11:00:00,2024-08-10 03:00:00,35.27392
CAISO SP15,USA,2024-08-10 12:00:00,2024-08-10 04:00:00,34.98595
CAISO SP15,USA,2024-08-10 13:00:00,2024-08-10 05:00:00,32.30408
CAISO SP15,USA,2024-08-10 14:00:00,2024-08-10 06:00:00,27.20757
CAISO SP15,USA,2024-08-10 15:00:00,2024-08-10 07:00:00,21.00462
CAISO SP15,USA,2024-08-10 16:00:00,2024-08-10 08:00:00,22.35029
CAISO SP15,USA,2024-08-10 17:00:00,2024-08-10 09:00:00,23.86223
CAISO SP15,USA,2024-08-10 18:00:00,2024-08-10 10:00:00,26.84218
CAISO SP15,USA,2024-08-10 19:00:00,2024-08-10 11:00:00,28.2925
CAISO SP15,USA,2024-08-10 20:00:00,2024-08-10 12:00:00,28.18903
CAISO SP15,USA,2024-08-10 21:00:00,2024-08-10 13:00:00,31.36791
CAISO SP15,USA,2024-08-10 22:00:00,2024-08-10 14:00:00,34.55356
CAISO SP15,USA,2024-08-10 23:00:00,2024-08-10 15:00:00,32.46224
CAISO SP15,USA,2024-08-11 00:00:00,2024-08-10 16:00:00,38.08425
CAISO SP15,USA,2024-08-11 01:00:00,2024-08-10 17:00:00,44.14379
CAISO SP15,USA,2024-08-11 02:00:00,2024-08-10 18:00:00,57.00099
CAISO SP15,USA,2024-08-11 03:00:00,2024-08-10 19:00:00,49.94742
CAISO SP15,USA,2024-08-11 04:00:00,2024-08-10 20:00:00,44.23243
CAISO SP15,USA,2024-08-11 05:00:00,2024-08-10 21:00:00,44.65605
CAISO SP15,USA,2024-08-11 06:00:00,2024-08-10 22:00:00,40.51322
CAISO SP15,USA,2024-08-11 07:00:00,2024-08-10 23:00:00,35.16641
CAISO SP15,USA,2024-08-11 08:00:00,2024-08-11 00:00:00,34.56004
CAISO SP15,USA,2024-08-11 09:00:00,2024-08-11 01:00:00,34.25851
CAISO SP15,USA,2024-08-11 10:00:00,2024-08-11 02:00:00,33.97367
CAISO SP15,USA,2024-08-11 11:00:00,2024-08-11 03:00:00,33.70348
CAISO SP15,USA,2024-08-11 12:00:00,2024-08-11 04:00:00,33.47114
CAISO SP15,USA,2024-08-11 13:00:00,2024-08-11 05:00:00,32.26642
CAISO SP15,USA,2024-08-11 14:00:00,2024-08-11 06:00:00,22.20823
CAISO SP15,USA,2024-08-11 15:00:00,2024-08-11 07:00:00,14.71093
CAISO SP15,USA,2024-08-11 16:00:00,2024-08-11 08:00:00,16.84
CAISO SP15,USA,2024-08-11 17:00:00,2024-08-11 09:00:00,16.96601
CAISO SP15,USA,2024-08-11 18:00:00,2024-08-11 10:00:00,17.51151
CAISO SP15,USA,2024-08-11 19:00:00,2024-08-11 11:00:00,18.27397
CAISO SP15,USA,2024-08-11 20:00:00,2024-08-11 12:00:00,20.22949
CAISO SP15,USA,2024-08-11 21:00:00,2024-08-11 13:00:00,26.11372
CAISO SP15,USA,2024-08-11 22:00:00,2024-08-11 14:00:00,29.66916
CAISO SP15,USA,2024-08-11 23:00:00,2024-08-11 15:00:00,29.98362
CAISO SP15,USA,2024-08-12 00:00:00,2024-08-11 16:00:00,37.26343
CAISO SP15,USA,2024-08-12 01:00:00,2024-08-11 17:00:00,44.01829
CAISO SP15,USA,2024-08-12 02:00:00,2024-08-11 18:00:00,56.70722
CAISO SP15,USA,2024-08-12 03:00:00,2024-08-11 19:00:00,48.69546
CAISO SP15,USA,2024-08-12 04:00:00,2024-08-11 20:00:00,44.55789
CAISO SP15,USA,2024-08-12 05:00:00,2024-08-11 21:00:00,43.85574
CAISO SP15,USA,2024-08-12 06:00:00,2024-08-11 22:00:00,39.72101
CAISO SP15,USA,2024-08-12 07:00:00,2024-08-11 23:00:00,34.41934
CAISO SP15,USA,2024-08-12 08:00:00,2024-08-12 00:00:00,33.13155
CAISO SP15,USA,2024-08-12 09:00:00,2024-08-12 01:00:00,32.65264
CAISO SP15,USA,2024-08-12 10:00:00,2024-08-12 02:00:00,32.5514
CAISO SP15,USA,2024-08-12 11:00:00,2024-08-12 03:00:00,33.58154
CAISO SP15,USA,2024-08-12 12:00:00,2024-08-12 04:00:00,37.64386
CAISO SP15,USA,2024-08-12 13:00:00,2024-08-12 05:00:00,37.77144
CAISO SP15,USA,2024-08-12 14:00:00,2024-08-12 06:00:00,32.28
CAISO SP15,USA,2024-08-12 15:00:00,2024-08-12 07:00:00,24.18418
CAISO SP15,USA,2024-08-12 16:00:00,2024-08-12 08:00:00,21.49918
CAISO SP15,USA,2024-08-12 17:00:00,2024-08-12 09:00:00,23.54561
CAISO SP15,USA,2024-08-12 18:00:00,2024-08-12 10:00:00,24.27377
CAISO SP15,USA,2024-08-12 19:00:00,2024-08-12 11:00:00,25.78063
CAISO SP15,USA,2024-08-12 20:00:00,2024-08-12 12:00:00,26.94527
CAISO SP15,USA,2024-08-12 21:00:00,2024-08-12 13:00:00,30.07383
CAISO SP15,USA,2024-08-12 22:00:00,2024-08-12 14:00:00,31.89793
CAISO SP15,USA,2024-08-12 23:00:00,2024-08-12 15:00:00,31.67232
CAISO SP15,USA,2024-08-13 00:00:00,2024-08-12 16:00:00,41.23914
CAISO SP15,USA,2024-08-13 01:00:00,2024-08-12 17:00:00,48.17434
CAISO SP15,USA,2024-08-13 02:00:00,2024-08-12 18:00:00,58.13921
CAISO SP15,USA,2024-08-13 03:00:00,2024-08-12 19:00:00,51.25639
CAISO SP15,USA,2024-08-13 04:00:00,2024-08-12 20:00:00,47.70288
CAISO SP15,USA,2024-08-13 05:00:00,2024-08-12 21:00:00,45.64871
CAISO SP15,USA,2024-08-13 06:00:00,2024-08-12 22:00:00,38.93625
CAISO SP15,USA,2024-08-13 07:00:00,2024-08-12 23:00:00,34.243
CAISO SP15,USA,2024-08-13 08:00:00,2024-08-13 00:00:00,32.57304
CAISO SP15,USA,2024-08-13 09:00:00,2024-08-13 01:00:00,31.94385
CAISO SP15,USA,2024-08-13 10:00:00,2024-08-13 02:00:00,32.06012
CAISO SP15,USA,2024-08-13 11:00:00,2024-08-13 03:00:00,32.47957
CAISO SP15,USA,2024-08-13 12:00:00,2024-08-13 04:00:00,33.89548
CAISO SP15,USA,2024-08-13 13:00:00,2024-08-13 05:00:00,37.20896
CAISO SP15,USA,2024-08-13 14:00:00,2024-08-13 06:00:00,27.6941
CAISO SP15,USA,2024-08-13 15:00:00,2024-08-13 07:00:00,16.9978
CAISO SP15,USA,2024-08-13 16:00:00,2024-08-13 08:00:00,16.27386
CAISO SP15,USA,2024-08-13 17:00:00,2024-08-13 09:00:00,16.89995
CAISO SP15,USA,2024-08-13 18:00:00,2024-08-13 10:00:00,18.01366
CAISO SP15,USA,2024-08-13 19:00:00,2024-08-13 11:00:00,17.2273
CAISO SP15,USA,2024-08-13 20:00:00,2024-08-13 12:00:00,19.60416
CAISO SP15,USA,2024-08-13 21:00:00,2024-08-13 13:00:00,23.18351
CAISO SP15,USA,2024-08-13 22:00:00,2024-08-13 14:00:00,28.66512
CAISO SP15,USA,2024-08-13 23:00:00,2024-08-13 15:00:00,29.56492
CAISO SP15,USA,2024-08-14 00:00:00,2024-08-13 16:00:00,35.52485
CAISO SP15,USA,2024-08-14 01:00:00,2024-08-13 17:00:00,47.2424
CAISO SP15,USA,2024-08-14 02:00:00,2024-08-13 18:00:00,56.29103
CAISO SP15,USA,2024-08-14 03:00:00,2024-08-13 19:00:00,50.01843
CAISO SP15,USA,2024-08-14 04:00:00,2024-08-13 20:00:00,46.16516
CAISO SP15,USA,2024-08-14 05:00:00,2024-08-13 21:00:00,43.55031
CAISO SP15,USA,2024-08-14 06:00:00,2024-08-13 22:00:00,38.95726
CAISO SP15,USA,2024-08-14 07:00:00,2024-08-13 23:00:00,36.57948
CAISO SP15,USA,2024-08-14 08:00:00,2024-08-14 00:00:00,33.54838
CAISO SP15,USA,2024-08-14 09:00:00,2024-08-14 01:00:00,30.8226
CAISO SP15,USA,2024-08-14 10:00:00,2024-08-14 02:00:00,30.72736
CAISO SP15,USA,2024-08-14 11:00:00,2024-08-14 03:00:00,30.88468
CAISO SP15,USA,2024-08-14 12:00:00,2024-08-14 04:00:00,36.83059
CAISO SP15,USA,2024-08-14 13:00:00,2024-08-14 05:00:00,39.46492
CAISO SP15,USA,2024-08-14 14:00:00,2024-08-14 06:00:00,30.77236
CAISO SP15,USA,2024-08-14 15:00:00,2024-08-14 07:00:00,18.81457
CAISO SP15,USA,2024-08-14 16:00:00,2024-08-14 08:00:00,18.3891
CAISO SP15,USA,2024-08-14 17:00:00,2024-08-14 09:00:00,18.66
CAISO SP15,USA,2024-08-14 18:00:00,2024-08-14 10:00:00,19.34531
CAISO SP15,USA,2024-08-14 19:00:00,2024-08-14 11:00:00,19.58862
CAISO SP15,USA,2024-08-14 20:00:00,2024-08-14 12:00:00,22.09697
CAISO SP15,USA,2024-08-14 21:00:00,2024-08-14 13:00:00,22.36676
CAISO SP15,USA,2024-08-14 22:00:00,2024-08-14 14:00:00,29.71066
CAISO SP15,USA,2024-08-14 23:00:00,2024-08-14 15:00:00,31.42748
CAISO SP15,USA,2024-08-15 00:00:00,2024-08-14 16:00:00,38.5819
CAISO SP15,USA,2024-08-15 01:00:00,2024-08-14 17:00:00,49.47544
CAISO SP15,USA,2024-08-15 02:00:00,2024-08-14 18:00:00,53.64452
CAISO SP15,USA,2024-08-15 03:00:00,2024-08-14 19:00:00,48.67309
CAISO SP15,USA,2024-08-15 04:00:00,2024-08-14 20:00:00,42.2789
CAISO SP15,USA,2024-08-15 05:00:00,2024-08-14 21:00:00,40.072
CAISO SP15,USA,2024-08-15 06:00:00,2024-08-14 22:00:00,38.21768
CAISO SP15,USA,2024-08-15 07:00:00,2024-08-14 23:00:00,35.61475
CAISO SP15,USA,2024-08-15 08:00:00,2024-08-15 00:00:00,34.19853
CAISO SP15,USA,2024-08-15 09:00:00,2024-08-15 01:00:00,31.52241
CAISO SP15,USA,2024-08-15 10:00:00,2024-08-15 02:00:00,31.02
CAISO SP15,USA,2024-08-15 11:00:00,2024-08-15 03:00:00,30.69448
CAISO SP15,USA,2024-08-15 12:00:00,2024-08-15 04:00:00,34.94
CAISO SP15,USA,2024-08-15 13:00:00,2024-08-15 05:00:00,35.13138
CAISO SP15,USA,2024-08-15 14:00:00,2024-08-15 06:00:00,26.74901
CAISO SP15,USA,2024-08-15 15:00:00,2024-08-15 07:00:00,15.32206
CAISO SP15,USA,2024-08-15 16:00:00,2024-08-15 08:00:00,12.97856
CAISO SP15,USA,2024-08-15 17:00:00,2024-08-15 09:00:00,15.60997
CAISO SP15,USA,2024-08-15 18:00:00,2024-08-15 10:00:00,18.10549
CAISO SP15,USA,2024-08-15 19:00:00,2024-08-15 11:00:00,18.91887
CAISO SP15,USA,2024-08-15 20:00:00,2024-08-15 12:00:00,20.19422
CAISO SP15,USA,2024-08-15 21:00:00,2024-08-15 13:00:00,22.66904
CAISO SP15,USA,2024-08-15 22:00:00,2024-08-15 14:00:00,29.94312
CAISO SP15,USA,2024-08-15 23:00:00,2024-08-15 15:00:00,30.6587
CAISO SP15,USA,2024-08-16 00:00:00,2024-08-15 16:00:00,38.04048
CAISO SP15,USA,2024-08-16 01:00:00,2024-08-15 17:00:00,49.36212
CAISO SP15,USA,2024-08-16 02:00:00,2024-08-15 18:00:00,58.56098
CAISO SP15,USA,2024-08-16 03:00:00,2024-08-15 19:00:00,50.87633
CAISO SP15,USA,2024-08-16 04:00:00,2024-08-15 20:00:00,45.26906
CAISO SP15,USA,2024-08-16 05:00:00,2024-08-15 21:00:00,41.33826
CAISO SP15,USA,2024-08-16 06:00:00,2024-08-15 22:00:00,38.39637
CAISO SP15,USA,2024-08-16 07:00:00,2024-08-15 23:00:00,35.4473
CAISO SP15,USA,2024-08-16 08:00:00,2024-08-16 00:00:00,32.77114
CAISO SP15,USA,2024-08-16 09:00:00,2024-08-16 01:00:00,32.00807
CAISO SP15,USA,2024-08-16 10:00:00,2024-08-16 02:00:00,31.7787
CAISO SP15,USA,2024-08-16 11:00:00,2024-08-16 03:00:00,31.72619
CAISO SP15,USA,2024-08-16 12:00:00,2024-08-16 04:00:00,35.03281
CAISO SP15,USA,2024-08-16 13:00:00,2024-08-16 05:00:00,37.50055
CAISO SP15,USA,2024-08-16 14:00:00,2024-08-16 06:00:00,29.91175
CAISO SP15,USA,2024-08-16 15:00:00,2024-08-16 07:00:00,18.90111
CAISO SP15,USA,2024-08-16 16:00:00,2024-08-16 08:00:00,16.02496
CAISO SP15,USA,2024-08-16 17:00:00,2024-08-16 09:00:00,18.8157
CAISO SP15,USA,2024-08-16 18:00:00,2024-08-16 10:00:00,21.59976
CAISO SP15,USA,2024-08-16 19:00:00,2024-08-16 11:00:00,22.26578
CAISO SP15,USA,2024-08-16 20:00:00,2024-08-16 12:00:00,26.90061
CAISO SP15,USA,2024-08-16 21:00:00,2024-08-16 13:00:00,30.34217
CAISO SP15,USA,2024-08-16 22:00:00,2024-08-16 14:00:00,33.9666
CAISO SP15,USA,2024-08-16 23:00:00,2024-08-16 15:00:00,36.4204
CAISO SP15,USA,2024-08-17 00:00:00,2024-08-16 16:00:00,46.72638
CAISO SP15,USA,2024-08-17 01:00:00,2024-08-16 17:00:00,53.65014
CAISO SP15,USA,2024-08-17 02:00:00,2024-08-16 18:00:00,60.31467
CAISO SP15,USA,2024-08-17 03:00:00,2024-08-16 19:00:00,54.18533
CAISO SP15,USA,2024-08-17 04:00:00,2024-08-16 20:00:00,48.84258
CAISO SP15,USA,2024-08-17 05:00:00,2024-08-16 21:00:00,47.86216
CAISO SP15,USA,2024-08-17 06:00:00,2024-08-16 22:00:00,43.43188
CAISO SP15,USA,2024-08-17 07:00:00,2024-08-16 23:00:00,40.17396
CAISO SP15,USA,2024-08-17 08:00:00,2024-08-17 00:00:00,38.511
CAISO SP15,USA,2024-08-17 09:00:00,2024-08-17 01:00:00,36.22151
CAISO SP15,USA,2024-08-17 10:00:00,2024-08-17 02:00:00,37.43538
CAISO SP15,USA,2024-08-17 11:00:00,2024-08-17 03:00:00,36.28313
CAISO SP15,USA,2024-08-17 12:00:00,2024-08-17 04:00:00,36.53753
CAISO SP15,USA,2024-08-17 13:00:00,2024-08-17 05:00:00,35.63269
CAISO SP15,USA,2024-08-17 14:00:00,2024-08-17 06:00:00,27.58339
CAISO SP15,USA,2024-08-17 15:00:00,2024-08-17 07:00:00,16.69445
CAISO SP15,USA,2024-08-17 16:00:00,2024-08-17 08:00:00,14.88931
CAISO SP15,USA,2024-08-17 17:00:00,2024-08-17 09:00:00,15.66
CAISO SP15,USA,2024-08-17 18:00:00,2024-08-17 10:00:00,15.03692
CAISO SP15,USA,2024-08-17 19:00:00,2024-08-17 11:00:00,15.6491
CAISO SP15,USA,2024-08-17 20:00:00,2024-08-17 12:00:00,17.3629
CAISO SP15,USA,2024-08-17 21:00:00,2024-08-17 13:00:00,19.20385
CAISO SP15,USA,2024-08-17 22:00:00,2024-08-17 14:00:00,23.71575
CAISO SP15,USA,2024-08-17 23:00:00,2024-08-17 15:00:00,25.3746
CAISO SP15,USA,2024-08-18 00:00:00,2024-08-17 16:00:00,34.5958
CAISO SP15,USA,2024-08-18 01:00:00,2024-08-17 17:00:00,42.56956
CAISO SP15,USA,2024-08-18 02:00:00,2024-08-17 18:00:00,50.0763
CAISO SP15,USA,2024-08-18 03:00:00,2024-08-17 19:00:00,43.90223
CAISO SP15,USA,2024-08-18 04:00:00,2024-08-17 20:00:00,42.00464
CAISO SP15,USA,2024-08-18 05:00:00,2024-08-17 21:00:00,40.36274
CAISO SP15,USA,2024-08-18 06:00:00,2024-08-17 22:00:00,38.64967
CAISO SP15,USA,2024-08-18 07:00:00,2024-08-17 23:00:00,35.39376
CAISO SP15,USA,2024-08-18 08:00:00,2024-08-18 00:00:00,34.78403
CAISO SP15,USA,2024-08-18 09:00:00,2024-08-18 01:00:00,30.70671
CAISO SP15,USA,2024-08-18 10:00:00,2024-08-18 02:00:00,30.37402
CAISO SP15,USA,2024-08-18 11:00:00,2024-08-18 03:00:00,32.72956
CAISO SP15,USA,2024-08-18 12:00:00,2024-08-18 04:00:00,34.60403
CAISO SP15,USA,2024-08-18 13:00:00,2024-08-18 05:00:00,35.02255
CAISO SP15,USA,2024-08-18 14:00:00,2024-08-18 06:00:00,25.59902
CAISO SP15,USA,2024-08-18 15:00:00,2024-08-18 07:00:00,14.20937
CAISO SP15,USA,2024-08-18 16:00:00,2024-08-18 08:00:00,12.32281
CAISO SP15,USA,2024-08-18 17:00:00,2024-08-18 09:00:00,13.13151
CAISO SP15,USA,2024-08-18 18:00:00,2024-08-18 10:00:00,14.87668
CAISO SP15,USA,2024-08-18 19:00:00,2024-08-18 11:00:00,16.27272
CAISO SP15,USA,2024-08-18 20:00:00,2024-08-18 12:00:00,16.42944
CAISO SP15,USA,2024-08-18 21:00:00,2024-08-18 13:00:00,20.54482
CAISO SP15,USA,2024-08-18 22:00:00,2024-08-18 14:00:00,25.39042
CAISO SP15,USA,2024-08-18 23:00:00,2024-08-18 15:00:00,27.01525
CAISO SP15,USA,2024-08-19 00:00:00,2024-08-18 16:00:00,35.01118
CAISO SP15,USA,2024-08-19 01:00:00,2024-08-18 17:00:00,48.45216
CAISO SP15,USA,2024-08-19 02:00:00,2024-08-18 18:00:00,55.49269
CAISO SP15,USA,2024-08-19 03:00:00,2024-08-18 19:00:00,49.49094
CAISO SP15,USA,2024-08-19 04:00:00,2024-08-18 20:00:00,47.52949
CAISO SP15,USA,2024-08-19 05:00:00,2024-08-18 21:00:00,42.01582
CAISO SP15,USA,2024-08-19 06:00:00,2024-08-18 22:00:00,37.11217
CAISO SP15,USA,2024-08-19 07:00:00,2024-08-18 23:00:00,36.73395
CAISO SP15,USA,2024-08-19 08:00:00,2024-08-19 00:00:00,33.52664
CAISO SP15,USA,2024-08-19 09:00:00,2024-08-19 01:00:00,33.19221
CAISO SP15,USA,2024-08-19 10:00:00,2024-08-19 02:00:00,32.98243
CAISO SP15,USA,2024-08-19 11:00:00,2024-08-19 03:00:00,33.24882
CAISO SP15,USA,2024-08-19 12:00:00,2024-08-19 04:00:00,38.31597
CAISO SP15,USA,2024-08-19 13:00:00,2024-08-19 05:00:00,39.39637
CAISO SP15,USA,2024-08-19 14:00:00,2024-08-19 06:00:00,30.26662
CAISO SP15,USA,2024-08-19 15:00:00,2024-08-19 07:00:00,22.35717
CAISO SP15,USA,2024-08-19 16:00:00,2024-08-19 08:00:00,20.71648
CAISO SP15,USA,2024-08-19 17:00:00,2024-08-19 09:00:00,22.43547
CAISO SP15,USA,2024-08-19 18:00:00,2024-08-19 10:00:00,24.1567
CAISO SP15,USA,2024-08-19 19:00:00,2024-08-19 11:00:00,26.31901
CAISO SP15,USA,2024-08-19 20:00:00,2024-08-19 12:00:00,28.09368
CAISO SP15,USA,2024-08-19 21:00:00,2024-08-19 13:00:00,31.6574
CAISO SP15,USA,2024-08-19 22:00:00,2024-08-19 14:00:00,35.3527
CAISO SP15,USA,2024-08-19 23:00:00,2024-08-19 15:00:00,35.63061
CAISO SP15,USA,2024-08-20 00:00:00,2024-08-19 16:00:00,44.22834
CAISO SP15,USA,2024-08-20 01:00:00,2024-08-19 17:00:00,57.8223
CAISO SP15,USA,2024-08-20 02:00:00,2024-08-19 18:00:00,73.0
CAISO SP15,USA,2024-08-20 03:00:00,2024-08-19 19:00:00,56.79672
CAISO SP15,USA,2024-08-20 04:00:00,2024-08-19 20:00:00,50.08174
CAISO SP15,USA,2024-08-20 05:00:00,2024-08-19 21:00:00,44.91078
CAISO SP15,USA,2024-08-20 06:00:00,2024-08-19 22:00:00,38.52825
CAISO SP15,USA,2024-08-20 07:00:00,2024-08-19 23:00:00,36.39078
CAISO SP15,USA,2024-08-20 08:00:00,2024-08-20 00:00:00,33.72051
CAISO SP15,USA,2024-08-20 09:00:00,2024-08-20 01:00:00,33.24184
CAISO SP15,USA,2024-08-20 10:00:00,2024-08-20 02:00:00,32.76932
CAISO SP15,USA,2024-08-20 11:00:00,2024-08-20 03:00:00,32.69774
CAISO SP15,USA,2024-08-20 12:00:00,2024-08-20 04:00:00,33.79033
CAISO SP15,USA,2024-08-20 13:00:00,2024-08-20 05:00:00,37.75546
CAISO SP15,USA,2024-08-20 14:00:00,2024-08-20 06:00:00,29.98073
CAISO SP15,USA,2024-08-20 15:00:00,2024-08-20 07:00:00,22.91575
CAISO SP15,USA,2024-08-20 16:00:00,2024-08-20 08:00:00,24.46605
CAISO SP15,USA,2024-08-20 17:00:00,2024-08-20 09:00:00,24.871
CAISO SP15,USA,2024-08-20 18:00:00,2024-08-20 10:00:00,25.98783
CAISO SP15,USA,2024-08-20 19:00:00,2024-08-20 11:00:00,26.67488
CAISO SP15,USA,2024-08-20 20:00:00,2024-08-20 12:00:00,28.2164
CAISO SP15,USA,2024-08-20 21:00:00,2024-08-20 13:00:00,32.3835
CAISO SP15,USA,2024-08-20 22:00:00,2024-08-20 14:00:00,34.82787
CAISO SP15,USA,2024-08-20 23:00:00,2024-08-20 15:00:00,36.20323
CAISO SP15,USA,2024-08-21 00:00:00,2024-08-20 16:00:00,46.42678
CAISO SP15,USA,2024-08-21 01:00:00,2024-08-20 17:00:00,59.13
CAISO SP15,USA,2024-08-21 02:00:00,2024-08-20 18:00:00,82.50807
CAISO SP15,USA,2024-08-21 03:00:00,2024-08-20 19:00:00,56.20004
CAISO SP15,USA,2024-08-21 04:00:00,2024-08-20 20:00:00,51.13939
CAISO SP15,USA,2024-08-21 05:00:00,2024-08-20 21:00:00,40.00396
CAISO SP15,USA,2024-08-21 06:00:00,2024-08-20 22:00:00,36.08524
CAISO SP15,USA,2024-08-21 07:00:00,2024-08-20 23:00:00,35.18532
CAISO SP15,USA,2024-08-21 08:00:00,2024-08-21 00:00:00,32.31611
CAISO SP15,USA,2024-08-21 09:00:00,2024-08-21 01:00:00,32.15017
CAISO SP15,USA,2024-08-21 10:00:00,2024-08-21 02:00:00,30.91107
CAISO SP15,USA,2024-08-21 11:00:00,2024-08-21 03:00:00,30.78579
CAISO SP15,USA,2024-08-21 12:00:00,2024-08-21 04:00:00,35.61905
CAISO SP15,USA,2024-08-21 13:00:00,2024-08-21 05:00:00,35.81587
CAISO SP15,USA,2024-08-21 14:00:00,2024-08-21 06:00:00,29.3146
CAISO SP15,USA,2024-08-21 15:00:00,2024-08-21 07:00:00,22.78
CAISO SP15,USA,2024-08-21 16:00:00,2024-08-21 08:00:00,22.33472
CAISO SP15,USA,2024-08-21 17:00:00,2024-08-21 09:00:00,22.85767
CAISO SP15,USA,2024-08-21 18:00:00,2024-08-21 10:00:00,25.10876
CAISO SP15,USA,2024-08-21 19:00:00,2024-08-21 11:00:00,26.7374
CAISO SP15,USA,2024-08-21 20:00:00,2024-08-21 12:00:00,28.13076
CAISO SP15,USA,2024-08-21 21:00:00,2024-08-21 13:00:00,31.99541
CAISO SP15,USA,2024-08-21 22:00:00,2024-08-21 14:00:00,32.97159
CAISO SP15,USA,2024-08-21 23:00:00,2024-08-21 15:00:00,38.18129
CAISO SP15,USA,2024-08-22 00:00:00,2024-08-21 16:00:00,45.93123
CAISO SP15,USA,2024-08-22 01:00:00,2024-08-21 17:00:00,52.33294
CAISO SP15,USA,2024-08-22 02:00:00,2024-08-21 18:00:00,62.23
CAISO SP15,USA,2024-08-22 03:00:00,2024-08-21 19:00:00,50.8583
CAISO SP15,USA,2024-08-22 04:00:00,2024-08-21 20:00:00,47.12226
CAISO SP15,USA,2024-08-22 05:00:00,2024-08-21 21:00:00,45.7742
CAISO SP15,USA,2024-08-22 06:00:00,2024-08-21 22:00:00,38.67996
CAISO SP15,USA,2024-08-22 07:00:00,2024-08-21 23:00:00,37.51594
CAISO SP15,USA,2024-08-22 08:00:00,2024-08-22 00:00:00,36.6921
CAISO SP15,USA,2024-08-22 09:00:00,2024-08-22 01:00:00,35.88455
CAISO SP15,USA,2024-08-22 10:00:00,2024-08-22 02:00:00,35.59001
CAISO SP15,USA,2024-08-22 11:00:00,2024-08-22 03:00:00,35.80158
CAISO SP15,USA,2024-08-22 12:00:00,2024-08-22 04:00:00,38.08521
CAISO SP15,USA,2024-08-22 13:00:00,2024-08-22 05:00:00,36.27167
CAISO SP15,USA,2024-08-22 14:00:00,2024-08-22 06:00:00,30.0
CAISO SP15,USA,2024-08-22 15:00:00,2024-08-22 07:00:00,21.23197
CAISO SP15,USA,2024-08-22 16:00:00,2024-08-22 08:00:00,18.73429
CAISO SP15,USA,2024-08-22 17:00:00,2024-08-22 09:00:00,17.33507
CAISO SP15,USA,2024-08-22 18:00:00,2024-08-22 10:00:00,18.13303
CAISO SP15,USA,2024-08-22 19:00:00,2024-08-22 11:00:00,20.05846
CAISO SP15,USA,2024-08-22 20:00:00,2024-08-22 12:00:00,21.6518
CAISO SP15,USA,2024-08-22 21:00:00,2024-08-22 13:00:00,24.58034
CAISO SP15,USA,2024-08-22 22:00:00,2024-08-22 14:00:00,25.48671
CAISO SP15,USA,2024-08-22 23:00:00,2024-08-22 15:00:00,26.94511
CAISO SP15,USA,2024-08-23 00:00:00,2024-08-22 16:00:00,36.56241
CAISO SP15,USA,2024-08-23 01:00:00,2024-08-22 17:00:00,47.38162
CAISO SP15,USA,2024-08-23 02:00:00,2024-08-22 18:00:00,52.74046
CAISO SP15,USA,2024-08-23 03:00:00,2024-08-22 19:00:00,47.24209
CAISO SP15,USA,2024-08-23 04:00:00,2024-08-22 20:00:00,44.32912
CAISO SP15,USA,2024-08-23 05:00:00,2024-08-22 21:00:00,42.78569
CAISO SP15,USA,2024-08-23 06:00:00,2024-08-22 22:00:00,38.62601
CAISO SP15,USA,2024-08-23 07:00:00,2024-08-22 23:00:00,32.56998
CAISO SP15,USA,2024-08-23 08:00:00,2024-08-23 00:00:00,32.0
CAISO SP15,USA,2024-08-23 09:00:00,2024-08-23 01:00:00,30.67721
CAISO SP15,USA,2024-08-23 10:00:00,2024-08-23 02:00:00,29.36889
CAISO SP15,USA,2024-08-23 11:00:00,2024-08-23 03:00:00,29.24049
CAISO SP15,USA,2024-08-23 12:00:00,2024-08-23 04:00:00,32.76302
CAISO SP15,USA,2024-08-23 13:00:00,2024-08-23 05:00:00,33.43723
CAISO SP15,USA,2024-08-23 14:00:00,2024-08-23 06:00:00,25.44795
CAISO SP15,USA,2024-08-23 15:00:00,2024-08-23 07:00:00,11.75065
CAISO SP15,USA,2024-08-23 16:00:00,2024-08-23 08:00:00,9.89037
CAISO SP15,USA,2024-08-23 17:00:00,2024-08-23 09:00:00,10.52589
CAISO SP15,USA,2024-08-23 18:00:00,2024-08-23 10:00:00,10.00606
CAISO SP15,USA,2024-08-23 19:00:00,2024-08-23 11:00:00,9.56039
CAISO SP15,USA,2024-08-23 20:00:00,2024-08-23 12:00:00,10.33759
CAISO SP15,USA,2024-08-23 21:00:00,2024-08-23 13:00:00,9.67503
CAISO SP15,USA,2024-08-23 22:00:00,2024-08-23 14:00:00,14.5288
CAISO SP15,USA,2024-08-23 23:00:00,2024-08-23 15:00:00,20.23862
CAISO SP15,USA,2024-08-24 00:00:00,2024-08-23 16:00:00,27.18913
CAISO SP15,USA,2024-08-24 01:00:00,2024-08-23 17:00:00,36.16363
CAISO SP15,USA,2024-08-24 02:00:00,2024-08-23 18:00:00,37.94515
CAISO SP15,USA,2024-08-24 03:00:00,2024-08-23 19:00:00,36.42585
CAISO SP15,USA,2024-08-24 04:00:00,2024-08-23 20:00:00,35.61353
CAISO SP15,USA,2024-08-24 05:00:00,2024-08-23 21:00:00,35.10251
CAISO SP15,USA,2024-08-24 06:00:00,2024-08-23 22:00:00,35.18579
CAISO SP15,USA,2024-08-24 07:00:00,2024-08-23 23:00:00,29.6922
CAISO SP15,USA,2024-08-24 08:00:00,2024-08-24 00:00:00,29.89895
CAISO SP15,USA,2024-08-24 09:00:00,2024-08-24 01:00:00,28.27678
CAISO SP15,USA,2024-08-24 10:00:00,2024-08-24 02:00:00,27.58
CAISO SP15,USA,2024-08-24 11:00:00,2024-08-24 03:00:00,28.98163
CAISO SP15,USA,2024-08-24 12:00:00,2024-08-24 04:00:00,28.68082
CAISO SP15,USA,2024-08-24 13:00:00,2024-08-24 05:00:00,27.19981
CAISO SP15,USA,2024-08-24 14:00:00,2024-08-24 06:00:00,7.46325
CAISO SP15,USA,2024-08-24 15:00:00,2024-08-24 07:00:00,-3.72
CAISO SP15,USA,2024-08-24 16:00:00,2024-08-24 08:00:00,-7.82116
CAISO SP15,USA,2024-08-24 17:00:00,2024-08-24 09:00:00,-6.70256
CAISO SP15,USA,2024-08-24 18:00:00,2024-08-24 10:00:00,-7.35457
CAISO SP15,USA,2024-08-24 19:00:00,2024-08-24 11:00:00,-6.93235
CAISO SP15,USA,2024-08-24 20:00:00,2024-08-24 12:00:00,-6.61624
CAISO SP15,USA,2024-08-24 21:00:00,2024-08-24 13:00:00,-6.02273
CAISO SP15,USA,2024-08-24 22:00:00,2024-08-24 14:00:00,-4.85754
CAISO SP15,USA,2024-08-24 23:00:00,2024-08-24 15:00:00,-3.97575
CAISO SP15,USA,2024-08-25 00:00:00,2024-08-24 16:00:00,13.47535
CAISO SP15,USA,2024-08-25 01:00:00,2024-08-24 17:00:00,28.15163
CAISO SP15,USA,2024-08-25 02:00:00,2024-08-24 18:00:00,30.9528
CAISO SP15,USA,2024-08-25 03:00:00,2024-08-24 19:00:00,30.33133
CAISO SP15,USA,2024-08-25 04:00:00,2024-08-24 20:00:00,29.00585
CAISO SP15,USA,2024-08-25 05:00:00,2024-08-24 21:00:00,28.14857
CAISO SP15,USA,2024-08-25 06:00:00,2024-08-24 22:00:00,27.90743
CAISO SP15,USA,2024-08-25 07:00:00,2024-08-24 23:00:00,25.25006
CAISO SP15,USA,2024-08-25 08:00:00,2024-08-25 00:00:00,25.11656
CAISO SP15,USA,2024-08-25 09:00:00,2024-08-25 01:00:00,24.93755
CAISO SP15,USA,2024-08-25 10:00:00,2024-08-25 02:00:00,24.74602
CAISO SP15,USA,2024-08-25 11:00:00,2024-08-25 03:00:00,24.87292
CAISO SP15,USA,2024-08-25 12:00:00,2024-08-25 04:00:00,24.53302
CAISO SP15,USA,2024-08-25 13:00:00,2024-08-25 05:00:00,25.06209
CAISO SP15,USA,2024-08-25 14:00:00,2024-08-25 06:00:00,5.89819
CAISO SP15,USA,2024-08-25 15:00:00,2024-08-25 07:00:00,-5.2209
CAISO SP15,USA,2024-08-25 16:00:00,2024-08-25 08:00:00,-8.067
CAISO SP15,USA,2024-08-25 17:00:00,2024-08-25 09:00:00,-6.5929
CAISO SP15,USA,2024-08-25 18:00:00,2024-08-25 10:00:00,-5.56629
CAISO SP15,USA,2024-08-25 19:00:00,2024-08-25 11:00:00,-4.95901
CAISO SP15,USA,2024-08-25 20:00:00,2024-08-25 12:00:00,-4.64219
CAISO SP15,USA,2024-08-25 21:00:00,2024-08-25 13:00:00,-4.96165
CAISO SP15,USA,2024-08-25 22:00:00,2024-08-25 14:00:00,3.69344
CAISO SP15,USA,2024-08-25 23:00:00,2024-08-25 15:00:00,15.73594
CAISO SP15,USA,2024-08-26 00:00:00,2024-08-25 16:00:00,26.37
CAISO SP15,USA,2024-08-26 01:00:00,2024-08-25 17:00:00,36.3635
CAISO SP15,USA,2024-08-26 02:00:00,2024-08-25 18:00:00,39.1782
CAISO SP15,USA,2024-08-26 03:00:00,2024-08-25 19:00:00,35.94404
CAISO SP15,USA,2024-08-26 04:00:00,2024-08-25 20:00:00,35.44
CAISO SP15,USA,2024-08-26 05:00:00,2024-08-25 21:00:00,35.17844
CAISO SP15,USA,2024-08-26 06:00:00,2024-08-25 22:00:00,33.90888
CAISO SP15,USA,2024-08-26 07:00:00,2024-08-25 23:00:00,33.99269
CAISO SP15,USA,2024-08-26 08:00:00,2024-08-26 00:00:00,33.4315
CAISO SP15,USA,2024-08-26 09:00:00,2024-08-26 01:00:00,33.82034
CAISO SP15,USA,2024-08-26 10:00:00,2024-08-26 02:00:00,31.96119
CAISO SP15,USA,2024-08-26 11:00:00,2024-08-26 03:00:00,34.9637
CAISO SP15,USA,2024-08-26 12:00:00,2024-08-26 04:00:00,36.16298
CAISO SP15,USA,2024-08-26 13:00:00,2024-08-26 05:00:00,36.11321
CAISO SP15,USA,2024-08-26 14:00:00,2024-08-26 06:00:00,26.69318
CAISO SP15,USA,2024-08-26 15:00:00,2024-08-26 07:00:00,11.48972
CAISO SP15,USA,2024-08-26 16:00:00,2024-08-26 08:00:00,11.66108
CAISO SP15,USA,2024-08-26 17:00:00,2024-08-26 09:00:00,11.9789
CAISO SP15,USA,2024-08-26 18:00:00,2024-08-26 10:00:00,16.02
CAISO SP15,USA,2024-08-26 19:00:00,2024-08-26 11:00:00,16.02
CAISO SP15,USA,2024-08-26 20:00:00,2024-08-26 12:00:00,17.20939
CAISO SP15,USA,2024-08-26 21:00:00,2024-08-26 13:00:00,20.94699
CAISO SP15,USA,2024-08-26 22:00:00,2024-08-26 14:00:00,29.2696
CAISO SP15,USA,2024-08-26 23:00:00,2024-08-26 15:00:00,29.14822
CAISO SP15,USA,2024-08-27 00:00:00,2024-08-26 16:00:00,40.54551
CAISO SP15,USA,2024-08-27 01:00:00,2024-08-26 17:00:00,50.71974
CAISO SP15,USA,2024-08-27 02:00:00,2024-08-26 18:00:00,62.50827
CAISO SP15,USA,2024-08-27 03:00:00,2024-08-26 19:00:00,46.36431
CAISO SP15,USA,2024-08-27 04:00:00,2024-08-26 20:00:00,43.74785
CAISO SP15,USA,2024-08-27 05:00:00,2024-08-26 21:00:00,43.23906
CAISO SP15,USA,2024-08-27 06:00:00,2024-08-26 22:00:00,37.3685
CAISO SP15,USA,2024-08-27 07:00:00,2024-08-26 23:00:00,34.6049
CAISO SP15,USA,2024-08-27 08:00:00,2024-08-27 00:00:00,34.19396
CAISO SP15,USA,2024-08-27 09:00:00,2024-08-27 01:00:00,31.75647
CAISO SP15,USA,2024-08-27 10:00:00,2024-08-27 02:00:00,31.2803
CAISO SP15,USA,2024-08-27 11:00:00,2024-08-27 03:00:00,32.02
CAISO SP15,USA,2024-08-27 12:00:00,2024-08-27 04:00:00,33.59325
CAISO SP15,USA,2024-08-27 13:00:00,2024-08-27 05:00:00,35.91449
CAISO SP15,USA,2024-08-27 14:00:00,2024-08-27 06:00:00,25.37994
CAISO SP15,USA,2024-08-27 15:00:00,2024-08-27 07:00:00,16.97141
CAISO SP15,USA,2024-08-27 16:00:00,2024-08-27 08:00:00,15.97565
CAISO SP15,USA,2024-08-27 17:00:00,2024-08-27 09:00:00,15.09572
CAISO SP15,USA,2024-08-27 18:00:00,2024-08-27 10:00:00,15.96701
CAISO SP15,USA,2024-08-27 19:00:00,2024-08-27 11:00:00,16.65162
CAISO SP15,USA,2024-08-27 20:00:00,2024-08-27 12:00:00,16.69357
CAISO SP15,USA,2024-08-27 21:00:00,2024-08-27 13:00:00,20.81735
CAISO SP15,USA,2024-08-27 22:00:00,2024-08-27 14:00:00,27.98872
CAISO SP15,USA,2024-08-27 23:00:00,2024-08-27 15:00:00,32.40595
CAISO SP15,USA,2024-08-28 00:00:00,2024-08-27 16:00:00,41.1535
CAISO SP15,USA,2024-08-28 01:00:00,2024-08-27 17:00:00,52.93312
CAISO SP15,USA,2024-08-28 02:00:00,2024-08-27 18:00:00,68.88
CAISO SP15,USA,2024-08-28 03:00:00,2024-08-27 19:00:00,49.38909
CAISO SP15,USA,2024-08-28 04:00:00,2024-08-27 20:00:00,43.4821
CAISO SP15,USA,2024-08-28 05:00:00,2024-08-27 21:00:00,39.11732
CAISO SP15,USA,2024-08-28 06:00:00,2024-08-27 22:00:00,33.734
CAISO SP15,USA,2024-08-28 07:00:00,2024-08-27 23:00:00,34.50638
CAISO SP15,USA,2024-08-28 08:00:00,2024-08-28 00:00:00,33.0
CAISO SP15,USA,2024-08-28 09:00:00,2024-08-28 01:00:00,31.76
CAISO SP15,USA,2024-08-28 10:00:00,2024-08-28 02:00:00,30.69348
CAISO SP15,USA,2024-08-28 11:00:00,2024-08-28 03:00:00,30.50236
CAISO SP15,USA,2024-08-28 12:00:00,2024-08-28 04:00:00,32.24377
CAISO SP15,USA,2024-08-28 13:00:00,2024-08-28 05:00:00,35.47343
CAISO SP15,USA,2024-08-28 14:00:00,2024-08-28 06:00:00,29.2349
CAISO SP15,USA,2024-08-28 15:00:00,2024-08-28 07:00:00,19.50281
CAISO SP15,USA,2024-08-28 16:00:00,2024-08-28 08:00:00,17.57741
CAISO SP15,USA,2024-08-28 17:00:00,2024-08-28 09:00:00,14.62289
CAISO SP15,USA,2024-08-28 18:00:00,2024-08-28 10:00:00,13.99346
CAISO SP15,USA,2024-08-28 19:00:00,2024-08-28 11:00:00,15.54752
CAISO SP15,USA,2024-08-28 20:00:00,2024-08-28 12:00:00,17.11235
CAISO SP15,USA,2024-08-28 21:00:00,2024-08-28 13:00:00,19.90967
CAISO SP15,USA,2024-08-28 22:00:00,2024-08-28 14:00:00,28.53957
CAISO SP15,USA,2024-08-28 23:00:00,2024-08-28 15:00:00,30.85292
CAISO SP15,USA,2024-08-29 00:00:00,2024-08-28 16:00:00,38.60824
CAISO SP15,USA,2024-08-29 01:00:00,2024-08-28 17:00:00,50.32816
CAISO SP15,USA,2024-08-29 02:00:00,2024-08-28 18:00:00,53.89804
CAISO SP15,USA,2024-08-29 03:00:00,2024-08-28 19:00:00,45.47085
CAISO SP15,USA,2024-08-29 04:00:00,2024-08-28 20:00:00,41.6176
CAISO SP15,USA,2024-08-29 05:00:00,2024-08-28 21:00:00,37.81061
CAISO SP15,USA,2024-08-29 06:00:00,2024-08-28 22:00:00,34.65857
CAISO SP15,USA,2024-08-29 07:00:00,2024-08-28 23:00:00,35.62152
CAISO SP15,USA,2024-08-29 08:00:00,2024-08-29 00:00:00,33.2895
CAISO SP15,USA,2024-08-29 09:00:00,2024-08-29 01:00:00,32.75726
CAISO SP15,USA,2024-08-29 10:00:00,2024-08-29 02:00:00,31.634
CAISO SP15,USA,2024-08-29 11:00:00,2024-08-29 03:00:00,32.98538
CAISO SP15,USA,2024-08-29 12:00:00,2024-08-29 04:00:00,35.61211
CAISO SP15,USA,2024-08-29 13:00:00,2024-08-29 05:00:00,36.43588
CAISO SP15,USA,2024-08-29 14:00:00,2024-08-29 06:00:00,29.48107
CAISO SP15,USA,2024-08-29 15:00:00,2024-08-29 07:00:00,16.68573
CAISO SP15,USA,2024-08-29 16:00:00,2024-08-29 08:00:00,14.47755
CAISO SP15,USA,2024-08-29 17:00:00,2024-08-29 09:00:00,14.0654
CAISO SP15,USA,2024-08-29 18:00:00,2024-08-29 10:00:00,14.33925
CAISO SP15,USA,2024-08-29 19:00:00,2024-08-29 11:00:00,13.92852
CAISO SP15,USA,2024-08-29 20:00:00,2024-08-29 12:00:00,15.21
CAISO SP15,USA,2024-08-29 21:00:00,2024-08-29 13:00:00,16.77
CAISO SP15,USA,2024-08-29 22:00:00,2024-08-29 14:00:00,27.12422
CAISO SP15,USA,2024-08-29 23:00:00,2024-08-29 15:00:00,29.30848
CAISO SP15,USA,2024-08-30 00:00:00,2024-08-29 16:00:00,38.14164
CAISO SP15,USA,2024-08-30 01:00:00,2024-08-29 17:00:00,49.58989
CAISO SP15,USA,2024-08-30 02:00:00,2024-08-29 18:00:00,51.26611
CAISO SP15,USA,2024-08-30 03:00:00,2024-08-29 19:00:00,42.70495
CAISO SP15,USA,2024-08-30 04:00:00,2024-08-29 20:00:00,38.62721
CAISO SP15,USA,2024-08-30 05:00:00,2024-08-29 21:00:00,37.5875
CAISO SP15,USA,2024-08-30 06:00:00,2024-08-29 22:00:00,37.31812
CAISO SP15,USA,2024-08-30 07:00:00,2024-08-29 23:00:00,32.00155
CAISO SP15,USA,2024-08-30 08:00:00,2024-08-30 00:00:00,32.08
CAISO SP15,USA,2024-08-30 09:00:00,2024-08-30 01:00:00,31.105
CAISO SP15,USA,2024-08-30 10:00:00,2024-08-30 02:00:00,31.22577
CAISO SP15,USA,2024-08-30 11:00:00,2024-08-30 03:00:00,31.87138
CAISO SP15,USA,2024-08-30 12:00:00,2024-08-30 04:00:00,34.4487
CAISO SP15,USA,2024-08-30 13:00:00,2024-08-30 05:00:00,37.14
CAISO SP15,USA,2024-08-30 14:00:00,2024-08-30 06:00:00,29.99569
CAISO SP15,USA,2024-08-30 15:00:00,2024-08-30 07:00:00,18.11847
CAISO SP15,USA,2024-08-30 16:00:00,2024-08-30 08:00:00,15.48425
CAISO SP15,USA,2024-08-30 17:00:00,2024-08-30 09:00:00,14.4
CAISO SP15,USA,2024-08-30 18:00:00,2024-08-30 10:00:00,14.23203
CAISO SP15,USA,2024-08-30 19:00:00,2024-08-30 11:00:00,14.96698
CAISO SP15,USA,2024-08-30 20:00:00,2024-08-30 12:00:00,15.46312
CAISO SP15,USA,2024-08-30 21:00:00,2024-08-30 13:00:00,17.02196
CAISO SP15,USA,2024-08-30 22:00:00,2024-08-30 14:00:00,26.66113
CAISO SP15,USA,2024-08-30 23:00:00,2024-08-30 15:00:00,29.98413
CAISO SP15,USA,2024-08-31 00:00:00,2024-08-30 16:00:00,36.44473
CAISO SP15,USA,2024-08-31 01:00:00,2024-08-30 17:00:00,46.03003
CAISO SP15,USA,2024-08-31 02:00:00,2024-08-30 18:00:00,46.81059
CAISO SP15,USA,2024-08-31 03:00:00,2024-08-30 19:00:00,39.63654
CAISO SP15,USA,2024-08-31 04:00:00,2024-08-30 20:00:00,38.16797
CAISO SP15,USA,2024-08-31 05:00:00,2024-08-30 21:00:00,37.08
CAISO SP15,USA,2024-08-31 06:00:00,2024-08-30 22:00:00,35.13463
CAISO SP15,USA,2024-08-31 07:00:00,2024-08-30 23:00:00,39.45784
CAISO SP15,USA,2024-08-31 08:00:00,2024-08-31 00:00:00,37.10474
CAISO SP15,USA,2024-08-31 09:00:00,2024-08-31 01:00:00,35.20862
CAISO SP15,USA,2024-08-31 10:00:00,2024-08-31 02:00:00,35.43412
CAISO SP15,USA,2024-08-31 11:00:00,2024-08-31 03:00:00,34.94201
CAISO SP15,USA,2024-08-31 12:00:00,2024-08-31 04:00:00,36.36202
CAISO SP15,USA,2024-08-31 13:00:00,2024-08-31 05:00:00,33.00612
CAISO SP15,USA,2024-08-31 14:00:00,2024-08-31 06:00:00,29.17
CAISO SP15,USA,2024-08-31 15:00:00,2024-08-31 07:00:00,16.82237
CAISO SP15,USA,2024-08-31 16:00:00,2024-08-31 08:00:00,14.38447
CAISO SP15,USA,2024-08-31 17:00:00,2024-08-31 09:00:00,14.44869
CAISO SP15,USA,2024-08-31 18:00:00,2024-08-31 10:00:00,15.82231
CAISO SP15,USA,2024-08-31 19:00:00,2024-08-31 11:00:00,16.57512
CAISO SP15,USA,2024-08-31 20:00:00,2024-08-31 12:00:00,16.8
CAISO SP15,USA,2024-08-31 21:00:00,2024-08-31 13:00:00,16.45189
CAISO SP15,USA,2024-08-31 22:00:00,2024-08-31 14:00:00,26.74
CAISO SP15,USA,2024-08-31 23:00:00,2024-08-31 15:00:00,28.2971
CAISO SP15,USA,2024-09-01 00:00:00,2024-08-31 16:00:00,39.07198
CAISO SP15,USA,2024-09-01 01:00:00,2024-08-31 17:00:00,47.80667
CAISO SP15,USA,2024-09-01 02:00:00,2024-08-31 18:00:00,48.21655
CAISO SP15,USA,2024-09-01 03:00:00,2024-08-31 19:00:00,44.84127
CAISO SP15,USA,2024-09-01 04:00:00,2024-08-31 20:00:00,40.90526
CAISO SP15,USA,2024-09-01 05:00:00,2024-08-31 21:00:00,40.76865
CAISO SP15,USA,2024-09-01 06:00:00,2024-08-31 22:00:00,39.75303
CAISO SP15,USA,2024-09-01 07:00:00,2024-08-31 23:00:00,36.02823
CAISO SP15,USA,2024-09-01 08:00:00,2024-09-01 00:00:00,35.08
CAISO SP15,USA,2024-09-01 09:00:00,2024-09-01 01:00:00,34.93083
CAISO SP15,USA,2024-09-01 10:00:00,2024-09-01 02:00:00,34.8077
CAISO SP15,USA,2024-09-01 11:00:00,2024-09-01 03:00:00,33.8
CAISO SP15,USA,2024-09-01 12:00:00,2024-09-01 04:00:00,34.40178
CAISO SP15,USA,2024-09-01 13:00:00,2024-09-01 05:00:00,34.37376
CAISO SP15,USA,2024-09-01 14:00:00,2024-09-01 06:00:00,27.07729
CAISO SP15,USA,2024-09-01 15:00:00,2024-09-01 07:00:00,12.80429
CAISO SP15,USA,2024-09-01 16:00:00,2024-09-01 08:00:00,10.94611
CAISO SP15,USA,2024-09-01 17:00:00,2024-09-01 09:00:00,8.77829
CAISO SP15,USA,2024-09-01 18:00:00,2024-09-01 10:00:00,11.99
CAISO SP15,USA,2024-09-01 19:00:00,2024-09-01 11:00:00,12.81223
CAISO SP15,USA,2024-09-01 20:00:00,2024-09-01 12:00:00,13.26024
CAISO SP15,USA,2024-09-01 21:00:00,2024-09-01 13:00:00,14.6066
CAISO SP15,USA,2024-09-01 22:00:00,2024-09-01 14:00:00,21.03671
CAISO SP15,USA,2024-09-01 23:00:00,2024-09-01 15:00:00,25.66573
CAISO SP15,USA,2024-09-02 00:00:00,2024-09-01 16:00:00,38.99486
CAISO SP15,USA,2024-09-02 01:00:00,2024-09-01 17:00:00,49.033
CAISO SP15,USA,2024-09-02 02:00:00,2024-09-01 18:00:00,50.19855
CAISO SP15,USA,2024-09-02 03:00:00,2024-09-01 19:00:00,44.43931
CAISO SP15,USA,2024-09-02 04:00:00,2024-09-01 20:00:00,41.47853
CAISO SP15,USA,2024-09-02 05:00:00,2024-09-01 21:00:00,39.88609
CAISO SP15,USA,2024-09-02 06:00:00,2024-09-01 22:00:00,36.68718
CAISO SP15,USA,2024-09-02 07:00:00,2024-09-01 23:00:00,33.94566
CAISO SP15,USA,2024-09-02 08:00:00,2024-09-02 00:00:00,33.62257
CAISO SP15,USA,2024-09-02 09:00:00,2024-09-02 01:00:00,33.32692
CAISO SP15,USA,2024-09-02 10:00:00,2024-09-02 02:00:00,32.58391
CAISO SP15,USA,2024-09-02 11:00:00,2024-09-02 03:00:00,32.74444
CAISO SP15,USA,2024-09-02 12:00:00,2024-09-02 04:00:00,32.44867
CAISO SP15,USA,2024-09-02 13:00:00,2024-09-02 05:00:00,32.13108
CAISO SP15,USA,2024-09-02 14:00:00,2024-09-02 06:00:00,27.84006
CAISO SP15,USA,2024-09-02 15:00:00,2024-09-02 07:00:00,15.62383
CAISO SP15,USA,2024-09-02 16:00:00,2024-09-02 08:00:00,12.44302
CAISO SP15,USA,2024-09-02 17:00:00,2024-09-02 09:00:00,15.11442
CAISO SP15,USA,2024-09-02 18:00:00,2024-09-02 10:00:00,16.79925
CAISO SP15,USA,2024-09-02 19:00:00,2024-09-02 11:00:00,18.08558
CAISO SP15,USA,2024-09-02 20:00:00,2024-09-02 12:00:00,18.46513
CAISO SP15,USA,2024-09-02 21:00:00,2024-09-02 13:00:00,21.50217
CAISO SP15,USA,2024-09-02 22:00:00,2024-09-02 14:00:00,28.76007
CAISO SP15,USA,2024-09-02 23:00:00,2024-09-02 15:00:00,28.41351
CAISO SP15,USA,2024-09-03 00:00:00,2024-09-02 16:00:00,45.74771
CAISO SP15,USA,2024-09-03 01:00:00,2024-09-02 17:00:00,50.48083
CAISO SP15,USA,2024-09-03 02:00:00,2024-09-02 18:00:00,55.88
CAISO SP15,USA,2024-09-03 03:00:00,2024-09-02 19:00:00,47.38675
CAISO SP15,USA,2024-09-03 04:00:00,2024-09-02 20:00:00,47.17565
CAISO SP15,USA,2024-09-03 05:00:00,2024-09-02 21:00:00,45.74419
CAISO SP15,USA,2024-09-03 06:00:00,2024-09-02 22:00:00,36.22482
CAISO SP15,USA,2024-09-03 07:00:00,2024-09-02 23:00:00,32.24124
CAISO SP15,USA,2024-09-03 08:00:00,2024-09-03 00:00:00,31.93788
CAISO SP15,USA,2024-09-03 09:00:00,2024-09-03 01:00:00,31.85
CAISO SP15,USA,2024-09-03 10:00:00,2024-09-03 02:00:00,31.88
CAISO SP15,USA,2024-09-03 11:00:00,2024-09-03 03:00:00,31.88764
CAISO SP15,USA,2024-09-03 12:00:00,2024-09-03 04:00:00,37.32984
CAISO SP15,USA,2024-09-03 13:00:00,2024-09-03 05:00:00,38.07186
CAISO SP15,USA,2024-09-03 14:00:00,2024-09-03 06:00:00,34.13905
CAISO SP15,USA,2024-09-03 15:00:00,2024-09-03 07:00:00,25.62892
CAISO SP15,USA,2024-09-03 16:00:00,2024-09-03 08:00:00,24.58403
CAISO SP15,USA,2024-09-03 17:00:00,2024-09-03 09:00:00,22.01202
CAISO SP15,USA,2024-09-03 18:00:00,2024-09-03 10:00:00,24.40397
CAISO SP15,USA,2024-09-03 19:00:00,2024-09-03 11:00:00,25.25108
CAISO SP15,USA,2024-09-03 20:00:00,2024-09-03 12:00:00,26.83448
CAISO SP15,USA,2024-09-03 21:00:00,2024-09-03 13:00:00,31.14948
CAISO SP15,USA,2024-09-03 22:00:00,2024-09-03 14:00:00,36.38
CAISO SP15,USA,2024-09-03 23:00:00,2024-09-03 15:00:00,40.0
CAISO SP15,USA,2024-09-04 00:00:00,2024-09-03 16:00:00,52.66224
CAISO SP15,USA,2024-09-04 01:00:00,2024-09-03 17:00:00,80.7459
CAISO SP15,USA,2024-09-04 02:00:00,2024-09-03 18:00:00,91.11037
CAISO SP15,USA,2024-09-04 03:00:00,2024-09-03 19:00:00,55.73432
CAISO SP15,USA,2024-09-04 04:00:00,2024-09-03 20:00:00,52.01301
CAISO SP15,USA,2024-09-04 05:00:00,2024-09-03 21:00:00,49.72796
CAISO SP15,USA,2024-09-04 06:00:00,2024-09-03 22:00:00,41.93716
CAISO SP15,USA,2024-09-04 07:00:00,2024-09-03 23:00:00,45.93464
CAISO SP15,USA,2024-09-04 08:00:00,2024-09-04 00:00:00,43.0
CAISO SP15,USA,2024-09-04 09:00:00,2024-09-04 01:00:00,41.45349
CAISO SP15,USA,2024-09-04 10:00:00,2024-09-04 02:00:00,40.66473
CAISO SP15,USA,2024-09-04 11:00:00,2024-09-04 03:00:00,40.66579
CAISO SP15,USA,2024-09-04 12:00:00,2024-09-04 04:00:00,43.79086
CAISO SP15,USA,2024-09-04 13:00:00,2024-09-04 05:00:00,48.69724
CAISO SP15,USA,2024-09-04 14:00:00,2024-09-04 06:00:00,35.36733
CAISO SP15,USA,2024-09-04 15:00:00,2024-09-04 07:00:00,31.7849
CAISO SP15,USA,2024-09-04 16:00:00,2024-09-04 08:00:00,29.01616
CAISO SP15,USA,2024-09-04 17:00:00,2024-09-04 09:00:00,28.53621
CAISO SP15,USA,2024-09-04 18:00:00,2024-09-04 10:00:00,32.39712
CAISO SP15,USA,2024-09-04 19:00:00,2024-09-04 11:00:00,33.77757
CAISO SP15,USA,2024-09-04 20:00:00,2024-09-04 12:00:00,37.40396
CAISO SP15,USA,2024-09-04 21:00:00,2024-09-04 13:00:00,40.55273
CAISO SP15,USA,2024-09-04 22:00:00,2024-09-04 14:00:00,47.07087
CAISO SP15,USA,2024-09-04 23:00:00,2024-09-04 15:00:00,53.57191
CAISO SP15,USA,2024-09-05 00:00:00,2024-09-04 16:00:00,74.70157
CAISO SP15,USA,2024-09-05 01:00:00,2024-09-04 17:00:00,229.58105
CAISO SP15,USA,2024-09-05 02:00:00,2024-09-04 18:00:00,283.15298
CAISO SP15,USA,2024-09-05 03:00:00,2024-09-04 19:00:00,106.10304
CAISO SP15,USA,2024-09-05 04:00:00,2024-09-04 20:00:00,65.09819
CAISO SP15,USA,2024-09-05 05:00:00,2024-09-04 21:00:00,55.67107
CAISO SP15,USA,2024-09-05 06:00:00,2024-09-04 22:00:00,51.17653
CAISO SP15,USA,2024-09-05 07:00:00,2024-09-04 23:00:00,43.55627
CAISO SP15,USA,2024-09-05 08:00:00,2024-09-05 00:00:00,42.97711
CAISO SP15,USA,2024-09-05 09:00:00,2024-09-05 01:00:00,41.92253
CAISO SP15,USA,2024-09-05 10:00:00,2024-09-05 02:00:00,41.82553
CAISO SP15,USA,2024-09-05 11:00:00,2024-09-05 03:00:00,41.794
CAISO SP15,USA,2024-09-05 12:00:00,2024-09-05 04:00:00,43.10193
CAISO SP15,USA,2024-09-05 13:00:00,2024-09-05 05:00:00,53.90469
CAISO SP15,USA,2024-09-05 14:00:00,2024-09-05 06:00:00,45.01096
CAISO SP15,USA,2024-09-05 15:00:00,2024-09-05 07:00:00,36.03656
CAISO SP15,USA,2024-09-05 16:00:00,2024-09-05 08:00:00,34.85539
CAISO SP15,USA,2024-09-05 17:00:00,2024-09-05 09:00:00,35.94666
CAISO SP15,USA,2024-09-05 18:00:00,2024-09-05 10:00:00,39.64686
CAISO SP15,USA,2024-09-05 19:00:00,2024-09-05 11:00:00,40.08891
CAISO SP15,USA,2024-09-05 20:00:00,2024-09-05 12:00:00,49.62816
CAISO SP15,USA,2024-09-05 21:00:00,2024-09-05 13:00:00,56.06543
CAISO SP15,USA,2024-09-05 22:00:00,2024-09-05 14:00:00,67.65465
CAISO SP15,USA,2024-09-05 23:00:00,2024-09-05 15:00:00,105.0
CAISO SP15,USA,2024-09-06 00:00:00,2024-09-05 16:00:00,269.27936
CAISO SP15,USA,2024-09-06 01:00:00,2024-09-05 17:00:00,576.11945
CAISO SP15,USA,2024-09-06 02:00:00,2024-09-05 18:00:00,614.4207
CAISO SP15,USA,2024-09-06 03:00:00,2024-09-05 19:00:00,244.11525
CAISO SP15,USA,2024-09-06 04:00:00,2024-09-05 20:00:00,118.96024
CAISO SP15,USA,2024-09-06 05:00:00,2024-09-05 21:00:00,72.48228
CAISO SP15,USA,2024-09-06 06:00:00,2024-09-05 22:00:00,57.85224
CAISO SP15,USA,2024-09-06 07:00:00,2024-09-05 23:00:00,54.84122
CAISO SP15,USA,2024-09-06 08:00:00,2024-09-06 00:00:00,48.03234
CAISO SP15,USA,2024-09-06 09:00:00,2024-09-06 01:00:00,40.22572
CAISO SP15,USA,2024-09-06 10:00:00,2024-09-06 02:00:00,39.30123
CAISO SP15,USA,2024-09-06 11:00:00,2024-09-06 03:00:00,39.59485
CAISO SP15,USA,2024-09-06 12:00:00,2024-09-06 04:00:00,43.91713
CAISO SP15,USA,2024-09-06 13:00:00,2024-09-06 05:00:00,46.97361
CAISO SP15,USA,2024-09-06 14:00:00,2024-09-06 06:00:00,38.85573
CAISO SP15,USA,2024-09-06 15:00:00,2024-09-06 07:00:00,32.92786
CAISO SP15,USA,2024-09-06 16:00:00,2024-09-06 08:00:00,32.53965
CAISO SP15,USA,2024-09-06 17:00:00,2024-09-06 09:00:00,34.56441
CAISO SP15,USA,2024-09-06 18:00:00,2024-09-06 10:00:00,36.07813
CAISO SP15,USA,2024-09-06 19:00:00,2024-09-06 11:00:00,38.32724
CAISO SP15,USA,2024-09-06 20:00:00,2024-09-06 12:00:00,44.41729
CAISO SP15,USA,2024-09-06 21:00:00,2024-09-06 13:00:00,50.92307
CAISO SP15,USA,2024-09-06 22:00:00,2024-09-06 14:00:00,68.05
CAISO SP15,USA,2024-09-06 23:00:00,2024-09-06 15:00:00,82.46574
CAISO SP15,USA,2024-09-07 00:00:00,2024-09-06 16:00:00,137.90501
CAISO SP15,USA,2024-09-07 01:00:00,2024-09-06 17:00:00,309.73486
CAISO SP15,USA,2024-09-07 02:00:00,2024-09-06 18:00:00,275.11
CAISO SP15,USA,2024-09-07 03:00:00,2024-09-06 19:00:00,113.60044
CAISO SP15,USA,2024-09-07 04:00:00,2024-09-06 20:00:00,81.47
CAISO SP15,USA,2024-09-07 05:00:00,2024-09-06 21:00:00,65.40988
CAISO SP15,USA,2024-09-07 06:00:00,2024-09-06 22:00:00,59.75399
CAISO SP15,USA,2024-09-07 07:00:00,2024-09-06 23:00:00,52.8687
CAISO SP15,USA,2024-09-07 08:00:00,2024-09-07 00:00:00,46.63322
CAISO SP15,USA,2024-09-07 09:00:00,2024-09-07 01:00:00,41.19852
CAISO SP15,USA,2024-09-07 10:00:00,2024-09-07 02:00:00,38.45189
CAISO SP15,USA,2024-09-07 11:00:00,2024-09-07 03:00:00,38.92165
CAISO SP15,USA,2024-09-07 12:00:00,2024-09-07 04:00:00,39.47724
CAISO SP15,USA,2024-09-07 13:00:00,2024-09-07 05:00:00,39.01296
CAISO SP15,USA,2024-09-07 14:00:00,2024-09-07 06:00:00,36.37378
CAISO SP15,USA,2024-09-07 15:00:00,2024-09-07 07:00:00,31.0935
CAISO SP15,USA,2024-09-07 16:00:00,2024-09-07 08:00:00,27.84713
CAISO SP15,USA,2024-09-07 17:00:00,2024-09-07 09:00:00,28.7424
CAISO SP15,USA,2024-09-07 18:00:00,2024-09-07 10:00:00,32.37635
CAISO SP15,USA,2024-09-07 19:00:00,2024-09-07 11:00:00,32.74228
CAISO SP15,USA,2024-09-07 20:00:00,2024-09-07 12:00:00,36.6966
CAISO SP15,USA,2024-09-07 21:00:00,2024-09-07 13:00:00,37.31696
CAISO SP15,USA,2024-09-07 22:00:00,2024-09-07 14:00:00,44.28323
CAISO SP15,USA,2024-09-07 23:00:00,2024-09-07 15:00:00,50.78453
CAISO SP15,USA,2024-09-08 00:00:00,2024-09-07 16:00:00,57.00548
CAISO SP15,USA,2024-09-08 01:00:00,2024-09-07 17:00:00,85.72256
CAISO SP15,USA,2024-09-08 02:00:00,2024-09-07 18:00:00,80.471
CAISO SP15,USA,2024-09-08 03:00:00,2024-09-07 19:00:00,56.98933
CAISO SP15,USA,2024-09-08 04:00:00,2024-09-07 20:00:00,55.02
CAISO SP15,USA,2024-09-08 05:00:00,2024-09-07 21:00:00,51.25882
CAISO SP15,USA,2024-09-08 06:00:00,2024-09-07 22:00:00,48.97215
CAISO SP15,USA,2024-09-08 07:00:00,2024-09-07 23:00:00,51.53886
CAISO SP15,USA,2024-09-08 08:00:00,2024-09-08 00:00:00,53.29533
CAISO SP15,USA,2024-09-08 09:00:00,2024-09-08 01:00:00,51.13001
CAISO SP15,USA,2024-09-08 10:00:00,2024-09-08 02:00:00,46.95158
CAISO SP15,USA,2024-09-08 11:00:00,2024-09-08 03:00:00,43.19919
CAISO SP15,USA,2024-09-08 12:00:00,2024-09-08 04:00:00,45.36579
CAISO SP15,USA,2024-09-08 13:00:00,2024-09-08 05:00:00,44.70889
CAISO SP15,USA,2024-09-08 14:00:00,2024-09-08 06:00:00,32.7013
CAISO SP15,USA,2024-09-08 15:00:00,2024-09-08 07:00:00,28.17599
CAISO SP15,USA,2024-09-08 16:00:00,2024-09-08 08:00:00,28.26586
CAISO SP15,USA,2024-09-08 17:00:00,2024-09-08 09:00:00,30.0
CAISO SP15,USA,2024-09-08 18:00:00,2024-09-08 10:00:00,30.41902
CAISO SP15,USA,2024-09-08 19:00:00,2024-09-08 11:00:00,31.70974
CAISO SP15,USA,2024-09-08 20:00:00,2024-09-08 12:00:00,33.2123
CAISO SP15,USA,2024-09-08 21:00:00,2024-09-08 13:00:00,35.35415
CAISO SP15,USA,2024-09-08 22:00:00,2024-09-08 14:00:00,43.23314
CAISO SP15,USA,2024-09-08 23:00:00,2024-09-08 15:00:00,49.32913
CAISO SP15,USA,2024-09-09 00:00:00,2024-09-08 16:00:00,54.42644
CAISO SP15,USA,2024-09-09 01:00:00,2024-09-08 17:00:00,73.83907
CAISO SP15,USA,2024-09-09 02:00:00,2024-09-08 18:00:00,66.51063
CAISO SP15,USA,2024-09-09 03:00:00,2024-09-08 19:00:00,54.9454
CAISO SP15,USA,2024-09-09 04:00:00,2024-09-08 20:00:00,54.18846
CAISO SP15,USA,2024-09-09 05:00:00,2024-09-08 21:00:00,49.20461
CAISO SP15,USA,2024-09-09 06:00:00,2024-09-08 22:00:00,46.23948
CAISO SP15,USA,2024-09-09 07:00:00,2024-09-08 23:00:00,39.96116
CAISO SP15,USA,2024-09-09 08:00:00,2024-09-09 00:00:00,39.52377
CAISO SP15,USA,2024-09-09 09:00:00,2024-09-09 01:00:00,35.58988
CAISO SP15,USA,2024-09-09 10:00:00,2024-09-09 02:00:00,35.12201
CAISO SP15,USA,2024-09-09 11:00:00,2024-09-09 03:00:00,35.25383
CAISO SP15,USA,2024-09-09 12:00:00,2024-09-09 04:00:00,39.03555
CAISO SP15,USA,2024-09-09 13:00:00,2024-09-09 05:00:00,41.43756
CAISO SP15,USA,2024-09-09 14:00:00,2024-09-09 06:00:00,36.39908
CAISO SP15,USA,2024-09-09 15:00:00,2024-09-09 07:00:00,31.98932
CAISO SP15,USA,2024-09-09 16:00:00,2024-09-09 08:00:00,31.85848
CAISO SP15,USA,2024-09-09 17:00:00,2024-09-09 09:00:00,32.72004
CAISO SP15,USA,2024-09-09 18:00:00,2024-09-09 10:00:00,32.67333
CAISO SP15,USA,2024-09-09 19:00:00,2024-09-09 11:00:00,35.23
CAISO SP15,USA,2024-09-09 20:00:00,2024-09-09 12:00:00,35.51732
CAISO SP15,USA,2024-09-09 21:00:00,2024-09-09 13:00:00,41.78975
CAISO SP15,USA,2024-09-09 22:00:00,2024-09-09 14:00:00,49.86163
CAISO SP15,USA,2024-09-09 23:00:00,2024-09-09 15:00:00,55.60432
CAISO SP15,USA,2024-09-10 00:00:00,2024-09-09 16:00:00,73.9199
CAISO SP15,USA,2024-09-10 01:00:00,2024-09-09 17:00:00,110.0
CAISO SP15,USA,2024-09-10 02:00:00,2024-09-09 18:00:00,103.07883
CAISO SP15,USA,2024-09-10 03:00:00,2024-09-09 19:00:00,72.79905
CAISO SP15,USA,2024-09-10 04:00:00,2024-09-09 20:00:00,62.54324
CAISO SP15,USA,2024-09-10 05:00:00,2024-09-09 21:00:00,49.36046
CAISO SP15,USA,2024-09-10 06:00:00,2024-09-09 22:00:00,41.28503
CAISO SP15,USA,2024-09-10 07:00:00,2024-09-09 23:00:00,35.8013
CAISO SP15,USA,2024-09-10 08:00:00,2024-09-10 00:00:00,35.32712
CAISO SP15,USA,2024-09-10 09:00:00,2024-09-10 01:00:00,34.90335
CAISO SP15,USA,2024-09-10 10:00:00,2024-09-10 02:00:00,34.4425
CAISO SP15,USA,2024-09-10 11:00:00,2024-09-10 03:00:00,34.75247
CAISO SP15,USA,2024-09-10 12:00:00,2024-09-10 04:00:00,37.95521
CAISO SP15,USA,2024-09-10 13:00:00,2024-09-10 05:00:00,39.92091
CAISO SP15,USA,2024-09-10 14:00:00,2024-09-10 06:00:00,34.11
CAISO SP15,USA,2024-09-10 15:00:00,2024-09-10 07:00:00,27.69178
CAISO SP15,USA,2024-09-10 16:00:00,2024-09-10 08:00:00,25.42329
CAISO SP15,USA,2024-09-10 17:00:00,2024-09-10 09:00:00,25.13582
CAISO SP15,USA,2024-09-10 18:00:00,2024-09-10 10:00:00,25.88985
CAISO SP15,USA,2024-09-10 19:00:00,2024-09-10 11:00:00,27.68615
CAISO SP15,USA,2024-09-10 20:00:00,2024-09-10 12:00:00,28.76877
CAISO SP15,USA,2024-09-10 21:00:00,2024-09-10 13:00:00,31.57673
CAISO SP15,USA,2024-09-10 22:00:00,2024-09-10 14:00:00,34.13278
CAISO SP15,USA,2024-09-10 23:00:00,2024-09-10 15:00:00,37.4959
CAISO SP15,USA,2024-09-11 00:00:00,2024-09-10 16:00:00,49.49425
CAISO SP15,USA,2024-09-11 01:00:00,2024-09-10 17:00:00,68.59076
CAISO SP15,USA,2024-09-11 02:00:00,2024-09-10 18:00:00,64.79933
CAISO SP15,USA,2024-09-11 03:00:00,2024-09-10 19:00:00,50.8343
CAISO SP15,USA,2024-09-11 04:00:00,2024-09-10 20:00:00,48.88942
CAISO SP15,USA,2024-09-11 05:00:00,2024-09-10 21:00:00,39.47451
CAISO SP15,USA,2024-09-11 06:00:00,2024-09-10 22:00:00,37.26049
CAISO SP15,USA,2024-09-11 07:00:00,2024-09-10 23:00:00,33.68805
CAISO SP15,USA,2024-09-11 08:00:00,2024-09-11 00:00:00,33.05288
CAISO SP15,USA,2024-09-11 09:00:00,2024-09-11 01:00:00,32.85948
CAISO SP15,USA,2024-09-11 10:00:00,2024-09-11 02:00:00,32.06581
CAISO SP15,USA,2024-09-11 11:00:00,2024-09-11 03:00:00,32.86514
CAISO SP15,USA,2024-09-11 12:00:00,2024-09-11 04:00:00,34.26286
CAISO SP15,USA,2024-09-11 13:00:00,2024-09-11 05:00:00,34.24021
CAISO SP15,USA,2024-09-11 14:00:00,2024-09-11 06:00:00,28.69661
CAISO SP15,USA,2024-09-11 15:00:00,2024-09-11 07:00:00,9.76083
CAISO SP15,USA,2024-09-11 16:00:00,2024-09-11 08:00:00,6.06306
CAISO SP15,USA,2024-09-11 17:00:00,2024-09-11 09:00:00,3.70926
CAISO SP15,USA,2024-09-11 18:00:00,2024-09-11 10:00:00,3.94747
CAISO SP15,USA,2024-09-11 19:00:00,2024-09-11 11:00:00,5.0
CAISO SP15,USA,2024-09-11 20:00:00,2024-09-11 12:00:00,8.01404
CAISO SP15,USA,2024-09-11 21:00:00,2024-09-11 13:00:00,8.56799
CAISO SP15,USA,2024-09-11 22:00:00,2024-09-11 14:00:00,13.23603
CAISO SP15,USA,2024-09-11 23:00:00,2024-09-11 15:00:00,19.31478
CAISO SP15,USA,2024-09-12 00:00:00,2024-09-11 16:00:00,32.04918
CAISO SP15,USA,2024-09-12 01:00:00,2024-09-11 17:00:00,40.73449
CAISO SP15,USA,2024-09-12 02:00:00,2024-09-11 18:00:00,43.84487
CAISO SP15,USA,2024-09-12 03:00:00,2024-09-11 19:00:00,37.74234
CAISO SP15,USA,2024-09-12 04:00:00,2024-09-11 20:00:00,36.44342
CAISO SP15,USA,2024-09-12 05:00:00,2024-09-11 21:00:00,36.48289
CAISO SP15,USA,2024-09-12 06:00:00,2024-09-11 22:00:00,35.33625
CAISO SP15,USA,2024-09-12 07:00:00,2024-09-11 23:00:00,32.76002
CAISO SP15,USA,2024-09-12 08:00:00,2024-09-12 00:00:00,32.44713
CAISO SP15,USA,2024-09-12 09:00:00,2024-09-12 01:00:00,31.21585
CAISO SP15,USA,2024-09-12 10:00:00,2024-09-12 02:00:00,31.78545
CAISO SP15,USA,2024-09-12 11:00:00,2024-09-12 03:00:00,32.2252
CAISO SP15,USA,2024-09-12 12:00:00,2024-09-12 04:00:00,32.07542
CAISO SP15,USA,2024-09-12 13:00:00,2024-09-12 05:00:00,32.03627
CAISO SP15,USA,2024-09-12 14:00:00,2024-09-12 06:00:00,27.32553
CAISO SP15,USA,2024-09-12 15:00:00,2024-09-12 07:00:00,0.72526
CAISO SP15,USA,2024-09-12 16:00:00,2024-09-12 08:00:00,-1.69199
CAISO SP15,USA,2024-09-12 17:00:00,2024-09-12 09:00:00,-4.91341
CAISO SP15,USA,2024-09-12 18:00:00,2024-09-12 10:00:00,-2.65474
CAISO SP15,USA,2024-09-12 19:00:00,2024-09-12 11:00:00,0.0
CAISO SP15,USA,2024-09-12 20:00:00,2024-09-12 12:00:00,3.83729
CAISO SP15,USA,2024-09-12 21:00:00,2024-09-12 13:00:00,3.80022
CAISO SP15,USA,2024-09-12 22:00:00,2024-09-12 14:00:00,7.6151
CAISO SP15,USA,2024-09-12 23:00:00,2024-09-12 15:00:00,11.26223
CAISO SP15,USA,2024-09-13 00:00:00,2024-09-12 16:00:00,29.21596
CAISO SP15,USA,2024-09-13 01:00:00,2024-09-12 17:00:00,37.24095
CAISO SP15,USA,2024-09-13 02:00:00,2024-09-12 18:00:00,41.72795
CAISO SP15,USA,2024-09-13 03:00:00,2024-09-12 19:00:00,36.92665
CAISO SP15,USA,2024-09-13 04:00:00,2024-09-12 20:00:00,35.37
CAISO SP15,USA,2024-09-13 05:00:00,2024-09-12 21:00:00,35.18273
CAISO SP15,USA,2024-09-13 06:00:00,2024-09-12 22:00:00,32.44301
CAISO SP15,USA,2024-09-13 07:00:00,2024-09-12 23:00:00,31.02
CAISO SP15,USA,2024-09-13 08:00:00,2024-09-13 00:00:00,30.78433
CAISO SP15,USA,2024-09-13 09:00:00,2024-09-13 01:00:00,30.16275
CAISO SP15,USA,2024-09-13 10:00:00,2024-09-13 02:00:00,30.34464
CAISO SP15,USA,2024-09-13 11:00:00,2024-09-13 03:00:00,30.56521
CAISO SP15,USA,2024-09-13 12:00:00,2024-09-13 04:00:00,34.83283
CAISO SP15,USA,2024-09-13 13:00:00,2024-09-13 05:00:00,38.11125
CAISO SP15,USA,2024-09-13 14:00:00,2024-09-13 06:00:00,30.3947
CAISO SP15,USA,2024-09-13 15:00:00,2024-09-13 07:00:00,14.48196
CAISO SP15,USA,2024-09-13 16:00:00,2024-09-13 08:00:00,11.6727
CAISO SP15,USA,2024-09-13 17:00:00,2024-09-13 09:00:00,12.07542
CAISO SP15,USA,2024-09-13 18:00:00,2024-09-13 10:00:00,12.0
CAISO SP15,USA,2024-09-13 19:00:00,2024-09-13 11:00:00,10.82442
CAISO SP15,USA,2024-09-13 20:00:00,2024-09-13 12:00:00,10.89993
CAISO SP15,USA,2024-09-13 21:00:00,2024-09-13 13:00:00,13.10167
CAISO SP15,USA,2024-09-13 22:00:00,2024-09-13 14:00:00,17.41866
CAISO SP15,USA,2024-09-13 23:00:00,2024-09-13 15:00:00,23.03122
CAISO SP15,USA,2024-09-14 00:00:00,2024-09-13 16:00:00,37.14028
CAISO SP15,USA,2024-09-14 01:00:00,2024-09-13 17:00:00,40.11406
CAISO SP15,USA,2024-09-14 02:00:00,2024-09-13 18:00:00,41.28518
CAISO SP15,USA,2024-09-14 03:00:00,2024-09-13 19:00:00,39.58483
CAISO SP15,USA,2024-09-14 04:00:00,2024-09-13 20:00:00,37.36107
CAISO SP15,USA,2024-09-14 05:00:00,2024-09-13 21:00:00,36.96889
CAISO SP15,USA,2024-09-14 06:00:00,2024-09-13 22:00:00,36.58582
CAISO SP15,USA,2024-09-14 07:00:00,2024-09-13 23:00:00,30.19215
CAISO SP15,USA,2024-09-14 08:00:00,2024-09-14 00:00:00,31.55416
CAISO SP15,USA,2024-09-14 09:00:00,2024-09-14 01:00:00,30.83399
CAISO SP15,USA,2024-09-14 10:00:00,2024-09-14 02:00:00,30.44303
CAISO SP15,USA,2024-09-14 11:00:00,2024-09-14 03:00:00,31.96179
CAISO SP15,USA,2024-09-14 12:00:00,2024-09-14 04:00:00,32.02
CAISO SP15,USA,2024-09-14 13:00:00,2024-09-14 05:00:00,34.08932
CAISO SP15,USA,2024-09-14 14:00:00,2024-09-14 06:00:00,27.08227
CAISO SP15,USA,2024-09-14 15:00:00,2024-09-14 07:00:00,8.0108
CAISO SP15,USA,2024-09-14 16:00:00,2024-09-14 08:00:00,5.25029
CAISO SP15,USA,2024-09-14 17:00:00,2024-09-14 09:00:00,4.61186
CAISO SP15,USA,2024-09-14 18:00:00,2024-09-14 10:00:00,2.71907
CAISO SP15,USA,2024-09-14 19:00:00,2024-09-14 11:00:00,2.63904
CAISO SP15,USA,2024-09-14 20:00:00,2024-09-14 12:00:00,2.91033
CAISO SP15,USA,2024-09-14 21:00:00,2024-09-14 13:00:00,5.24579
CAISO SP15,USA,2024-09-14 22:00:00,2024-09-14 14:00:00,8.92546
CAISO SP15,USA,2024-09-14 23:00:00,2024-09-14 15:00:00,16.50582
CAISO SP15,USA,2024-09-15 00:00:00,2024-09-14 16:00:00,34.43304
CAISO SP15,USA,2024-09-15 01:00:00,2024-09-14 17:00:00,40.53988
CAISO SP15,USA,2024-09-15 02:00:00,2024-09-14 18:00:00,39.51888
CAISO SP15,USA,2024-09-15 03:00:00,2024-09-14 19:00:00,37.74234
CAISO SP15,USA,2024-09-15 04:00:00,2024-09-14 20:00:00,35.81313
CAISO SP15,USA,2024-09-15 05:00:00,2024-09-14 21:00:00,34.78713
CAISO SP15,USA,2024-09-15 06:00:00,2024-09-14 22:00:00,34.20056
CAISO SP15,USA,2024-09-15 07:00:00,2024-09-14 23:00:00,31.89705
CAISO SP15,USA,2024-09-15 08:00:00,2024-09-15 00:00:00,32.16732
CAISO SP15,USA,2024-09-15 09:00:00,2024-09-15 01:00:00,32.02
CAISO SP15,USA,2024-09-15 10:00:00,2024-09-15 02:00:00,31.52365
CAISO SP15,USA,2024-09-15 11:00:00,2024-09-15 03:00:00,31.99057
CAISO SP15,USA,2024-09-15 12:00:00,2024-09-15 04:00:00,31.98297
CAISO SP15,USA,2024-09-15 13:00:00,2024-09-15 05:00:00,32.04535
CAISO SP15,USA,2024-09-15 14:00:00,2024-09-15 06:00:00,23.46967
CAISO SP15,USA,2024-09-15 15:00:00,2024-09-15 07:00:00,-2.1589
CAISO SP15,USA,2024-09-15 16:00:00,2024-09-15 08:00:00,-4.59951
CAISO SP15,USA,2024-09-15 17:00:00,2024-09-15 09:00:00,-3.65893
CAISO SP15,USA,2024-09-15 18:00:00,2024-09-15 10:00:00,-3.35015
CAISO SP15,USA,2024-09-15 19:00:00,2024-09-15 11:00:00,-3.11955
CAISO SP15,USA,2024-09-15 20:00:00,2024-09-15 12:00:00,-3.37585
CAISO SP15,USA,2024-09-15 21:00:00,2024-09-15 13:00:00,-3.57044
CAISO SP15,USA,2024-09-15 22:00:00,2024-09-15 14:00:00,-3.41582
CAISO SP15,USA,2024-09-15 23:00:00,2024-09-15 15:00:00,-2.29954
CAISO SP15,USA,2024-09-16 00:00:00,2024-09-15 16:00:00,27.61998
CAISO SP15,USA,2024-09-16 01:00:00,2024-09-15 17:00:00,36.25101
CAISO SP15,USA,2024-09-16 02:00:00,2024-09-15 18:00:00,38.27829
CAISO SP15,USA,2024-09-16 03:00:00,2024-09-15 19:00:00,36.39467
CAISO SP15,USA,2024-09-16 04:00:00,2024-09-15 20:00:00,33.70871
CAISO SP15,USA,2024-09-16 05:00:00,2024-09-15 21:00:00,33.02
CAISO SP15,USA,2024-09-16 06:00:00,2024-09-15 22:00:00,32.7
CAISO SP15,USA,2024-09-16 07:00:00,2024-09-15 23:00:00,30.01853
CAISO SP15,USA,2024-09-16 08:00:00,2024-09-16 00:00:00,30.09273
CAISO SP15,USA,2024-09-16 09:00:00,2024-09-16 01:00:00,29.1695
CAISO SP15,USA,2024-09-16 10:00:00,2024-09-16 02:00:00,29.00425
CAISO SP15,USA,2024-09-16 11:00:00,2024-09-16 03:00:00,30.90186
CAISO SP15,USA,2024-09-16 12:00:00,2024-09-16 04:00:00,36.93851
CAISO SP15,USA,2024-09-16 13:00:00,2024-09-16 05:00:00,37.85734
CAISO SP15,USA,2024-09-16 14:00:00,2024-09-16 06:00:00,32.0503
CAISO SP15,USA,2024-09-16 15:00:00,2024-09-16 07:00:00,7.14408
CAISO SP15,USA,2024-09-16 16:00:00,2024-09-16 08:00:00,5.86617
CAISO SP15,USA,2024-09-16 17:00:00,2024-09-16 09:00:00,3.58155
CAISO SP15,USA,2024-09-16 18:00:00,2024-09-16 10:00:00,3.1772
CAISO SP15,USA,2024-09-16 19:00:00,2024-09-16 11:00:00,2.5778
CAISO SP15,USA,2024-09-16 20:00:00,2024-09-16 12:00:00,3.13306
CAISO SP15,USA,2024-09-16 21:00:00,2024-09-16 13:00:00,1.92327
CAISO SP15,USA,2024-09-16 22:00:00,2024-09-16 14:00:00,1.88133
CAISO SP15,USA,2024-09-16 23:00:00,2024-09-16 15:00:00,4.13538
CAISO SP15,USA,2024-09-17 00:00:00,2024-09-16 16:00:00,26.66377
CAISO SP15,USA,2024-09-17 01:00:00,2024-09-16 17:00:00,34.23763
CAISO SP15,USA,2024-09-17 02:00:00,2024-09-16 18:00:00,35.00439
CAISO SP15,USA,2024-09-17 03:00:00,2024-09-16 19:00:00,34.46254
CAISO SP15,USA,2024-09-17 04:00:00,2024-09-16 20:00:00,33.28823
CAISO SP15,USA,2024-09-17 05:00:00,2024-09-16 21:00:00,33.81272
CAISO SP15,USA,2024-09-17 06:00:00,2024-09-16 22:00:00,32.98607
CAISO SP15,USA,2024-09-17 07:00:00,2024-09-16 23:00:00,30.79284
CAISO SP15,USA,2024-09-17 08:00:00,2024-09-17 00:00:00,30.00131
CAISO SP15,USA,2024-09-17 09:00:00,2024-09-17 01:00:00,29.42114
CAISO SP15,USA,2024-09-17 10:00:00,2024-09-17 02:00:00,29.04168
CAISO SP15,USA,2024-09-17 11:00:00,2024-09-17 03:00:00,30.02
CAISO SP15,USA,2024-09-17 12:00:00,2024-09-17 04:00:00,30.71956
CAISO SP15,USA,2024-09-17 13:00:00,2024-09-17 05:00:00,33.76826
CAISO SP15,USA,2024-09-17 14:00:00,2024-09-17 06:00:00,29.12249
CAISO SP15,USA,2024-09-17 15:00:00,2024-09-17 07:00:00,-2.02
CAISO SP15,USA,2024-09-17 16:00:00,2024-09-17 08:00:00,-3.4186
CAISO SP15,USA,2024-09-17 17:00:00,2024-09-17 09:00:00,-3.0
CAISO SP15,USA,2024-09-17 18:00:00,2024-09-17 10:00:00,-3.76963
CAISO SP15,USA,2024-09-17 19:00:00,2024-09-17 11:00:00,-4.55395
CAISO SP15,USA,2024-09-17 20:00:00,2024-09-17 12:00:00,-4.57797
CAISO SP15,USA,2024-09-17 21:00:00,2024-09-17 13:00:00,-4.21
CAISO SP15,USA,2024-09-17 22:00:00,2024-09-17 14:00:00,-3.74292
CAISO SP15,USA,2024-09-17 23:00:00,2024-09-17 15:00:00,-3.03078
CAISO SP15,USA,2024-09-18 00:00:00,2024-09-17 16:00:00,23.25351
CAISO SP15,USA,2024-09-18 01:00:00,2024-09-17 17:00:00,34.95184
CAISO SP15,USA,2024-09-18 02:00:00,2024-09-17 18:00:00,35.92
CAISO SP15,USA,2024-09-18 03:00:00,2024-09-17 19:00:00,34.62228
CAISO SP15,USA,2024-09-18 04:00:00,2024-09-17 20:00:00,34.05747
CAISO SP15,USA,2024-09-18 05:00:00,2024-09-17 21:00:00,34.00101
CAISO SP15,USA,2024-09-18 06:00:00,2024-09-17 22:00:00,33.16309
CAISO SP15,USA,2024-09-18 07:00:00,2024-09-17 23:00:00,35.4624
CAISO SP15,USA,2024-09-18 08:00:00,2024-09-18 00:00:00,33.56765
CAISO SP15,USA,2024-09-18 09:00:00,2024-09-18 01:00:00,32.61883
CAISO SP15,USA,2024-09-18 10:00:00,2024-09-18 02:00:00,32.66288
CAISO SP15,USA,2024-09-18 11:00:00,2024-09-18 03:00:00,32.93484
CAISO SP15,USA,2024-09-18 12:00:00,2024-09-18 04:00:00,38.03835
CAISO SP15,USA,2024-09-18 13:00:00,2024-09-18 05:00:00,40.39973
CAISO SP15,USA,2024-09-18 14:00:00,2024-09-18 06:00:00,32.51455
CAISO SP15,USA,2024-09-18 15:00:00,2024-09-18 07:00:00,6.67106
CAISO SP15,USA,2024-09-18 16:00:00,2024-09-18 08:00:00,0.90392
CAISO SP15,USA,2024-09-18 17:00:00,2024-09-18 09:00:00,0.43876
CAISO SP15,USA,2024-09-18 18:00:00,2024-09-18 10:00:00,0.48585
CAISO SP15,USA,2024-09-18 19:00:00,2024-09-18 11:00:00,-1.18961
CAISO SP15,USA,2024-09-18 20:00:00,2024-09-18 12:00:00,-0.06704
CAISO SP15,USA,2024-09-18 21:00:00,2024-09-18 13:00:00,-1.28381
CAISO SP15,USA,2024-09-18 22:00:00,2024-09-18 14:00:00,1.77183
CAISO SP15,USA,2024-09-18 23:00:00,2024-09-18 15:00:00,9.67
CAISO SP15,USA,2024-09-19 00:00:00,2024-09-18 16:00:00,33.17733
CAISO SP15,USA,2024-09-19 01:00:00,2024-09-18 17:00:00,40.03663
CAISO SP15,USA,2024-09-19 02:00:00,2024-09-18 18:00:00,40.27302
CAISO SP15,USA,2024-09-19 03:00:00,2024-09-18 19:00:00,39.25941
CAISO SP15,USA,2024-09-19 04:00:00,2024-09-18 20:00:00,38.38551
CAISO SP15,USA,2024-09-19 05:00:00,2024-09-18 21:00:00,37.90716
CAISO SP15,USA,2024-09-19 06:00:00,2024-09-18 22:00:00,37.19867
CAISO SP15,USA,2024-09-19 07:00:00,2024-09-18 23:00:00,38.15159
CAISO SP15,USA,2024-09-19 08:00:00,2024-09-19 00:00:00,37.87562
CAISO SP15,USA,2024-09-19 09:00:00,2024-09-19 01:00:00,35.75543
CAISO SP15,USA,2024-09-19 10:00:00,2024-09-19 02:00:00,34.68069
CAISO SP15,USA,2024-09-19 11:00:00,2024-09-19 03:00:00,37.82183
CAISO SP15,USA,2024-09-19 12:00:00,2024-09-19 04:00:00,38.95798
CAISO SP15,USA,2024-09-19 13:00:00,2024-09-19 05:00:00,40.26056
CAISO SP15,USA,2024-09-19 14:00:00,2024-09-19 06:00:00,33.84227
CAISO SP15,USA,2024-09-19 15:00:00,2024-09-19 07:00:00,8.67
CAISO SP15,USA,2024-09-19 16:00:00,2024-09-19 08:00:00,1.04329
CAISO SP15,USA,2024-09-19 17:00:00,2024-09-19 09:00:00,0.51
CAISO SP15,USA,2024-09-19 18:00:00,2024-09-19 10:00:00,-0.11482
CAISO SP15,USA,2024-09-19 19:00:00,2024-09-19 11:00:00,-1.06528
CAISO SP15,USA,2024-09-19 20:00:00,2024-09-19 12:00:00,-3.31595
CAISO SP15,USA,2024-09-19 21:00:00,2024-09-19 13:00:00,-1.94207
CAISO SP15,USA,2024-09-19 22:00:00,2024-09-19 14:00:00,0.84275
CAISO SP15,USA,2024-09-19 23:00:00,2024-09-19 15:00:00,7.68204
CAISO SP15,USA,2024-09-20 00:00:00,2024-09-19 16:00:00,37.39464
CAISO SP15,USA,2024-09-20 01:00:00,2024-09-19 17:00:00,39.86285
CAISO SP15,USA,2024-09-20 02:00:00,2024-09-19 18:00:00,38.68552
CAISO SP15,USA,2024-09-20 03:00:00,2024-09-19 19:00:00,38.40153
CAISO SP15,USA,2024-09-20 04:00:00,2024-09-19 20:00:00,38.3423
CAISO SP15,USA,2024-09-20 05:00:00,2024-09-19 21:00:00,37.3828
CAISO SP15,USA,2024-09-20 06:00:00,2024-09-19 22:00:00,36.33306
CAISO SP15,USA,2024-09-20 07:00:00,2024-09-19 23:00:00,37.09382
CAISO SP15,USA,2024-09-20 08:00:00,2024-09-20 00:00:00,35.46
CAISO SP15,USA,2024-09-20 09:00:00,2024-09-20 01:00:00,33.3596
CAISO SP15,USA,2024-09-20 10:00:00,2024-09-20 02:00:00,33.26163
CAISO SP15,USA,2024-09-20 11:00:00,2024-09-20 03:00:00,33.54622
CAISO SP15,USA,2024-09-20 12:00:00,2024-09-20 04:00:00,39.1292
CAISO SP15,USA,2024-09-20 13:00:00,2024-09-20 05:00:00,40.9194
CAISO SP15,USA,2024-09-20 14:00:00,2024-09-20 06:00:00,36.58689
CAISO SP15,USA,2024-09-20 15:00:00,2024-09-20 07:00:00,13.45739
CAISO SP15,USA,2024-09-20 16:00:00,2024-09-20 08:00:00,8.44074
CAISO SP15,USA,2024-09-20 17:00:00,2024-09-20 09:00:00,10.0
CAISO SP15,USA,2024-09-20 18:00:00,2024-09-20 10:00:00,9.80227
CAISO SP15,USA,2024-09-20 19:00:00,2024-09-20 11:00:00,9.91957
CAISO SP15,USA,2024-09-20 20:00:00,2024-09-20 12:00:00,9.681
CAISO SP15,USA,2024-09-20 21:00:00,2024-09-20 13:00:00,10.31494
CAISO SP15,USA,2024-09-20 22:00:00,2024-09-20 14:00:00,11.08334
CAISO SP15,USA,2024-09-20 23:00:00,2024-09-20 15:00:00,22.10124
CAISO SP15,USA,2024-09-21 00:00:00,2024-09-20 16:00:00,37.33825
CAISO SP15,USA,2024-09-21 01:00:00,2024-09-20 17:00:00,39.08193
CAISO SP15,USA,2024-09-21 02:00:00,2024-09-20 18:00:00,39.08445
CAISO SP15,USA,2024-09-21 03:00:00,2024-09-20 19:00:00,38.38299
CAISO SP15,USA,2024-09-21 04:00:00,2024-09-20 20:00:00,38.07728
CAISO SP15,USA,2024-09-21 05:00:00,2024-09-20 21:00:00,37.63555
CAISO SP15,USA,2024-09-21 06:00:00,2024-09-20 22:00:00,35.72638
CAISO SP15,USA,2024-09-21 07:00:00,2024-09-20 23:00:00,35.34187
CAISO SP15,USA,2024-09-21 08:00:00,2024-09-21 00:00:00,35.78702
CAISO SP15,USA,2024-09-21 09:00:00,2024-09-21 01:00:00,33.57691
CAISO SP15,USA,2024-09-21 10:00:00,2024-09-21 02:00:00,32.16502
CAISO SP15,USA,2024-09-21 11:00:00,2024-09-21 03:00:00,33.0
CAISO SP15,USA,2024-09-21 12:00:00,2024-09-21 04:00:00,33.47539
CAISO SP15,USA,2024-09-21 13:00:00,2024-09-21 05:00:00,35.99257
CAISO SP15,USA,2024-09-21 14:00:00,2024-09-21 06:00:00,25.23122
CAISO SP15,USA,2024-09-21 15:00:00,2024-09-21 07:00:00,-1.12248
CAISO SP15,USA,2024-09-21 16:00:00,2024-09-21 08:00:00,-3.29118
CAISO SP15,USA,2024-09-21 17:00:00,2024-09-21 09:00:00,-2.61363
CAISO SP15,USA,2024-09-21 18:00:00,2024-09-21 10:00:00,-3.09819
CAISO SP15,USA,2024-09-21 19:00:00,2024-09-21 11:00:00,-2.64332
CAISO SP15,USA,2024-09-21 20:00:00,2024-09-21 12:00:00,-3.52476
CAISO SP15,USA,2024-09-21 21:00:00,2024-09-21 13:00:00,-1.16869
CAISO SP15,USA,2024-09-21 22:00:00,2024-09-21 14:00:00,-1.55169
CAISO SP15,USA,2024-09-21 23:00:00,2024-09-21 15:00:00,8.65
CAISO SP15,USA,2024-09-22 00:00:00,2024-09-21 16:00:00,32.06824
CAISO SP15,USA,2024-09-22 01:00:00,2024-09-21 17:00:00,40.33044
CAISO SP15,USA,2024-09-22 02:00:00,2024-09-21 18:00:00,41.56784
CAISO SP15,USA,2024-09-22 03:00:00,2024-09-21 19:00:00,39.65838
CAISO SP15,USA,2024-09-22 04:00:00,2024-09-21 20:00:00,39.30881
CAISO SP15,USA,2024-09-22 05:00:00,2024-09-21 21:00:00,38.72332
CAISO SP15,USA,2024-09-22 06:00:00,2024-09-21 22:00:00,38.03419
CAISO SP15,USA,2024-09-22 07:00:00,2024-09-21 23:00:00,43.59651
CAISO SP15,USA,2024-09-22 08:00:00,2024-09-22 00:00:00,43.29168
CAISO SP15,USA,2024-09-22 09:00:00,2024-09-22 01:00:00,42.62373
CAISO SP15,USA,2024-09-22 10:00:00,2024-09-22 02:00:00,37.62267
CAISO SP15,USA,2024-09-22 11:00:00,2024-09-22 03:00:00,40.30669
CAISO SP15,USA,2024-09-22 12:00:00,2024-09-22 04:00:00,39.21186
CAISO SP15,USA,2024-09-22 13:00:00,2024-09-22 05:00:00,40.04996
CAISO SP15,USA,2024-09-22 14:00:00,2024-09-22 06:00:00,27.55259
CAISO SP15,USA,2024-09-22 15:00:00,2024-09-22 07:00:00,1.61
CAISO SP15,USA,2024-09-22 16:00:00,2024-09-22 08:00:00,-0.05485
CAISO SP15,USA,2024-09-22 17:00:00,2024-09-22 09:00:00,-0.30935
CAISO SP15,USA,2024-09-22 18:00:00,2024-09-22 10:00:00,-0.56886
CAISO SP15,USA,2024-09-22 19:00:00,2024-09-22 11:00:00,0.47149
CAISO SP15,USA,2024-09-22 20:00:00,2024-09-22 12:00:00,1.17499
CAISO SP15,USA,2024-09-22 21:00:00,2024-09-22 13:00:00,5.13998
CAISO SP15,USA,2024-09-22 22:00:00,2024-09-22 14:00:00,15.10272
CAISO SP15,USA,2024-09-22 23:00:00,2024-09-22 15:00:00,27.89975
CAISO SP15,USA,2024-09-23 00:00:00,2024-09-22 16:00:00,44.18551
CAISO SP15,USA,2024-09-23 01:00:00,2024-09-22 17:00:00,58.4472
CAISO SP15,USA,2024-09-23 02:00:00,2024-09-22 18:00:00,55.27046
CAISO SP15,USA,2024-09-23 03:00:00,2024-09-22 19:00:00,44.28
CAISO SP15,USA,2024-09-23 04:00:00,2024-09-22 20:00:00,43.59984
CAISO SP15,USA,2024-09-23 05:00:00,2024-09-22 21:00:00,41.29816
CAISO SP15,USA,2024-09-23 06:00:00,2024-09-22 22:00:00,36.71279
CAISO SP15,USA,2024-09-23 07:00:00,2024-09-22 23:00:00,36.65505
CAISO SP15,USA,2024-09-23 08:00:00,2024-09-23 00:00:00,35.69907
CAISO SP15,USA,2024-09-23 09:00:00,2024-09-23 01:00:00,35.31204
CAISO SP15,USA,2024-09-23 10:00:00,2024-09-23 02:00:00,35.03375
CAISO SP15,USA,2024-09-23 11:00:00,2024-09-23 03:00:00,35.47816
CAISO SP15,USA,2024-09-23 12:00:00,2024-09-23 04:00:00,41.8708
CAISO SP15,USA,2024-09-23 13:00:00,2024-09-23 05:00:00,41.90763
CAISO SP15,USA,2024-09-23 14:00:00,2024-09-23 06:00:00,35.65299
CAISO SP15,USA,2024-09-23 15:00:00,2024-09-23 07:00:00,23.09778
CAISO SP15,USA,2024-09-23 16:00:00,2024-09-23 08:00:00,19.81773
CAISO SP15,USA,2024-09-23 17:00:00,2024-09-23 09:00:00,20.21637
CAISO SP15,USA,2024-09-23 18:00:00,2024-09-23 10:00:00,20.40092
CAISO SP15,USA,2024-09-23 19:00:00,2024-09-23 11:00:00,21.88697
CAISO SP15,USA,2024-09-23 20:00:00,2024-09-23 12:00:00,24.1213
CAISO SP15,USA,2024-09-23 21:00:00,2024-09-23 13:00:00,25.13247
CAISO SP15,USA,2024-09-23 22:00:00,2024-09-23 14:00:00,31.36216
CAISO SP15,USA,2024-09-23 23:00:00,2024-09-23 15:00:00,36.11986
CAISO SP15,USA,2024-09-24 00:00:00,2024-09-23 16:00:00,51.37081
CAISO SP15,USA,2024-09-24 01:00:00,2024-09-23 17:00:00,67.508
CAISO SP15,USA,2024-09-24 02:00:00,2024-09-23 18:00:00,61.99
CAISO SP15,USA,2024-09-24 03:00:00,2024-09-23 19:00:00,48.85967
CAISO SP15,USA,2024-09-24 04:00:00,2024-09-23 20:00:00,48.75247
CAISO SP15,USA,2024-09-24 05:00:00,2024-09-23 21:00:00,47.8
CAISO SP15,USA,2024-09-24 06:00:00,2024-09-23 22:00:00,40.84382
CAISO SP15,USA,2024-09-24 07:00:00,2024-09-23 23:00:00,37.1161
CAISO SP15,USA,2024-09-24 08:00:00,2024-09-24 00:00:00,36.99022
CAISO SP15,USA,2024-09-24 09:00:00,2024-09-24 01:00:00,35.80594
CAISO SP15,USA,2024-09-24 10:00:00,2024-09-24 02:00:00,35.59093
CAISO SP15,USA,2024-09-24 11:00:00,2024-09-24 03:00:00,35.52794
CAISO SP15,USA,2024-09-24 12:00:00,2024-09-24 04:00:00,39.09187
CAISO SP15,USA,2024-09-24 13:00:00,2024-09-24 05:00:00,43.21884
CAISO SP15,USA,2024-09-24 14:00:00,2024-09-24 06:00:00,36.79829
CAISO SP15,USA,2024-09-24 15:00:00,2024-09-24 07:00:00,19.92626
CAISO SP15,USA,2024-09-24 16:00:00,2024-09-24 08:00:00,18.4691
CAISO SP15,USA,2024-09-24 17:00:00,2024-09-24 09:00:00,17.70738
CAISO SP15,USA,2024-09-24 18:00:00,2024-09-24 10:00:00,18.33093
CAISO SP15,USA,2024-09-24 19:00:00,2024-09-24 11:00:00,19.12326
CAISO SP15,USA,2024-09-24 20:00:00,2024-09-24 12:00:00,19.41338
CAISO SP15,USA,2024-09-24 21:00:00,2024-09-24 13:00:00,23.08394
CAISO SP15,USA,2024-09-24 22:00:00,2024-09-24 14:00:00,28.2063
CAISO SP15,USA,2024-09-24 23:00:00,2024-09-24 15:00:00,35.82195
CAISO SP15,USA,2024-09-25 00:00:00,2024-09-24 16:00:00,49.49461
CAISO SP15,USA,2024-09-25 01:00:00,2024-09-24 17:00:00,69.29494
CAISO SP15,USA,2024-09-25 02:00:00,2024-09-24 18:00:00,57.03955
CAISO SP15,USA,2024-09-25 03:00:00,2024-09-24 19:00:00,46.633
CAISO SP15,USA,2024-09-25 04:00:00,2024-09-24 20:00:00,45.69443
CAISO SP15,USA,2024-09-25 05:00:00,2024-09-24 21:00:00,44.83151
CAISO SP15,USA,2024-09-25 06:00:00,2024-09-24 22:00:00,43.96478
CAISO SP15,USA,2024-09-25 07:00:00,2024-09-24 23:00:00,39.43223
CAISO SP15,USA,2024-09-25 08:00:00,2024-09-25 00:00:00,39.2785
CAISO SP15,USA,2024-09-25 09:00:00,2024-09-25 01:00:00,37.98904
CAISO SP15,USA,2024-09-25 10:00:00,2024-09-25 02:00:00,37.62012
CAISO SP15,USA,2024-09-25 11:00:00,2024-09-25 03:00:00,37.50084
CAISO SP15,USA,2024-09-25 12:00:00,2024-09-25 04:00:00,41.75309
CAISO SP15,USA,2024-09-25 13:00:00,2024-09-25 05:00:00,42.54491
CAISO SP15,USA,2024-09-25 14:00:00,2024-09-25 06:00:00,35.48714
CAISO SP15,USA,2024-09-25 15:00:00,2024-09-25 07:00:00,18.34254
CAISO SP15,USA,2024-09-25 16:00:00,2024-09-25 08:00:00,16.45761
CAISO SP15,USA,2024-09-25 17:00:00,2024-09-25 09:00:00,16.8748
CAISO SP15,USA,2024-09-25 18:00:00,2024-09-25 10:00:00,16.39515
CAISO SP15,USA,2024-09-25 19:00:00,2024-09-25 11:00:00,15.9963
CAISO SP15,USA,2024-09-25 20:00:00,2024-09-25 12:00:00,16.04964
CAISO SP15,USA,2024-09-25 21:00:00,2024-09-25 13:00:00,16.04808
CAISO SP15,USA,2024-09-25 22:00:00,2024-09-25 14:00:00,20.85622
CAISO SP15,USA,2024-09-25 23:00:00,2024-09-25 15:00:00,28.94277
CAISO SP15,USA,2024-09-26 00:00:00,2024-09-25 16:00:00,43.53801
CAISO SP15,USA,2024-09-26 01:00:00,2024-09-25 17:00:00,51.38589
CAISO SP15,USA,2024-09-26 02:00:00,2024-09-25 18:00:00,46.4498
CAISO SP15,USA,2024-09-26 03:00:00,2024-09-25 19:00:00,43.84587
CAISO SP15,USA,2024-09-26 04:00:00,2024-09-25 20:00:00,42.50233
CAISO SP15,USA,2024-09-26 05:00:00,2024-09-25 21:00:00,41.66617
CAISO SP15,USA,2024-09-26 06:00:00,2024-09-25 22:00:00,38.50567
CAISO SP15,USA,2024-09-26 07:00:00,2024-09-25 23:00:00,41.02
CAISO SP15,USA,2024-09-26 08:00:00,2024-09-26 00:00:00,38.21708
CAISO SP15,USA,2024-09-26 09:00:00,2024-09-26 01:00:00,38.02656
CAISO SP15,USA,2024-09-26 10:00:00,2024-09-26 02:00:00,37.67083
CAISO SP15,USA,2024-09-26 11:00:00,2024-09-26 03:00:00,38.84068
CAISO SP15,USA,2024-09-26 12:00:00,2024-09-26 04:00:00,44.48591
CAISO SP15,USA,2024-09-26 13:00:00,2024-09-26 05:00:00,44.85578
CAISO SP15,USA,2024-09-26 14:00:00,2024-09-26 06:00:00,38.05713
CAISO SP15,USA,2024-09-26 15:00:00,2024-09-26 07:00:00,21.37758
CAISO SP15,USA,2024-09-26 16:00:00,2024-09-26 08:00:00,17.13946
CAISO SP15,USA,2024-09-26 17:00:00,2024-09-26 09:00:00,16.32845
CAISO SP15,USA,2024-09-26 18:00:00,2024-09-26 10:00:00,16.74792
CAISO SP15,USA,2024-09-26 19:00:00,2024-09-26 11:00:00,16.23488
CAISO SP15,USA,2024-09-26 20:00:00,2024-09-26 12:00:00,16.25096
CAISO SP15,USA,2024-09-26 21:00:00,2024-09-26 13:00:00,19.45559
CAISO SP15,USA,2024-09-26 22:00:00,2024-09-26 14:00:00,23.29899
CAISO SP15,USA,2024-09-26 23:00:00,2024-09-26 15:00:00,34.16126
CAISO SP15,USA,2024-09-27 00:00:00,2024-09-26 16:00:00,45.01281
CAISO SP15,USA,2024-09-27 01:00:00,2024-09-26 17:00:00,59.24145
CAISO SP15,USA,2024-09-27 02:00:00,2024-09-26 18:00:00,49.96101
CAISO SP15,USA,2024-09-27 03:00:00,2024-09-26 19:00:00,45.68071
CAISO SP15,USA,2024-09-27 04:00:00,2024-09-26 20:00:00,45.27467
CAISO SP15,USA,2024-09-27 05:00:00,2024-09-26 21:00:00,45.11422
CAISO SP15,USA,2024-09-27 06:00:00,2024-09-26 22:00:00,44.23585
CAISO SP15,USA,2024-09-27 07:00:00,2024-09-26 23:00:00,36.38939
CAISO SP15,USA,2024-09-27 08:00:00,2024-09-27 00:00:00,36.05794
CAISO SP15,USA,2024-09-27 09:00:00,2024-09-27 01:00:00,36.18198
CAISO SP15,USA,2024-09-27 10:00:00,2024-09-27 02:00:00,36.2683
CAISO SP15,USA,2024-09-27 11:00:00,2024-09-27 03:00:00,36.32402
CAISO SP15,USA,2024-09-27 12:00:00,2024-09-27 04:00:00,40.78412
CAISO SP15,USA,2024-09-27 13:00:00,2024-09-27 05:00:00,43.31458
CAISO SP15,USA,2024-09-27 14:00:00,2024-09-27 06:00:00,39.55472
CAISO SP15,USA,2024-09-27 15:00:00,2024-09-27 07:00:00,22.65768
CAISO SP15,USA,2024-09-27 16:00:00,2024-09-27 08:00:00,21.45718
CAISO SP15,USA,2024-09-27 17:00:00,2024-09-27 09:00:00,19.03446
CAISO SP15,USA,2024-09-27 18:00:00,2024-09-27 10:00:00,19.38987
CAISO SP15,USA,2024-09-27 19:00:00,2024-09-27 11:00:00,20.30825
CAISO SP15,USA,2024-09-27 20:00:00,2024-09-27 12:00:00,19.9218
CAISO SP15,USA,2024-09-27 21:00:00,2024-09-27 13:00:00,21.02649
CAISO SP15,USA,2024-09-27 22:00:00,2024-09-27 14:00:00,30.54202
CAISO SP15,USA,2024-09-27 23:00:00,2024-09-27 15:00:00,36.87319
CAISO SP15,USA,2024-09-28 00:00:00,2024-09-27 16:00:00,49.32924
CAISO SP15,USA,2024-09-28 01:00:00,2024-09-27 17:00:00,61.56805
CAISO SP15,USA,2024-09-28 02:00:00,2024-09-27 18:00:00,54.16248
CAISO SP15,USA,2024-09-28 03:00:00,2024-09-27 19:00:00,49.42307
CAISO SP15,USA,2024-09-28 04:00:00,2024-09-27 20:00:00,48.42877
CAISO SP15,USA,2024-09-28 05:00:00,2024-09-27 21:00:00,45.43088
CAISO SP15,USA,2024-09-28 06:00:00,2024-09-27 22:00:00,42.15043
CAISO SP15,USA,2024-09-28 07:00:00,2024-09-27 23:00:00,41.77275
CAISO SP15,USA,2024-09-28 08:00:00,2024-09-28 00:00:00,40.8262
CAISO SP15,USA,2024-09-28 09:00:00,2024-09-28 01:00:00,40.47599
CAISO SP15,USA,2024-09-28 10:00:00,2024-09-28 02:00:00,39.99285
CAISO SP15,USA,2024-09-28 11:00:00,2024-09-28 03:00:00,32.4509
CAISO SP15,USA,2024-09-28 12:00:00,2024-09-28 04:00:00,40.18122
CAISO SP15,USA,2024-09-28 13:00:00,2024-09-28 05:00:00,40.78284
CAISO SP15,USA,2024-09-28 14:00:00,2024-09-28 06:00:00,33.17402
CAISO SP15,USA,2024-09-28 15:00:00,2024-09-28 07:00:00,14.94875
CAISO SP15,USA,2024-09-28 16:00:00,2024-09-28 08:00:00,10.08213
CAISO SP15,USA,2024-09-28 17:00:00,2024-09-28 09:00:00,11.68332
CAISO SP15,USA,2024-09-28 18:00:00,2024-09-28 10:00:00,11.69069
CAISO SP15,USA,2024-09-28 19:00:00,2024-09-28 11:00:00,13.12849
CAISO SP15,USA,2024-09-28 20:00:00,2024-09-28 12:00:00,14.20211
CAISO SP15,USA,2024-09-28 21:00:00,2024-09-28 13:00:00,14.61547
CAISO SP15,USA,2024-09-28 22:00:00,2024-09-28 14:00:00,22.79
CAISO SP15,USA,2024-09-28 23:00:00,2024-09-28 15:00:00,32.82405
CAISO SP15,USA,2024-09-29 00:00:00,2024-09-28 16:00:00,42.40342
CAISO SP15,USA,2024-09-29 01:00:00,2024-09-28 17:00:00,54.86811
CAISO SP15,USA,2024-09-29 02:00:00,2024-09-28 18:00:00,49.31169
CAISO SP15,USA,2024-09-29 03:00:00,2024-09-28 19:00:00,42.37044
CAISO SP15,USA,2024-09-29 04:00:00,2024-09-28 20:00:00,42.63691
CAISO SP15,USA,2024-09-29 05:00:00,2024-09-28 21:00:00,41.127
CAISO SP15,USA,2024-09-29 06:00:00,2024-09-28 22:00:00,38.54482
CAISO SP15,USA,2024-09-29 07:00:00,2024-09-28 23:00:00,37.08492
CAISO SP15,USA,2024-09-29 08:00:00,2024-09-29 00:00:00,36.90205
CAISO SP15,USA,2024-09-29 09:00:00,2024-09-29 01:00:00,36.69491
CAISO SP15,USA,2024-09-29 10:00:00,2024-09-29 02:00:00,36.41808
CAISO SP15,USA,2024-09-29 11:00:00,2024-09-29 03:00:00,35.80686
CAISO SP15,USA,2024-09-29 12:00:00,2024-09-29 04:00:00,37.09739
CAISO SP15,USA,2024-09-29 13:00:00,2024-09-29 05:00:00,39.15686
CAISO SP15,USA,2024-09-29 14:00:00,2024-09-29 06:00:00,30.09486
CAISO SP15,USA,2024-09-29 15:00:00,2024-09-29 07:00:00,5.38469
CAISO SP15,USA,2024-09-29 16:00:00,2024-09-29 08:00:00,-1.30779
CAISO SP15,USA,2024-09-29 17:00:00,2024-09-29 09:00:00,-0.39431
CAISO SP15,USA,2024-09-29 18:00:00,2024-09-29 10:00:00,-0.71763
CAISO SP15,USA,2024-09-29 19:00:00,2024-09-29 11:00:00,1.33094
CAISO SP15,USA,2024-09-29 20:00:00,2024-09-29 12:00:00,1.89593
CAISO SP15,USA,2024-09-29 21:00:00,2024-09-29 13:00:00,3.21562
CAISO SP15,USA,2024-09-29 22:00:00,2024-09-29 14:00:00,12.42535
CAISO SP15,USA,2024-09-29 23:00:00,2024-09-29 15:00:00,31.1266
CAISO SP15,USA,2024-09-30 00:00:00,2024-09-29 16:00:00,44.06068
CAISO SP15,USA,2024-09-30 01:00:00,2024-09-29 17:00:00,53.7619
CAISO SP15,USA,2024-09-30 02:00:00,2024-09-29 18:00:00,51.63351
CAISO SP15,USA,2024-09-30 03:00:00,2024-09-29 19:00:00,44.06007
CAISO SP15,USA,2024-09-30 04:00:00,2024-09-29 20:00:00,43.50397
CAISO SP15,USA,2024-09-30 05:00:00,2024-09-29 21:00:00,42.92077
CAISO SP15,USA,2024-09-30 06:00:00,2024-09-29 22:00:00,42.27041
CAISO SP15,USA,2024-09-30 07:00:00,2024-09-29 23:00:00,40.99353
CAISO SP15,USA,2024-09-30 08:00:00,2024-09-30 00:00:00,40.14783
CAISO SP15,USA,2024-09-30 09:00:00,2024-09-30 01:00:00,40.11994
CAISO SP15,USA,2024-09-30 10:00:00,2024-09-30 02:00:00,39.84765
CAISO SP15,USA,2024-09-30 11:00:00,2024-09-30 03:00:00,40.14698
CAISO SP15,USA,2024-09-30 12:00:00,2024-09-30 04:00:00,44.23994
CAISO SP15,USA,2024-09-30 13:00:00,2024-09-30 05:00:00,48.67238
CAISO SP15,USA,2024-09-30 14:00:00,2024-09-30 06:00:00,43.91756
CAISO SP15,USA,2024-09-30 15:00:00,2024-09-30 07:00:00,25.8226
CAISO SP15,USA,2024-09-30 16:00:00,2024-09-30 08:00:00,23.44626
CAISO SP15,USA,2024-09-30 17:00:00,2024-09-30 09:00:00,22.9778
CAISO SP15,USA,2024-09-30 18:00:00,2024-09-30 10:00:00,22.36719
CAISO SP15,USA,2024-09-30 19:00:00,2024-09-30 11:00:00,22.55862
CAISO SP15,USA,2024-09-30 20:00:00,2024-09-30 12:00:00,23.10784
CAISO SP15,USA,2024-09-30 21:00:00,2024-09-30 13:00:00,24.66261
CAISO SP15,USA,2024-09-30 22:00:00,2024-09-30 14:00:00,30.10116
CAISO SP15,USA,2024-09-30 23:00:00,2024-09-30 15:00:00,38.62156
CAISO SP15,USA,2024-10-01 00:00:00,2024-09-30 16:00:00,53.7307
CAISO SP15,USA,2024-10-01 01:00:00,2024-09-30 17:00:00,74.06304
CAISO SP15,USA,2024-10-01 02:00:00,2024-09-30 18:00:00,62.61115
CAISO SP15,USA,2024-10-01 03:00:00,2024-09-30 19:00:00,52.76972
CAISO SP15,USA,2024-10-01 04:00:00,2024-09-30 20:00:00,52.45621
CAISO SP15,USA,2024-10-01 05:00:00,2024-09-30 21:00:00,52.44006
CAISO SP15,USA,2024-10-01 06:00:00,2024-09-30 22:00:00,43.59083
CAISO SP15,USA,2024-10-01 07:00:00,2024-09-30 23:00:00,48.52506
CAISO SP15,USA,2024-10-01 08:00:00,2024-10-01 00:00:00,47.45246
CAISO SP15,USA,2024-10-01 09:00:00,2024-10-01 01:00:00,45.49419
CAISO SP15,USA,2024-10-01 10:00:00,2024-10-01 02:00:00,45.50449
CAISO SP15,USA,2024-10-01 11:00:00,2024-10-01 03:00:00,45.29457
CAISO SP15,USA,2024-10-01 12:00:00,2024-10-01 04:00:00,46.0
CAISO SP15,USA,2024-10-01 13:00:00,2024-10-01 05:00:00,55.29725
CAISO SP15,USA,2024-10-01 14:00:00,2024-10-01 06:00:00,48.23753
CAISO SP15,USA,2024-10-01 15:00:00,2024-10-01 07:00:00,31.84329
CAISO SP15,USA,2024-10-01 16:00:00,2024-10-01 08:00:00,22.81183
CAISO SP15,USA,2024-10-01 17:00:00,2024-10-01 09:00:00,20.5318
CAISO SP15,USA,2024-10-01 18:00:00,2024-10-01 10:00:00,23.64793
CAISO SP15,USA,2024-10-01 19:00:00,2024-10-01 11:00:00,25.25188
CAISO SP15,USA,2024-10-01 20:00:00,2024-10-01 12:00:00,28.41887
CAISO SP15,USA,2024-10-01 21:00:00,2024-10-01 13:00:00,30.75873
CAISO SP15,USA,2024-10-01 22:00:00,2024-10-01 14:00:00,44.71313
CAISO SP15,USA,2024-10-01 23:00:00,2024-10-01 15:00:00,50.88934
CAISO SP15,USA,2024-10-02 00:00:00,2024-10-01 16:00:00,69.21097
CAISO SP15,USA,2024-10-02 01:00:00,2024-10-01 17:00:00,139.38597
CAISO SP15,USA,2024-10-02 02:00:00,2024-10-01 18:00:00,75.64
CAISO SP15,USA,2024-10-02 03:00:00,2024-10-01 19:00:00,65.34489
CAISO SP15,USA,2024-10-02 04:00:00,2024-10-01 20:00:00,59.91719
CAISO SP15,USA,2024-10-02 05:00:00,2024-10-01 21:00:00,57.21116
CAISO SP15,USA,2024-10-02 06:00:00,2024-10-01 22:00:00,49.52314
CAISO SP15,USA,2024-10-02 07:00:00,2024-10-01 23:00:00,47.2078
CAISO SP15,USA,2024-10-02 08:00:00,2024-10-02 00:00:00,45.22844
CAISO SP15,USA,2024-10-02 09:00:00,2024-10-02 01:00:00,44.64481
CAISO SP15,USA,2024-10-02 10:00:00,2024-10-02 02:00:00,44.13592
CAISO SP15,USA,2024-10-02 11:00:00,2024-10-02 03:00:00,45.20491
CAISO SP15,USA,2024-10-02 12:00:00,2024-10-02 04:00:00,47.44491
CAISO SP15,USA,2024-10-02 13:00:00,2024-10-02 05:00:00,53.29221
CAISO SP15,USA,2024-10-02 14:00:00,2024-10-02 06:00:00,51.38559
CAISO SP15,USA,2024-10-02 15:00:00,2024-10-02 07:00:00,36.60749
CAISO SP15,USA,2024-10-02 16:00:00,2024-10-02 08:00:00,28.20361
CAISO SP15,USA,2024-10-02 17:00:00,2024-10-02 09:00:00,24.13475
CAISO SP15,USA,2024-10-02 18:00:00,2024-10-02 10:00:00,22.8941
CAISO SP15,USA,2024-10-02 19:00:00,2024-10-02 11:00:00,32.13395
CAISO SP15,USA,2024-10-02 20:00:00,2024-10-02 12:00:00,33.01519
CAISO SP15,USA,2024-10-02 21:00:00,2024-10-02 13:00:00,35.72995
CAISO SP15,USA,2024-10-02 22:00:00,2024-10-02 14:00:00,44.74361
CAISO SP15,USA,2024-10-02 23:00:00,2024-10-02 15:00:00,48.94796
CAISO SP15,USA,2024-10-03 00:00:00,2024-10-02 16:00:00,94.48674
CAISO SP15,USA,2024-10-03 01:00:00,2024-10-02 17:00:00,157.9781
CAISO SP15,USA,2024-10-03 02:00:00,2024-10-02 18:00:00,77.17048
CAISO SP15,USA,2024-10-03 03:00:00,2024-10-02 19:00:00,67.63528
CAISO SP15,USA,2024-10-03 04:00:00,2024-10-02 20:00:00,63.89521
CAISO SP15,USA,2024-10-03 05:00:00,2024-10-02 21:00:00,58.91044
CAISO SP15,USA,2024-10-03 06:00:00,2024-10-02 22:00:00,51.22074
CAISO SP15,USA,2024-10-03 07:00:00,2024-10-02 23:00:00,47.57631
CAISO SP15,USA,2024-10-03 08:00:00,2024-10-03 00:00:00,44.49259
CAISO SP15,USA,2024-10-03 09:00:00,2024-10-03 01:00:00,43.78595
CAISO SP15,USA,2024-10-03 10:00:00,2024-10-03 02:00:00,43.39053
CAISO SP15,USA,2024-10-03 11:00:00,2024-10-03 03:00:00,43.30978
CAISO SP15,USA,2024-10-03 12:00:00,2024-10-03 04:00:00,44.45008
CAISO SP15,USA,2024-10-03 13:00:00,2024-10-03 05:00:00,51.29147
CAISO SP15,USA,2024-10-03 14:00:00,2024-10-03 06:00:00,50.50811
CAISO SP15,USA,2024-10-03 15:00:00,2024-10-03 07:00:00,38.28594
CAISO SP15,USA,2024-10-03 16:00:00,2024-10-03 08:00:00,33.31292
CAISO SP15,USA,2024-10-03 17:00:00,2024-10-03 09:00:00,32.79312
CAISO SP15,USA,2024-10-03 18:00:00,2024-10-03 10:00:00,34.64014
CAISO SP15,USA,2024-10-03 19:00:00,2024-10-03 11:00:00,35.71158
CAISO SP15,USA,2024-10-03 20:00:00,2024-10-03 12:00:00,36.51039
CAISO SP15,USA,2024-10-03 21:00:00,2024-10-03 13:00:00,33.9171
CAISO SP15,USA,2024-10-03 22:00:00,2024-10-03 14:00:00,41.55375
CAISO SP15,USA,2024-10-03 23:00:00,2024-10-03 15:00:00,47.65682
CAISO SP15,USA,2024-10-04 00:00:00,2024-10-03 16:00:00,61.89255
CAISO SP15,USA,2024-10-04 01:00:00,2024-10-03 17:00:00,93.41884
CAISO SP15,USA,2024-10-04 02:00:00,2024-10-03 18:00:00,66.88039
CAISO SP15,USA,2024-10-04 03:00:00,2024-10-03 19:00:00,61.97681
CAISO SP15,USA,2024-10-04 04:00:00,2024-10-03 20:00:00,62.84778
CAISO SP15,USA,2024-10-04 05:00:00,2024-10-03 21:00:00,52.19046
CAISO SP15,USA,2024-10-04 06:00:00,2024-10-03 22:00:00,50.59746
CAISO SP15,USA,2024-10-04 07:00:00,2024-10-03 23:00:00,48.47623
CAISO SP15,USA,2024-10-04 08:00:00,2024-10-04 00:00:00,46.8999
CAISO SP15,USA,2024-10-04 09:00:00,2024-10-04 01:00:00,46.61228
CAISO SP15,USA,2024-10-04 10:00:00,2024-10-04 02:00:00,46.59017
CAISO SP15,USA,2024-10-04 11:00:00,2024-10-04 03:00:00,46.66975
CAISO SP15,USA,2024-10-04 12:00:00,2024-10-04 04:00:00,48.51743
CAISO SP15,USA,2024-10-04 13:00:00,2024-10-04 05:00:00,55.25894
CAISO SP15,USA,2024-10-04 14:00:00,2024-10-04 06:00:00,48.3965
CAISO SP15,USA,2024-10-04 15:00:00,2024-10-04 07:00:00,31.88139
CAISO SP15,USA,2024-10-04 16:00:00,2024-10-04 08:00:00,28.55646
CAISO SP15,USA,2024-10-04 17:00:00,2024-10-04 09:00:00,25.23069
CAISO SP15,USA,2024-10-04 18:00:00,2024-10-04 10:00:00,29.55202
CAISO SP15,USA,2024-10-04 19:00:00,2024-10-04 11:00:00,29.87264
CAISO SP15,USA,2024-10-04 20:00:00,2024-10-04 12:00:00,30.11057
CAISO SP15,USA,2024-10-04 21:00:00,2024-10-04 13:00:00,28.82935
CAISO SP15,USA,2024-10-04 22:00:00,2024-10-04 14:00:00,38.89772
CAISO SP15,USA,2024-10-04 23:00:00,2024-10-04 15:00:00,38.34005
CAISO SP15,USA,2024-10-05 00:00:00,2024-10-04 16:00:00,40.78432
CAISO SP15,USA,2024-10-05 01:00:00,2024-10-04 17:00:00,63.26884
CAISO SP15,USA,2024-10-05 02:00:00,2024-10-04 18:00:00,58.58636
CAISO SP15,USA,2024-10-05 03:00:00,2024-10-04 19:00:00,62.82448
CAISO SP15,USA,2024-10-05 04:00:00,2024-10-04 20:00:00,62.29733
CAISO SP15,USA,2024-10-05 05:00:00,2024-10-04 21:00:00,56.86215
CAISO SP15,USA,2024-10-05 06:00:00,2024-10-04 22:00:00,53.49508
CAISO SP15,USA,2024-10-05 07:00:00,2024-10-04 23:00:00,51.53639
CAISO SP15,USA,2024-10-05 08:00:00,2024-10-05 00:00:00,50.54959
CAISO SP15,USA,2024-10-05 09:00:00,2024-10-05 01:00:00,48.95877
CAISO SP15,USA,2024-10-05 10:00:00,2024-10-05 02:00:00,47.51407
CAISO SP15,USA,2024-10-05 11:00:00,2024-10-05 03:00:00,46.91287
CAISO SP15,USA,2024-10-05 12:00:00,2024-10-05 04:00:00,47.7469
CAISO SP15,USA,2024-10-05 13:00:00,2024-10-05 05:00:00,49.05756
CAISO SP15,USA,2024-10-05 14:00:00,2024-10-05 06:00:00,46.67001
CAISO SP15,USA,2024-10-05 15:00:00,2024-10-05 07:00:00,29.25809
CAISO SP15,USA,2024-10-05 16:00:00,2024-10-05 08:00:00,26.10029
CAISO SP15,USA,2024-10-05 17:00:00,2024-10-05 09:00:00,26.98567
CAISO SP15,USA,2024-10-05 18:00:00,2024-10-05 10:00:00,24.79563
CAISO SP15,USA,2024-10-05 19:00:00,2024-10-05 11:00:00,27.00262
CAISO SP15,USA,2024-10-05 20:00:00,2024-10-05 12:00:00,26.81703
CAISO SP15,USA,2024-10-05 21:00:00,2024-10-05 13:00:00,30.2151
CAISO SP15,USA,2024-10-05 22:00:00,2024-10-05 14:00:00,38.65804
CAISO SP15,USA,2024-10-05 23:00:00,2024-10-05 15:00:00,36.66112
CAISO SP15,USA,2024-10-06 00:00:00,2024-10-05 16:00:00,52.25128
CAISO SP15,USA,2024-10-06 01:00:00,2024-10-05 17:00:00,83.08712
CAISO SP15,USA,2024-10-06 02:00:00,2024-10-05 18:00:00,68.25316
CAISO SP15,USA,2024-10-06 03:00:00,2024-10-05 19:00:00,62.91435
CAISO SP15,USA,2024-10-06 04:00:00,2024-10-05 20:00:00,63.08026
CAISO SP15,USA,2024-10-06 05:00:00,2024-10-05 21:00:00,61.45355
CAISO SP15,USA,2024-10-06 06:00:00,2024-10-05 22:00:00,55.05371
CAISO SP15,USA,2024-10-06 07:00:00,2024-10-05 23:00:00,52.62634
CAISO SP15,USA,2024-10-06 08:00:00,2024-10-06 00:00:00,49.912
CAISO SP15,USA,2024-10-06 09:00:00,2024-10-06 01:00:00,48.95931
CAISO SP15,USA,2024-10-06 10:00:00,2024-10-06 02:00:00,48.97337
CAISO SP15,USA,2024-10-06 11:00:00,2024-10-06 03:00:00,48.44802
CAISO SP15,USA,2024-10-06 12:00:00,2024-10-06 04:00:00,48.25032
CAISO SP15,USA,2024-10-06 13:00:00,2024-10-06 05:00:00,48.96657
CAISO SP15,USA,2024-10-06 14:00:00,2024-10-06 06:00:00,46.08815
CAISO SP15,USA,2024-10-06 15:00:00,2024-10-06 07:00:00,26.76667
CAISO SP15,USA,2024-10-06 16:00:00,2024-10-06 08:00:00,23.86286
CAISO SP15,USA,2024-10-06 17:00:00,2024-10-06 09:00:00,24.57787
CAISO SP15,USA,2024-10-06 18:00:00,2024-10-06 10:00:00,24.95586
CAISO SP15,USA,2024-10-06 19:00:00,2024-10-06 11:00:00,26.11303
CAISO SP15,USA,2024-10-06 20:00:00,2024-10-06 12:00:00,28.83605
CAISO SP15,USA,2024-10-06 21:00:00,2024-10-06 13:00:00,35.76084
CAISO SP15,USA,2024-10-06 22:00:00,2024-10-06 14:00:00,42.64258
CAISO SP15,USA,2024-10-06 23:00:00,2024-10-06 15:00:00,54.48981
CAISO SP15,USA,2024-10-07 00:00:00,2024-10-06 16:00:00,64.9981
CAISO SP15,USA,2024-10-07 01:00:00,2024-10-06 17:00:00,128.63475
CAISO SP15,USA,2024-10-07 02:00:00,2024-10-06 18:00:00,75.77861
CAISO SP15,USA,2024-10-07 03:00:00,2024-10-06 19:00:00,73.33919
CAISO SP15,USA,2024-10-07 04:00:00,2024-10-06 20:00:00,72.20173
CAISO SP15,USA,2024-10-07 05:00:00,2024-10-06 21:00:00,68.10102
CAISO SP15,USA,2024-10-07 06:00:00,2024-10-06 22:00:00,58.01
CAISO SP15,USA,2024-10-07 07:00:00,2024-10-06 23:00:00,46.50153
CAISO SP15,USA,2024-10-07 08:00:00,2024-10-07 00:00:00,46.41742
CAISO SP15,USA,2024-10-07 09:00:00,2024-10-07 01:00:00,46.72967
CAISO SP15,USA,2024-10-07 10:00:00,2024-10-07 02:00:00,46.71639
CAISO SP15,USA,2024-10-07 11:00:00,2024-10-07 03:00:00,46.59
CAISO SP15,USA,2024-10-07 12:00:00,2024-10-07 04:00:00,47.11377
CAISO SP15,USA,2024-10-07 13:00:00,2024-10-07 05:00:00,58.92851
CAISO SP15,USA,2024-10-07 14:00:00,2024-10-07 06:00:00,55.31297
CAISO SP15,USA,2024-10-07 15:00:00,2024-10-07 07:00:00,43.01609
CAISO SP15,USA,2024-10-07 16:00:00,2024-10-07 08:00:00,38.5065
CAISO SP15,USA,2024-10-07 17:00:00,2024-10-07 09:00:00,38.56358
CAISO SP15,USA,2024-10-07 18:00:00,2024-10-07 10:00:00,38.63568
CAISO SP15,USA,2024-10-07 19:00:00,2024-10-07 11:00:00,39.0
CAISO SP15,USA,2024-10-07 20:00:00,2024-10-07 12:00:00,40.12382
CAISO SP15,USA,2024-10-07 21:00:00,2024-10-07 13:00:00,42.38284
CAISO SP15,USA,2024-10-07 22:00:00,2024-10-07 14:00:00,50.0
CAISO SP15,USA,2024-10-07 23:00:00,2024-10-07 15:00:00,51.42737
CAISO SP15,USA,2024-10-08 00:00:00,2024-10-07 16:00:00,103.1444
CAISO SP15,USA,2024-10-08 01:00:00,2024-10-07 17:00:00,155.75792
CAISO SP15,USA,2024-10-08 02:00:00,2024-10-07 18:00:00,89.0
CAISO SP15,USA,2024-10-08 03:00:00,2024-10-07 19:00:00,76.74931
CAISO SP15,USA,2024-10-08 04:00:00,2024-10-07 20:00:00,72.99814
CAISO SP15,USA,2024-10-08 05:00:00,2024-10-07 21:00:00,54.49557
CAISO SP15,USA,2024-10-08 06:00:00,2024-10-07 22:00:00,48.62624
CAISO SP15,USA,2024-10-08 07:00:00,2024-10-07 23:00:00,46.10551
CAISO SP15,USA,2024-10-08 08:00:00,2024-10-08 00:00:00,42.79871
CAISO SP15,USA,2024-10-08 09:00:00,2024-10-08 01:00:00,42.48277
CAISO SP15,USA,2024-10-08 10:00:00,2024-10-08 02:00:00,42.1458
CAISO SP15,USA,2024-10-08 11:00:00,2024-10-08 03:00:00,42.11529
CAISO SP15,USA,2024-10-08 12:00:00,2024-10-08 04:00:00,42.92914
CAISO SP15,USA,2024-10-08 13:00:00,2024-10-08 05:00:00,52.89255
CAISO SP15,USA,2024-10-08 14:00:00,2024-10-08 06:00:00,49.01175
CAISO SP15,USA,2024-10-08 15:00:00,2024-10-08 07:00:00,38.0
CAISO SP15,USA,2024-10-08 16:00:00,2024-10-08 08:00:00,32.83952
CAISO SP15,USA,2024-10-08 17:00:00,2024-10-08 09:00:00,26.69108
CAISO SP15,USA,2024-10-08 18:00:00,2024-10-08 10:00:00,31.2739
CAISO SP15,USA,2024-10-08 19:00:00,2024-10-08 11:00:00,31.60629
CAISO SP15,USA,2024-10-08 20:00:00,2024-10-08 12:00:00,32.75692
CAISO SP15,USA,2024-10-08 21:00:00,2024-10-08 13:00:00,33.80481
CAISO SP15,USA,2024-10-08 22:00:00,2024-10-08 14:00:00,38.57054
CAISO SP15,USA,2024-10-08 23:00:00,2024-10-08 15:00:00,50.0
CAISO SP15,USA,2024-10-09 00:00:00,2024-10-08 16:00:00,61.76219
CAISO SP15,USA,2024-10-09 01:00:00,2024-10-08 17:00:00,98.75172
CAISO SP15,USA,2024-10-09 02:00:00,2024-10-08 18:00:00,70.37674
CAISO SP15,USA,2024-10-09 03:00:00,2024-10-08 19:00:00,64.63666
CAISO SP15,USA,2024-10-09 04:00:00,2024-10-08 20:00:00,61.45972
CAISO SP15,USA,2024-10-09 05:00:00,2024-10-08 21:00:00,50.09395
CAISO SP15,USA,2024-10-09 06:00:00,2024-10-08 22:00:00,45.1858
CAISO SP15,USA,2024-10-09 07:00:00,2024-10-08 23:00:00,53.00518
CAISO SP15,USA,2024-10-09 08:00:00,2024-10-09 00:00:00,49.65446
CAISO SP15,USA,2024-10-09 09:00:00,2024-10-09 01:00:00,49.13916
CAISO SP15,USA,2024-10-09 10:00:00,2024-10-09 02:00:00,48.55438
CAISO SP15,USA,2024-10-09 11:00:00,2024-10-09 03:00:00,49.06008
CAISO SP15,USA,2024-10-09 12:00:00,2024-10-09 04:00:00,53.22942
CAISO SP15,USA,2024-10-09 13:00:00,2024-10-09 05:00:00,59.27052
CAISO SP15,USA,2024-10-09 14:00:00,2024-10-09 06:00:00,52.8354
CAISO SP15,USA,2024-10-09 15:00:00,2024-10-09 07:00:00,34.85608
CAISO SP15,USA,2024-10-09 16:00:00,2024-10-09 08:00:00,28.69298
CAISO SP15,USA,2024-10-09 17:00:00,2024-10-09 09:00:00,26.4919
CAISO SP15,USA,2024-10-09 18:00:00,2024-10-09 10:00:00,28.12455
CAISO SP15,USA,2024-10-09 19:00:00,2024-10-09 11:00:00,27.616
CAISO SP15,USA,2024-10-09 20:00:00,2024-10-09 12:00:00,28.22106
CAISO SP15,USA,2024-10-09 21:00:00,2024-10-09 13:00:00,30.0
CAISO SP15,USA,2024-10-09 22:00:00,2024-10-09 14:00:00,40.0
CAISO SP15,USA,2024-10-09 23:00:00,2024-10-09 15:00:00,50.39851
CAISO SP15,USA,2024-10-10 00:00:00,2024-10-09 16:00:00,75.76805
CAISO SP15,USA,2024-10-10 01:00:00,2024-10-09 17:00:00,102.44488
CAISO SP15,USA,2024-10-10 02:00:00,2024-10-09 18:00:00,70.31288
CAISO SP15,USA,2024-10-10 03:00:00,2024-10-09 19:00:00,65.33306
CAISO SP15,USA,2024-10-10 04:00:00,2024-10-09 20:00:00,66.90211
CAISO SP15,USA,2024-10-10 05:00:00,2024-10-09 21:00:00,64.81625
CAISO SP15,USA,2024-10-10 06:00:00,2024-10-09 22:00:00,58.0753
CAISO SP15,USA,2024-10-10 07:00:00,2024-10-09 23:00:00,48.36222
CAISO SP15,USA,2024-10-10 08:00:00,2024-10-10 00:00:00,47.08
CAISO SP15,USA,2024-10-10 09:00:00,2024-10-10 01:00:00,46.47273
CAISO SP15,USA,2024-10-10 10:00:00,2024-10-10 02:00:00,46.33723
CAISO SP15,USA,2024-10-10 11:00:00,2024-10-10 03:00:00,46.85074
CAISO SP15,USA,2024-10-10 12:00:00,2024-10-10 04:00:00,51.24431
CAISO SP15,USA,2024-10-10 13:00:00,2024-10-10 05:00:00,58.98546
CAISO SP15,USA,2024-10-10 14:00:00,2024-10-10 06:00:00,55.43354
CAISO SP15,USA,2024-10-10 15:00:00,2024-10-10 07:00:00,36.10498
CAISO SP15,USA,2024-10-10 16:00:00,2024-10-10 08:00:00,29.97797
CAISO SP15,USA,2024-10-10 17:00:00,2024-10-10 09:00:00,30.0
CAISO SP15,USA,2024-10-10 18:00:00,2024-10-10 10:00:00,29.26848
CAISO SP15,USA,2024-10-10 19:00:00,2024-10-10 11:00:00,31.39138
CAISO SP15,USA,2024-10-10 20:00:00,2024-10-10 12:00:00,32.08181
CAISO SP15,USA,2024-10-10 21:00:00,2024-10-10 13:00:00,32.95164
CAISO SP15,USA,2024-10-10 22:00:00,2024-10-10 14:00:00,39.05062
CAISO SP15,USA,2024-10-10 23:00:00,2024-10-10 15:00:00,53.53918
CAISO SP15,USA,2024-10-11 00:00:00,2024-10-10 16:00:00,76.2466
CAISO SP15,USA,2024-10-11 01:00:00,2024-10-10 17:00:00,81.83172
CAISO SP15,USA,2024-10-11 02:00:00,2024-10-10 18:00:00,66.90531
CAISO SP15,USA,2024-10-11 03:00:00,2024-10-10 19:00:00,64.39944
CAISO SP15,USA,2024-10-11 04:00:00,2024-10-10 20:00:00,63.47477
CAISO SP15,USA,2024-10-11 05:00:00,2024-10-10 21:00:00,56.93867
CAISO SP15,USA,2024-10-11 06:00:00,2024-10-10 22:00:00,50.00936
CAISO SP15,USA,2024-10-11 07:00:00,2024-10-10 23:00:00,45.55
CAISO SP15,USA,2024-10-11 08:00:00,2024-10-11 00:00:00,43.88
CAISO SP15,USA,2024-10-11 09:00:00,2024-10-11 01:00:00,43.33528
CAISO SP15,USA,2024-10-11 10:00:00,2024-10-11 02:00:00,43.17
CAISO SP15,USA,2024-10-11 11:00:00,2024-10-11 03:00:00,43.88
CAISO SP15,USA,2024-10-11 12:00:00,2024-10-11 04:00:00,46.72881
CAISO SP15,USA,2024-10-11 13:00:00,2024-10-11 05:00:00,52.62432
CAISO SP15,USA,2024-10-11 14:00:00,2024-10-11 06:00:00,47.21255
CAISO SP15,USA,2024-10-11 15:00:00,2024-10-11 07:00:00,33.77205
CAISO SP15,USA,2024-10-11 16:00:00,2024-10-11 08:00:00,27.06871
CAISO SP15,USA,2024-10-11 17:00:00,2024-10-11 09:00:00,24.0
CAISO SP15,USA,2024-10-11 18:00:00,2024-10-11 10:00:00,20.73118
CAISO SP15,USA,2024-10-11 19:00:00,2024-10-11 11:00:00,29.98942
CAISO SP15,USA,2024-10-11 20:00:00,2024-10-11 12:00:00,28.74377
CAISO SP15,USA,2024-10-11 21:00:00,2024-10-11 13:00:00,31.11874
CAISO SP15,USA,2024-10-11 22:00:00,2024-10-11 14:00:00,35.43598
CAISO SP15,USA,2024-10-11 23:00:00,2024-10-11 15:00:00,43.09972
CAISO SP15,USA,2024-10-12 00:00:00,2024-10-11 16:00:00,57.94694
CAISO SP15,USA,2024-10-12 01:00:00,2024-10-11 17:00:00,60.26487
CAISO SP15,USA,2024-10-12 02:00:00,2024-10-11 18:00:00,55.33936
CAISO SP15,USA,2024-10-12 03:00:00,2024-10-11 19:00:00,54.37322
CAISO SP15,USA,2024-10-12 04:00:00,2024-10-11 20:00:00,54.04864
CAISO SP15,USA,2024-10-12 05:00:00,2024-10-11 21:00:00,50.86004
CAISO SP15,USA,2024-10-12 06:00:00,2024-10-11 22:00:00,46.48438
CAISO SP15,USA,2024-10-12 07:00:00,2024-10-11 23:00:00,45.00322
CAISO SP15,USA,2024-10-12 08:00:00,2024-10-12 00:00:00,44.39788
CAISO SP15,USA,2024-10-12 09:00:00,2024-10-12 01:00:00,43.91562
CAISO SP15,USA,2024-10-12 10:00:00,2024-10-12 02:00:00,40.75087
CAISO SP15,USA,2024-10-12 11:00:00,2024-10-12 03:00:00,42.29317
CAISO SP15,USA,2024-10-12 12:00:00,2024-10-12 04:00:00,43.05527
CAISO SP15,USA,2024-10-12 13:00:00,2024-10-12 05:00:00,45.21653
CAISO SP15,USA,2024-10-12 14:00:00,2024-10-12 06:00:00,34.31779
CAISO SP15,USA,2024-10-12 15:00:00,2024-10-12 07:00:00,10.18025
CAISO SP15,USA,2024-10-12 16:00:00,2024-10-12 08:00:00,2.16483
CAISO SP15,USA,2024-10-12 17:00:00,2024-10-12 09:00:00,0.0
CAISO SP15,USA,2024-10-12 18:00:00,2024-10-12 10:00:00,-0.01781
CAISO SP15,USA,2024-10-12 19:00:00,2024-10-12 11:00:00,1.07706
CAISO SP15,USA,2024-10-12 20:00:00,2024-10-12 12:00:00,1.24638
CAISO SP15,USA,2024-10-12 21:00:00,2024-10-12 13:00:00,1.44827
CAISO SP15,USA,2024-10-12 22:00:00,2024-10-12 14:00:00,5.6058
CAISO SP15,USA,2024-10-12 23:00:00,2024-10-12 15:00:00,26.22417
CAISO SP15,USA,2024-10-13 00:00:00,2024-10-12 16:00:00,44.56421
CAISO SP15,USA,2024-10-13 01:00:00,2024-10-12 17:00:00,45.47738
CAISO SP15,USA,2024-10-13 02:00:00,2024-10-12 18:00:00,45.87099
CAISO SP15,USA,2024-10-13 03:00:00,2024-10-12 19:00:00,45.46983
CAISO SP15,USA,2024-10-13 04:00:00,2024-10-12 20:00:00,45.20696
CAISO SP15,USA,2024-10-13 05:00:00,2024-10-12 21:00:00,44.47783
CAISO SP15,USA,2024-10-13 06:00:00,2024-10-12 22:00:00,40.64075
CAISO SP15,USA,2024-10-13 07:00:00,2024-10-12 23:00:00,37.93763
CAISO SP15,USA,2024-10-13 08:00:00,2024-10-13 00:00:00,37.54442
CAISO SP15,USA,2024-10-13 09:00:00,2024-10-13 01:00:00,37.51675
CAISO SP15,USA,2024-10-13 10:00:00,2024-10-13 02:00:00,36.02917
CAISO SP15,USA,2024-10-13 11:00:00,2024-10-13 03:00:00,37.48118
CAISO SP15,USA,2024-10-13 12:00:00,2024-10-13 04:00:00,37.52889
CAISO SP15,USA,2024-10-13 13:00:00,2024-10-13 05:00:00,40.29623
CAISO SP15,USA,2024-10-13 14:00:00,2024-10-13 06:00:00,27.47453
CAISO SP15,USA,2024-10-13 15:00:00,2024-10-13 07:00:00,-2.26525
CAISO SP15,USA,2024-10-13 16:00:00,2024-10-13 08:00:00,-6.76915
CAISO SP15,USA,2024-10-13 17:00:00,2024-10-13 09:00:00,-6.65147
CAISO SP15,USA,2024-10-13 18:00:00,2024-10-13 10:00:00,-6.08737
CAISO SP15,USA,2024-10-13 19:00:00,2024-10-13 11:00:00,-5.11882
CAISO SP15,USA,2024-10-13 20:00:00,2024-10-13 12:00:00,-5.11803
CAISO SP15,USA,2024-10-13 21:00:00,2024-10-13 13:00:00,-4.05826
CAISO SP15,USA,2024-10-13 22:00:00,2024-10-13 14:00:00,-3.77203
CAISO SP15,USA,2024-10-13 23:00:00,2024-10-13 15:00:00,20.80267
CAISO SP15,USA,2024-10-14 00:00:00,2024-10-13 16:00:00,43.93115
CAISO SP15,USA,2024-10-14 01:00:00,2024-10-13 17:00:00,47.75469
CAISO SP15,USA,2024-10-14 02:00:00,2024-10-13 18:00:00,45.17629
CAISO SP15,USA,2024-10-14 03:00:00,2024-10-13 19:00:00,44.99595
CAISO SP15,USA,2024-10-14 04:00:00,2024-10-13 20:00:00,45.02
CAISO SP15,USA,2024-10-14 05:00:00,2024-10-13 21:00:00,44.0572
CAISO SP15,USA,2024-10-14 06:00:00,2024-10-13 22:00:00,42.31796
CAISO SP15,USA,2024-10-14 07:00:00,2024-10-13 23:00:00,40.31131
CAISO SP15,USA,2024-10-14 08:00:00,2024-10-14 00:00:00,38.43109
CAISO SP15,USA,2024-10-14 09:00:00,2024-10-14 01:00:00,38.53926
CAISO SP15,USA,2024-10-14 10:00:00,2024-10-14 02:00:00,38.59588
CAISO SP15,USA,2024-10-14 11:00:00,2024-10-14 03:00:00,40.02429
CAISO SP15,USA,2024-10-14 12:00:00,2024-10-14 04:00:00,44.77332
CAISO SP15,USA,2024-10-14 13:00:00,2024-10-14 05:00:00,45.76808
CAISO SP15,USA,2024-10-14 14:00:00,2024-10-14 06:00:00,45.26305
CAISO SP15,USA,2024-10-14 15:00:00,2024-10-14 07:00:00,19.43202
CAISO SP15,USA,2024-10-14 16:00:00,2024-10-14 08:00:00,12.07778
CAISO SP15,USA,2024-10-14 17:00:00,2024-10-14 09:00:00,12.29956
CAISO SP15,USA,2024-10-14 18:00:00,2024-10-14 10:00:00,12.25296
CAISO SP15,USA,2024-10-14 19:00:00,2024-10-14 11:00:00,11.94202
CAISO SP15,USA,2024-10-14 20:00:00,2024-10-14 12:00:00,8.92589
CAISO SP15,USA,2024-10-14 21:00:00,2024-10-14 13:00:00,8.71244
CAISO SP15,USA,2024-10-14 22:00:00,2024-10-14 14:00:00,8.67114
CAISO SP15,USA,2024-10-14 23:00:00,2024-10-14 15:00:00,19.71437
CAISO SP15,USA,2024-10-15 00:00:00,2024-10-14 16:00:00,46.65294
CAISO SP15,USA,2024-10-15 01:00:00,2024-10-14 17:00:00,48.50551
CAISO SP15,USA,2024-10-15 02:00:00,2024-10-14 18:00:00,47.24888
CAISO SP15,USA,2024-10-15 03:00:00,2024-10-14 19:00:00,46.51328
CAISO SP15,USA,2024-10-15 04:00:00,2024-10-14 20:00:00,46.32474
CAISO SP15,USA,2024-10-15 05:00:00,2024-10-14 21:00:00,45.92229
CAISO SP15,USA,2024-10-15 06:00:00,2024-10-14 22:00:00,44.43604
CAISO SP15,USA,2024-10-15 07:00:00,2024-10-14 23:00:00,44.80157
CAISO SP15,USA,2024-10-15 08:00:00,2024-10-15 00:00:00,44.32596
CAISO SP15,USA,2024-10-15 09:00:00,2024-10-15 01:00:00,44.36851
CAISO SP15,USA,2024-10-15 10:00:00,2024-10-15 02:00:00,44.28016
CAISO SP15,USA,2024-10-15 11:00:00,2024-10-15 03:00:00,44.70651
CAISO SP15,USA,2024-10-15 12:00:00,2024-10-15 04:00:00,45.33114
CAISO SP15,USA,2024-10-15 13:00:00,2024-10-15 05:00:00,52.61561
CAISO SP15,USA,2024-10-15 14:00:00,2024-10-15 06:00:00,52.28312
CAISO SP15,USA,2024-10-15 15:00:00,2024-10-15 07:00:00,27.39747
CAISO SP15,USA,2024-10-15 16:00:00,2024-10-15 08:00:00,14.79452
CAISO SP15,USA,2024-10-15 17:00:00,2024-10-15 09:00:00,15.0
CAISO SP15,USA,2024-10-15 18:00:00,2024-10-15 10:00:00,13.46552
CAISO SP15,USA,2024-10-15 19:00:00,2024-10-15 11:00:00,13.29079
CAISO SP15,USA,2024-10-15 20:00:00,2024-10-15 12:00:00,12.8684
CAISO SP15,USA,2024-10-15 21:00:00,2024-10-15 13:00:00,14.65082
CAISO SP15,USA,2024-10-15 22:00:00,2024-10-15 14:00:00,16.02
CAISO SP15,USA,2024-10-15 23:00:00,2024-10-15 15:00:00,30.64
CAISO SP15,USA,2024-10-16 00:00:00,2024-10-15 16:00:00,49.96738
CAISO SP15,USA,2024-10-16 01:00:00,2024-10-15 17:00:00,53.72658
CAISO SP15,USA,2024-10-16 02:00:00,2024-10-15 18:00:00,50.25928
CAISO SP15,USA,2024-10-16 03:00:00,2024-10-15 19:00:00,49.5956
CAISO SP15,USA,2024-10-16 04:00:00,2024-10-15 20:00:00,49.02763
CAISO SP15,USA,2024-10-16 05:00:00,2024-10-15 21:00:00,46.12982
CAISO SP15,USA,2024-10-16 06:00:00,2024-10-15 22:00:00,44.95341
CAISO SP15,USA,2024-10-16 07:00:00,2024-10-15 23:00:00,45.0516
CAISO SP15,USA,2024-10-16 08:00:00,2024-10-16 00:00:00,42.77695
CAISO SP15,USA,2024-10-16 09:00:00,2024-10-16 01:00:00,40.90622
CAISO SP15,USA,2024-10-16 10:00:00,2024-10-16 02:00:00,41.06653
CAISO SP15,USA,2024-10-16 11:00:00,2024-10-16 03:00:00,40.91076
CAISO SP15,USA,2024-10-16 12:00:00,2024-10-16 04:00:00,44.34383
CAISO SP15,USA,2024-10-16 13:00:00,2024-10-16 05:00:00,48.53802
CAISO SP15,USA,2024-10-16 14:00:00,2024-10-16 06:00:00,44.02726
CAISO SP15,USA,2024-10-16 15:00:00,2024-10-16 07:00:00,24.4341
CAISO SP15,USA,2024-10-16 16:00:00,2024-10-16 08:00:00,17.24315
CAISO SP15,USA,2024-10-16 17:00:00,2024-10-16 09:00:00,18.31083
CAISO SP15,USA,2024-10-16 18:00:00,2024-10-16 10:00:00,17.37948
CAISO SP15,USA,2024-10-16 19:00:00,2024-10-16 11:00:00,18.14956
CAISO SP15,USA,2024-10-16 20:00:00,2024-10-16 12:00:00,18.26353
CAISO SP15,USA,2024-10-16 21:00:00,2024-10-16 13:00:00,18.11338
CAISO SP15,USA,2024-10-16 22:00:00,2024-10-16 14:00:00,19.4755
CAISO SP15,USA,2024-10-16 23:00:00,2024-10-16 15:00:00,27.36
CAISO SP15,USA,2024-10-17 00:00:00,2024-10-16 16:00:00,44.14999
CAISO SP15,USA,2024-10-17 01:00:00,2024-10-16 17:00:00,44.21368
CAISO SP15,USA,2024-10-17 02:00:00,2024-10-16 18:00:00,43.96395
CAISO SP15,USA,2024-10-17 03:00:00,2024-10-16 19:00:00,43.48777
CAISO SP15,USA,2024-10-17 04:00:00,2024-10-16 20:00:00,43.44344
CAISO SP15,USA,2024-10-17 05:00:00,2024-10-16 21:00:00,42.48601
CAISO SP15,USA,2024-10-17 06:00:00,2024-10-16 22:00:00,37.85621
CAISO SP15,USA,2024-10-17 07:00:00,2024-10-16 23:00:00,44.13762
CAISO SP15,USA,2024-10-17 08:00:00,2024-10-17 00:00:00,38.50898
CAISO SP15,USA,2024-10-17 09:00:00,2024-10-17 01:00:00,38.53507
CAISO SP15,USA,2024-10-17 10:00:00,2024-10-17 02:00:00,38.60635
CAISO SP15,USA,2024-10-17 11:00:00,2024-10-17 03:00:00,38.64071
CAISO SP15,USA,2024-10-17 12:00:00,2024-10-17 04:00:00,41.87678
CAISO SP15,USA,2024-10-17 13:00:00,2024-10-17 05:00:00,47.78352
CAISO SP15,USA,2024-10-17 14:00:00,2024-10-17 06:00:00,45.07298
CAISO SP15,USA,2024-10-17 15:00:00,2024-10-17 07:00:00,24.39009
CAISO SP15,USA,2024-10-17 16:00:00,2024-10-17 08:00:00,12.73189
CAISO SP15,USA,2024-10-17 17:00:00,2024-10-17 09:00:00,10.5028
CAISO SP15,USA,2024-10-17 18:00:00,2024-10-17 10:00:00,10.10192
CAISO SP15,USA,2024-10-17 19:00:00,2024-10-17 11:00:00,10.09601
CAISO SP15,USA,2024-10-17 20:00:00,2024-10-17 12:00:00,9.37227
CAISO SP15,USA,2024-10-17 21:00:00,2024-10-17 13:00:00,10.11219
CAISO SP15,USA,2024-10-17 22:00:00,2024-10-17 14:00:00,10.31383
CAISO SP15,USA,2024-10-17 23:00:00,2024-10-17 15:00:00,16.21098
CAISO SP15,USA,2024-10-18 00:00:00,2024-10-17 16:00:00,47.24149
CAISO SP15,USA,2024-10-18 01:00:00,2024-10-17 17:00:00,50.04753
CAISO SP15,USA,2024-10-18 02:00:00,2024-10-17 18:00:00,48.12198
CAISO SP15,USA,2024-10-18 03:00:00,2024-10-17 19:00:00,47.86646
CAISO SP15,USA,2024-10-18 04:00:00,2024-10-17 20:00:00,48.02546
CAISO SP15,USA,2024-10-18 05:00:00,2024-10-17 21:00:00,47.28734
CAISO SP15,USA,2024-10-18 06:00:00,2024-10-17 22:00:00,44.34317
CAISO SP15,USA,2024-10-18 07:00:00,2024-10-17 23:00:00,40.8084
CAISO SP15,USA,2024-10-18 08:00:00,2024-10-18 00:00:00,37.73657
CAISO SP15,USA,2024-10-18 09:00:00,2024-10-18 01:00:00,37.05781
CAISO SP15,USA,2024-10-18 10:00:00,2024-10-18 02:00:00,37.25064
CAISO SP15,USA,2024-10-18 11:00:00,2024-10-18 03:00:00,38.01418
CAISO SP15,USA,2024-10-18 12:00:00,2024-10-18 04:00:00,44.82338
CAISO SP15,USA,2024-10-18 13:00:00,2024-10-18 05:00:00,46.50422
CAISO SP15,USA,2024-10-18 14:00:00,2024-10-18 06:00:00,44.62886
CAISO SP15,USA,2024-10-18 15:00:00,2024-10-18 07:00:00,27.45
CAISO SP15,USA,2024-10-18 16:00:00,2024-10-18 08:00:00,13.28686
CAISO SP15,USA,2024-10-18 17:00:00,2024-10-18 09:00:00,12.03843
CAISO SP15,USA,2024-10-18 18:00:00,2024-10-18 10:00:00,12.11599
CAISO SP15,USA,2024-10-18 19:00:00,2024-10-18 11:00:00,12.40664
CAISO SP15,USA,2024-10-18 20:00:00,2024-10-18 12:00:00,12.66655
CAISO SP15,USA,2024-10-18 21:00:00,2024-10-18 13:00:00,12.0
CAISO SP15,USA,2024-10-18 22:00:00,2024-10-18 14:00:00,10.7791
CAISO SP15,USA,2024-10-18 23:00:00,2024-10-18 15:00:00,17.57857
CAISO SP15,USA,2024-10-19 00:00:00,2024-10-18 16:00:00,44.50666
CAISO SP15,USA,2024-10-19 01:00:00,2024-10-18 17:00:00,44.7795
CAISO SP15,USA,2024-10-19 02:00:00,2024-10-18 18:00:00,44.35644
CAISO SP15,USA,2024-10-19 03:00:00,2024-10-18 19:00:00,44.89063
CAISO SP15,USA,2024-10-19 04:00:00,2024-10-18 20:00:00,44.45047
CAISO SP15,USA,2024-10-19 05:00:00,2024-10-18 21:00:00,44.23952
CAISO SP15,USA,2024-10-19 06:00:00,2024-10-18 22:00:00,43.69126
CAISO SP15,USA,2024-10-19 07:00:00,2024-10-18 23:00:00,37.63972
CAISO SP15,USA,2024-10-19 08:00:00,2024-10-19 00:00:00,36.13822
CAISO SP15,USA,2024-10-19 09:00:00,2024-10-19 01:00:00,35.27119
CAISO SP15,USA,2024-10-19 10:00:00,2024-10-19 02:00:00,35.58819
CAISO SP15,USA,2024-10-19 11:00:00,2024-10-19 03:00:00,37.50451
CAISO SP15,USA,2024-10-19 12:00:00,2024-10-19 04:00:00,38.18459
CAISO SP15,USA,2024-10-19 13:00:00,2024-10-19 05:00:00,40.40534
CAISO SP15,USA,2024-10-19 14:00:00,2024-10-19 06:00:00,37.83944
CAISO SP15,USA,2024-10-19 15:00:00,2024-10-19 07:00:00,6.2549
CAISO SP15,USA,2024-10-19 16:00:00,2024-10-19 08:00:00,0.3327
CAISO SP15,USA,2024-10-19 17:00:00,2024-10-19 09:00:00,0.05629
CAISO SP15,USA,2024-10-19 18:00:00,2024-10-19 10:00:00,-2.00156
CAISO SP15,USA,2024-10-19 19:00:00,2024-10-19 11:00:00,-1.83469
CAISO SP15,USA,2024-10-19 20:00:00,2024-10-19 12:00:00,-3.12412
CAISO SP15,USA,2024-10-19 21:00:00,2024-10-19 13:00:00,-3.29407
CAISO SP15,USA,2024-10-19 22:00:00,2024-10-19 14:00:00,-0.5438
CAISO SP15,USA,2024-10-19 23:00:00,2024-10-19 15:00:00,10.1643
CAISO SP15,USA,2024-10-20 00:00:00,2024-10-19 16:00:00,41.94272
CAISO SP15,USA,2024-10-20 01:00:00,2024-10-19 17:00:00,43.48903
CAISO SP15,USA,2024-10-20 02:00:00,2024-10-19 18:00:00,43.1517
CAISO SP15,USA,2024-10-20 03:00:00,2024-10-19 19:00:00,42.8711
CAISO SP15,USA,2024-10-20 04:00:00,2024-10-19 20:00:00,42.82766
CAISO SP15,USA,2024-10-20 05:00:00,2024-10-19 21:00:00,42.3975
CAISO SP15,USA,2024-10-20 06:00:00,2024-10-19 22:00:00,41.3611
CAISO SP15,USA,2024-10-20 07:00:00,2024-10-19 23:00:00,37.61797
CAISO SP15,USA,2024-10-20 08:00:00,2024-10-20 00:00:00,37.20422
CAISO SP15,USA,2024-10-20 09:00:00,2024-10-20 01:00:00,36.08139
CAISO SP15,USA,2024-10-20 10:00:00,2024-10-20 02:00:00,35.44835
CAISO SP15,USA,2024-10-20 11:00:00,2024-10-20 03:00:00,37.34119
CAISO SP15,USA,2024-10-20 12:00:00,2024-10-20 04:00:00,37.429
CAISO SP15,USA,2024-10-20 13:00:00,2024-10-20 05:00:00,37.51309
CAISO SP15,USA,2024-10-20 14:00:00,2024-10-20 06:00:00,35.31211
CAISO SP15,USA,2024-10-20 15:00:00,2024-10-20 07:00:00,8.20277
CAISO SP15,USA,2024-10-20 16:00:00,2024-10-20 08:00:00,-1.12059
CAISO SP15,USA,2024-10-20 17:00:00,2024-10-20 09:00:00,-1.29072
CAISO SP15,USA,2024-10-20 18:00:00,2024-10-20 10:00:00,-1.47152
CAISO SP15,USA,2024-10-20 19:00:00,2024-10-20 11:00:00,-2.38558
CAISO SP15,USA,2024-10-20 20:00:00,2024-10-20 12:00:00,-0.55802
CAISO SP15,USA,2024-10-20 21:00:00,2024-10-20 13:00:00,-0.08985
CAISO SP15,USA,2024-10-20 22:00:00,2024-10-20 14:00:00,3.39863
CAISO SP15,USA,2024-10-20 23:00:00,2024-10-20 15:00:00,25.33989
CAISO SP15,USA,2024-10-21 00:00:00,2024-10-20 16:00:00,43.29386
CAISO SP15,USA,2024-10-21 01:00:00,2024-10-20 17:00:00,44.62405
CAISO SP15,USA,2024-10-21 02:00:00,2024-10-20 18:00:00,44.15571
CAISO SP15,USA,2024-10-21 03:00:00,2024-10-20 19:00:00,43.65643
CAISO SP15,USA,2024-10-21 04:00:00,2024-10-20 20:00:00,43.38283
CAISO SP15,USA,2024-10-21 05:00:00,2024-10-20 21:00:00,37.39113
CAISO SP15,USA,2024-10-21 06:00:00,2024-10-20 22:00:00,37.09381
CAISO SP15,USA,2024-10-21 07:00:00,2024-10-20 23:00:00,32.44748
CAISO SP15,USA,2024-10-21 08:00:00,2024-10-21 00:00:00,32.44415
CAISO SP15,USA,2024-10-21 09:00:00,2024-10-21 01:00:00,32.3737
CAISO SP15,USA,2024-10-21 10:00:00,2024-10-21 02:00:00,32.07499
CAISO SP15,USA,2024-10-21 11:00:00,2024-10-21 03:00:00,32.40902
CAISO SP15,USA,2024-10-21 12:00:00,2024-10-21 04:00:00,37.55702
CAISO SP15,USA,2024-10-21 13:00:00,2024-10-21 05:00:00,39.7003
CAISO SP15,USA,2024-10-21 14:00:00,2024-10-21 06:00:00,38.45937
CAISO SP15,USA,2024-10-21 15:00:00,2024-10-21 07:00:00,16.52266
CAISO SP15,USA,2024-10-21 16:00:00,2024-10-21 08:00:00,9.60921
CAISO SP15,USA,2024-10-21 17:00:00,2024-10-21 09:00:00,7.66453
CAISO SP15,USA,2024-10-21 18:00:00,2024-10-21 10:00:00,7.77569
CAISO SP15,USA,2024-10-21 19:00:00,2024-10-21 11:00:00,6.38614
CAISO SP15,USA,2024-10-21 20:00:00,2024-10-21 12:00:00,5.8593
CAISO SP15,USA,2024-10-21 21:00:00,2024-10-21 13:00:00,3.77791
CAISO SP15,USA,2024-10-21 22:00:00,2024-10-21 14:00:00,8.8651
CAISO SP15,USA,2024-10-21 23:00:00,2024-10-21 15:00:00,22.35842
CAISO SP15,USA,2024-10-22 00:00:00,2024-10-21 16:00:00,43.17089
CAISO SP15,USA,2024-10-22 01:00:00,2024-10-21 17:00:00,39.67996
CAISO SP15,USA,2024-10-22 02:00:00,2024-10-21 18:00:00,43.69183
CAISO SP15,USA,2024-10-22 03:00:00,2024-10-21 19:00:00,43.45004
CAISO SP15,USA,2024-10-22 04:00:00,2024-10-21 20:00:00,43.05035
CAISO SP15,USA,2024-10-22 05:00:00,2024-10-21 21:00:00,42.72892
CAISO SP15,USA,2024-10-22 06:00:00,2024-10-21 22:00:00,40.36541
CAISO SP15,USA,2024-10-22 07:00:00,2024-10-21 23:00:00,38.24297
CAISO SP15,USA,2024-10-22 08:00:00,2024-10-22 00:00:00,35.00004
CAISO SP15,USA,2024-10-22 09:00:00,2024-10-22 01:00:00,34.39555
CAISO SP15,USA,2024-10-22 10:00:00,2024-10-22 02:00:00,34.31663
CAISO SP15,USA,2024-10-22 11:00:00,2024-10-22 03:00:00,34.81591
CAISO SP15,USA,2024-10-22 12:00:00,2024-10-22 04:00:00,37.4648
CAISO SP15,USA,2024-10-22 13:00:00,2024-10-22 05:00:00,42.57614
CAISO SP15,USA,2024-10-22 14:00:00,2024-10-22 06:00:00,41.13797
CAISO SP15,USA,2024-10-22 15:00:00,2024-10-22 07:00:00,13.72255
CAISO SP15,USA,2024-10-22 16:00:00,2024-10-22 08:00:00,9.04514
CAISO SP15,USA,2024-10-22 17:00:00,2024-10-22 09:00:00,7.61535
CAISO SP15,USA,2024-10-22 18:00:00,2024-10-22 10:00:00,8.30051
CAISO SP15,USA,2024-10-22 19:00:00,2024-10-22 11:00:00,8.83224
CAISO SP15,USA,2024-10-22 20:00:00,2024-10-22 12:00:00,11.27136
CAISO SP15,USA,2024-10-22 21:00:00,2024-10-22 13:00:00,10.5885
CAISO SP15,USA,2024-10-22 22:00:00,2024-10-22 14:00:00,13.22
CAISO SP15,USA,2024-10-22 23:00:00,2024-10-22 15:00:00,29.53908
CAISO SP15,USA,2024-10-23 00:00:00,2024-10-22 16:00:00,46.26888
CAISO SP15,USA,2024-10-23 01:00:00,2024-10-22 17:00:00,54.67745
CAISO SP15,USA,2024-10-23 02:00:00,2024-10-22 18:00:00,47.7773
CAISO SP15,USA,2024-10-23 03:00:00,2024-10-22 19:00:00,45.70717
CAISO SP15,USA,2024-10-23 04:00:00,2024-10-22 20:00:00,46.07877
CAISO SP15,USA,2024-10-23 05:00:00,2024-10-22 21:00:00,44.65588
CAISO SP15,USA,2024-10-23 06:00:00,2024-10-22 22:00:00,38.07236
CAISO SP15,USA,2024-10-23 07:00:00,2024-10-22 23:00:00,38.82673
CAISO SP15,USA,2024-10-23 08:00:00,2024-10-23 00:00:00,40.80649
CAISO SP15,USA,2024-10-23 09:00:00,2024-10-23 01:00:00,37.10764
CAISO SP15,USA,2024-10-23 10:00:00,2024-10-23 02:00:00,37.16954
CAISO SP15,USA,2024-10-23 11:00:00,2024-10-23 03:00:00,37.18467
CAISO SP15,USA,2024-10-23 12:00:00,2024-10-23 04:00:00,41.8602
CAISO SP15,USA,2024-10-23 13:00:00,2024-10-23 05:00:00,43.8832
CAISO SP15,USA,2024-10-23 14:00:00,2024-10-23 06:00:00,42.1063
CAISO SP15,USA,2024-10-23 15:00:00,2024-10-23 07:00:00,21.61893
CAISO SP15,USA,2024-10-23 16:00:00,2024-10-23 08:00:00,12.49501
CAISO SP15,USA,2024-10-23 17:00:00,2024-10-23 09:00:00,13.14965
CAISO SP15,USA,2024-10-23 18:00:00,2024-10-23 10:00:00,13.06098
CAISO SP15,USA,2024-10-23 19:00:00,2024-10-23 11:00:00,14.67627
CAISO SP15,USA,2024-10-23 20:00:00,2024-10-23 12:00:00,14.72079
CAISO SP15,USA,2024-10-23 21:00:00,2024-10-23 13:00:00,14.95792
CAISO SP15,USA,2024-10-23 22:00:00,2024-10-23 14:00:00,19.04603
CAISO SP15,USA,2024-10-23 23:00:00,2024-10-23 15:00:00,30.99721
CAISO SP15,USA,2024-10-24 00:00:00,2024-10-23 16:00:00,48.42598
CAISO SP15,USA,2024-10-24 01:00:00,2024-10-23 17:00:00,51.00112
CAISO SP15,USA,2024-10-24 02:00:00,2024-10-23 18:00:00,44.3522
CAISO SP15,USA,2024-10-24 03:00:00,2024-10-23 19:00:00,41.66396
CAISO SP15,USA,2024-10-24 04:00:00,2024-10-23 20:00:00,40.66069
CAISO SP15,USA,2024-10-24 05:00:00,2024-10-23 21:00:00,37.07259
CAISO SP15,USA,2024-10-24 06:00:00,2024-10-23 22:00:00,36.4948
CAISO SP15,USA,2024-10-24 07:00:00,2024-10-23 23:00:00,38.19218
CAISO SP15,USA,2024-10-24 08:00:00,2024-10-24 00:00:00,36.58929
CAISO SP15,USA,2024-10-24 09:00:00,2024-10-24 01:00:00,35.94087
CAISO SP15,USA,2024-10-24 10:00:00,2024-10-24 02:00:00,35.60086
CAISO SP15,USA,2024-10-24 11:00:00,2024-10-24 03:00:00,36.69825
CAISO SP15,USA,2024-10-24 12:00:00,2024-10-24 04:00:00,40.88182
CAISO SP15,USA,2024-10-24 13:00:00,2024-10-24 05:00:00,45.21948
CAISO SP15,USA,2024-10-24 14:00:00,2024-10-24 06:00:00,47.43787
CAISO SP15,USA,2024-10-24 15:00:00,2024-10-24 07:00:00,21.1021
CAISO SP15,USA,2024-10-24 16:00:00,2024-10-24 08:00:00,9.47675
CAISO SP15,USA,2024-10-24 17:00:00,2024-10-24 09:00:00,11.36057
CAISO SP15,USA,2024-10-24 18:00:00,2024-10-24 10:00:00,12.02197
CAISO SP15,USA,2024-10-24 19:00:00,2024-10-24 11:00:00,12.50784
CAISO SP15,USA,2024-10-24 20:00:00,2024-10-24 12:00:00,11.14414
CAISO SP15,USA,2024-10-24 21:00:00,2024-10-24 13:00:00,15.97194
CAISO SP15,USA,2024-10-24 22:00:00,2024-10-24 14:00:00,17.6838
CAISO SP15,USA,2024-10-24 23:00:00,2024-10-24 15:00:00,29.31641
CAISO SP15,USA,2024-10-25 00:00:00,2024-10-24 16:00:00,51.85234
CAISO SP15,USA,2024-10-25 01:00:00,2024-10-24 17:00:00,56.55256
CAISO SP15,USA,2024-10-25 02:00:00,2024-10-24 18:00:00,52.40546
CAISO SP15,USA,2024-10-25 03:00:00,2024-10-24 19:00:00,51.45291
CAISO SP15,USA,2024-10-25 04:00:00,2024-10-24 20:00:00,49.28899
CAISO SP15,USA,2024-10-25 05:00:00,2024-10-24 21:00:00,44.42625
CAISO SP15,USA,2024-10-25 06:00:00,2024-10-24 22:00:00,42.0
CAISO SP15,USA,2024-10-25 07:00:00,2024-10-24 23:00:00,48.77943
CAISO SP15,USA,2024-10-25 08:00:00,2024-10-25 00:00:00,46.18627
CAISO SP15,USA,2024-10-25 09:00:00,2024-10-25 01:00:00,43.86378
CAISO SP15,USA,2024-10-25 10:00:00,2024-10-25 02:00:00,43.04264
CAISO SP15,USA,2024-10-25 11:00:00,2024-10-25 03:00:00,45.55008
CAISO SP15,USA,2024-10-25 12:00:00,2024-10-25 04:00:00,48.09645
CAISO SP15,USA,2024-10-25 13:00:00,2024-10-25 05:00:00,50.62703
CAISO SP15,USA,2024-10-25 14:00:00,2024-10-25 06:00:00,49.74792
CAISO SP15,USA,2024-10-25 15:00:00,2024-10-25 07:00:00,22.71957
CAISO SP15,USA,2024-10-25 16:00:00,2024-10-25 08:00:00,12.97181
CAISO SP15,USA,2024-10-25 17:00:00,2024-10-25 09:00:00,11.71788
CAISO SP15,USA,2024-10-25 18:00:00,2024-10-25 10:00:00,12.06209
CAISO SP15,USA,2024-10-25 19:00:00,2024-10-25 11:00:00,12.21579
CAISO SP15,USA,2024-10-25 20:00:00,2024-10-25 12:00:00,15.19162
CAISO SP15,USA,2024-10-25 21:00:00,2024-10-25 13:00:00,14.99604
CAISO SP15,USA,2024-10-25 22:00:00,2024-10-25 14:00:00,23.32288
CAISO SP15,USA,2024-10-25 23:00:00,2024-10-25 15:00:00,30.8727
CAISO SP15,USA,2024-10-26 00:00:00,2024-10-25 16:00:00,53.41853
CAISO SP15,USA,2024-10-26 01:00:00,2024-10-25 17:00:00,55.01526
CAISO SP15,USA,2024-10-26 02:00:00,2024-10-25 18:00:00,50.11054
CAISO SP15,USA,2024-10-26 03:00:00,2024-10-25 19:00:00,49.94816
CAISO SP15,USA,2024-10-26 04:00:00,2024-10-25 20:00:00,49.30838
CAISO SP15,USA,2024-10-26 05:00:00,2024-10-25 21:00:00,46.0882
CAISO SP15,USA,2024-10-26 06:00:00,2024-10-25 22:00:00,43.86163
CAISO SP15,USA,2024-10-26 07:00:00,2024-10-25 23:00:00,43.87266
CAISO SP15,USA,2024-10-26 08:00:00,2024-10-26 00:00:00,42.26899
CAISO SP15,USA,2024-10-26 09:00:00,2024-10-26 01:00:00,41.92342
CAISO SP15,USA,2024-10-26 10:00:00,2024-10-26 02:00:00,41.3958
CAISO SP15,USA,2024-10-26 11:00:00,2024-10-26 03:00:00,41.19326
CAISO SP15,USA,2024-10-26 12:00:00,2024-10-26 04:00:00,42.0
CAISO SP15,USA,2024-10-26 13:00:00,2024-10-26 05:00:00,44.03767
CAISO SP15,USA,2024-10-26 14:00:00,2024-10-26 06:00:00,41.95107
CAISO SP15,USA,2024-10-26 15:00:00,2024-10-26 07:00:00,30.89864
CAISO SP15,USA,2024-10-26 16:00:00,2024-10-26 08:00:00,13.93
CAISO SP15,USA,2024-10-26 17:00:00,2024-10-26 09:00:00,13.16556
CAISO SP15,USA,2024-10-26 18:00:00,2024-10-26 10:00:00,12.34652
CAISO SP15,USA,2024-10-26 19:00:00,2024-10-26 11:00:00,12.77842
CAISO SP15,USA,2024-10-26 20:00:00,2024-10-26 12:00:00,13.56354
CAISO SP15,USA,2024-10-26 21:00:00,2024-10-26 13:00:00,15.01574
CAISO SP15,USA,2024-10-26 22:00:00,2024-10-26 14:00:00,31.09386
CAISO SP15,USA,2024-10-26 23:00:00,2024-10-26 15:00:00,41.49501
CAISO SP15,USA,2024-10-27 00:00:00,2024-10-26 16:00:00,53.11007
CAISO SP15,USA,2024-10-27 01:00:00,2024-10-26 17:00:00,53.70139
CAISO SP15,USA,2024-10-27 02:00:00,2024-10-26 18:00:00,50.58102
CAISO SP15,USA,2024-10-27 03:00:00,2024-10-26 19:00:00,50.41335
CAISO SP15,USA,2024-10-27 04:00:00,2024-10-26 20:00:00,50.10505
CAISO SP15,USA,2024-10-27 05:00:00,2024-10-26 21:00:00,48.70512
CAISO SP15,USA,2024-10-27 06:00:00,2024-10-26 22:00:00,43.58578
CAISO SP15,USA,2024-10-27 07:00:00,2024-10-26 23:00:00,40.47419
CAISO SP15,USA,2024-10-27 08:00:00,2024-10-27 00:00:00,39.10426
CAISO SP15,USA,2024-10-27 09:00:00,2024-10-27 01:00:00,38.37279
CAISO SP15,USA,2024-10-27 10:00:00,2024-10-27 02:00:00,37.9645
CAISO SP15,USA,2024-10-27 11:00:00,2024-10-27 03:00:00,37.96976
CAISO SP15,USA,2024-10-27 12:00:00,2024-10-27 04:00:00,37.74673
CAISO SP15,USA,2024-10-27 13:00:00,2024-10-27 05:00:00,37.60339
CAISO SP15,USA,2024-10-27 14:00:00,2024-10-27 06:00:00,36.01112
CAISO SP15,USA,2024-10-27 15:00:00,2024-10-27 07:00:00,19.66342
CAISO SP15,USA,2024-10-27 16:00:00,2024-10-27 08:00:00,12.64
CAISO SP15,USA,2024-10-27 17:00:00,2024-10-27 09:00:00,8.80047
CAISO SP15,USA,2024-10-27 18:00:00,2024-10-27 10:00:00,7.92631
CAISO SP15,USA,2024-10-27 19:00:00,2024-10-27 11:00:00,7.78002
CAISO SP15,USA,2024-10-27 20:00:00,2024-10-27 12:00:00,7.84213
CAISO SP15,USA,2024-10-27 21:00:00,2024-10-27 13:00:00,9.57988
CAISO SP15,USA,2024-10-27 22:00:00,2024-10-27 14:00:00,13.18223
CAISO SP15,USA,2024-10-27 23:00:00,2024-10-27 15:00:00,35.14508
CAISO SP15,USA,2024-10-28 00:00:00,2024-10-27 16:00:00,40.69161
CAISO SP15,USA,2024-10-28 01:00:00,2024-10-27 17:00:00,40.90011
CAISO SP15,USA,2024-10-28 02:00:00,2024-10-27 18:00:00,39.57
CAISO SP15,USA,2024-10-28 03:00:00,2024-10-27 19:00:00,39.29452
CAISO SP15,USA,2024-10-28 04:00:00,2024-10-27 20:00:00,39.04133
CAISO SP15,USA,2024-10-28 05:00:00,2024-10-27 21:00:00,35.23762
CAISO SP15,USA,2024-10-28 06:00:00,2024-10-27 22:00:00,32.18776
CAISO SP15,USA,2024-10-28 07:00:00,2024-10-27 23:00:00,30.4791
CAISO SP15,USA,2024-10-28 08:00:00,2024-10-28 00:00:00,30.06519
CAISO SP15,USA,2024-10-28 09:00:00,2024-10-28 01:00:00,30.00481
CAISO SP15,USA,2024-10-28 10:00:00,2024-10-28 02:00:00,30.0007
CAISO SP15,USA,2024-10-28 11:00:00,2024-10-28 03:00:00,30.0171
CAISO SP15,USA,2024-10-28 12:00:00,2024-10-28 04:00:00,35.39302
CAISO SP15,USA,2024-10-28 13:00:00,2024-10-28 05:00:00,38.62481
CAISO SP15,USA,2024-10-28 14:00:00,2024-10-28 06:00:00,35.72188
CAISO SP15,USA,2024-10-28 15:00:00,2024-10-28 07:00:00,15.7188
CAISO SP15,USA,2024-10-28 16:00:00,2024-10-28 08:00:00,6.75509
CAISO SP15,USA,2024-10-28 17:00:00,2024-10-28 09:00:00,2.43183
CAISO SP15,USA,2024-10-28 18:00:00,2024-10-28 10:00:00,1.45471
CAISO SP15,USA,2024-10-28 19:00:00,2024-10-28 11:00:00,1.13476
CAISO SP15,USA,2024-10-28 20:00:00,2024-10-28 12:00:00,0.65406
CAISO SP15,USA,2024-10-28 21:00:00,2024-10-28 13:00:00,0.30347
CAISO SP15,USA,2024-10-28 22:00:00,2024-10-28 14:00:00,1.1277
CAISO SP15,USA,2024-10-28 23:00:00,2024-10-28 15:00:00,14.93873
CAISO SP15,USA,2024-10-29 00:00:00,2024-10-28 16:00:00,39.07913
CAISO SP15,USA,2024-10-29 01:00:00,2024-10-28 17:00:00,40.15185
CAISO SP15,USA,2024-10-29 02:00:00,2024-10-28 18:00:00,39.21453
CAISO SP15,USA,2024-10-29 03:00:00,2024-10-28 19:00:00,39.13429
CAISO SP15,USA,2024-10-29 04:00:00,2024-10-28 20:00:00,39.09679
CAISO SP15,USA,2024-10-29 05:00:00,2024-10-28 21:00:00,37.36973
CAISO SP15,USA,2024-10-29 06:00:00,2024-10-28 22:00:00,35.27748
CAISO SP15,USA,2024-10-29 07:00:00,2024-10-28 23:00:00,40.3674
CAISO SP15,USA,2024-10-29 08:00:00,2024-10-29 00:00:00,39.84279
CAISO SP15,USA,2024-10-29 09:00:00,2024-10-29 01:00:00,40.02513
CAISO SP15,USA,2024-10-29 10:00:00,2024-10-29 02:00:00,40.18934
CAISO SP15,USA,2024-10-29 11:00:00,2024-10-29 03:00:00,40.50975
CAISO SP15,USA,2024-10-29 12:00:00,2024-10-29 04:00:00,44.54546
CAISO SP15,USA,2024-10-29 13:00:00,2024-10-29 05:00:00,52.05831
CAISO SP15,USA,2024-10-29 14:00:00,2024-10-29 06:00:00,45.97751
CAISO SP15,USA,2024-10-29 15:00:00,2024-10-29 07:00:00,19.96197
CAISO SP15,USA,2024-10-29 16:00:00,2024-10-29 08:00:00,3.35215
CAISO SP15,USA,2024-10-29 17:00:00,2024-10-29 09:00:00,1.56681
CAISO SP15,USA,2024-10-29 18:00:00,2024-10-29 10:00:00,0.90694
CAISO SP15,USA,2024-10-29 19:00:00,2024-10-29 11:00:00,0.97666
CAISO SP15,USA,2024-10-29 20:00:00,2024-10-29 12:00:00,0.57101
CAISO SP15,USA,2024-10-29 21:00:00,2024-10-29 13:00:00,0.76623
CAISO SP15,USA,2024-10-29 22:00:00,2024-10-29 14:00:00,1.66855
CAISO SP15,USA,2024-10-29 23:00:00,2024-10-29 15:00:00,15.10546
CAISO SP15,USA,2024-10-30 00:00:00,2024-10-29 16:00:00,44.13288
CAISO SP15,USA,2024-10-30 01:00:00,2024-10-29 17:00:00,45.27254
CAISO SP15,USA,2024-10-30 02:00:00,2024-10-29 18:00:00,45.9124
CAISO SP15,USA,2024-10-30 03:00:00,2024-10-29 19:00:00,45.81769
CAISO SP15,USA,2024-10-30 04:00:00,2024-10-29 20:00:00,45.6612
CAISO SP15,USA,2024-10-30 05:00:00,2024-10-29 21:00:00,46.00696
CAISO SP15,USA,2024-10-30 06:00:00,2024-10-29 22:00:00,46.11975
CAISO SP15,USA,2024-10-30 07:00:00,2024-10-29 23:00:00,58.08067
CAISO SP15,USA,2024-10-30 08:00:00,2024-10-30 00:00:00,53.16048
CAISO SP15,USA,2024-10-30 09:00:00,2024-10-30 01:00:00,51.90804
CAISO SP15,USA,2024-10-30 10:00:00,2024-10-30 02:00:00,52.02
CAISO SP15,USA,2024-10-30 11:00:00,2024-10-30 03:00:00,52.35886
CAISO SP15,USA,2024-10-30 12:00:00,2024-10-30 04:00:00,59.09598
CAISO SP15,USA,2024-10-30 13:00:00,2024-10-30 05:00:00,59.69945
CAISO SP15,USA,2024-10-30 14:00:00,2024-10-30 06:00:00,59.44391
CAISO SP15,USA,2024-10-30 15:00:00,2024-10-30 07:00:00,39.16486
CAISO SP15,USA,2024-10-30 16:00:00,2024-10-30 08:00:00,24.41677
CAISO SP15,USA,2024-10-30 17:00:00,2024-10-30 09:00:00,19.11717
CAISO SP15,USA,2024-10-30 18:00:00,2024-10-30 10:00:00,16.02
CAISO SP15,USA,2024-10-30 19:00:00,2024-10-30 11:00:00,15.0
CAISO SP15,USA,2024-10-30 20:00:00,2024-10-30 12:00:00,16.93143
CAISO SP15,USA,2024-10-30 21:00:00,2024-10-30 13:00:00,15.49953
CAISO SP15,USA,2024-10-30 22:00:00,2024-10-30 14:00:00,17.76838
CAISO SP15,USA,2024-10-30 23:00:00,2024-10-30 15:00:00,39.96983
CAISO SP15,USA,2024-10-31 00:00:00,2024-10-30 16:00:00,53.41585
CAISO SP15,USA,2024-10-31 01:00:00,2024-10-30 17:00:00,55.44697
CAISO SP15,USA,2024-10-31 02:00:00,2024-10-30 18:00:00,56.67416
CAISO SP15,USA,2024-10-31 03:00:00,2024-10-30 19:00:00,55.02569
CAISO SP15,USA,2024-10-31 04:00:00,2024-10-30 20:00:00,55.13208
CAISO SP15,USA,2024-10-31 05:00:00,2024-10-30 21:00:00,54.2623
CAISO SP15,USA,2024-10-31 06:00:00,2024-10-30 22:00:00,53.01514
CAISO SP15,USA,2024-10-31 07:00:00,2024-10-30 23:00:00,40.61828
CAISO SP15,USA,2024-10-31 08:00:00,2024-10-31 00:00:00,40.96252
CAISO SP15,USA,2024-10-31 09:00:00,2024-10-31 01:00:00,40.47125
CAISO SP15,USA,2024-10-31 10:00:00,2024-10-31 02:00:00,40.52227
CAISO SP15,USA,2024-10-31 11:00:00,2024-10-31 03:00:00,43.67968
CAISO SP15,USA,2024-10-31 12:00:00,2024-10-31 04:00:00,47.46643
CAISO SP15,USA,2024-10-31 13:00:00,2024-10-31 05:00:00,49.21143
CAISO SP15,USA,2024-10-31 14:00:00,2024-10-31 06:00:00,47.82474
CAISO SP15,USA,2024-10-31 15:00:00,2024-10-31 07:00:00,24.62469
CAISO SP15,USA,2024-10-31 16:00:00,2024-10-31 08:00:00,2.04002
CAISO SP15,USA,2024-10-31 17:00:00,2024-10-31 09:00:00,0.91858
CAISO SP15,USA,2024-10-31 18:00:00,2024-10-31 10:00:00,-1.81237
CAISO SP15,USA,2024-10-31 19:00:00,2024-10-31 11:00:00,-2.2267
CAISO SP15,USA,2024-10-31 20:00:00,2024-10-31 12:00:00,-3.14428
CAISO SP15,USA,2024-10-31 21:00:00,2024-10-31 13:00:00,-4.72918
CAISO SP15,USA,2024-10-31 22:00:00,2024-10-31 14:00:00,-2.37478
CAISO SP15,USA,2024-10-31 23:00:00,2024-10-31 15:00:00,10.0272
CAISO SP15,USA,2024-11-01 00:00:00,2024-10-31 16:00:00,43.55865
CAISO SP15,USA,2024-11-01 01:00:00,2024-10-31 17:00:00,43.18328
CAISO SP15,USA,2024-11-01 02:00:00,2024-10-31 18:00:00,43.11486
CAISO SP15,USA,2024-11-01 03:00:00,2024-10-31 19:00:00,43.78792
CAISO SP15,USA,2024-11-01 04:00:00,2024-10-31 20:00:00,43.20837
CAISO SP15,USA,2024-11-01 05:00:00,2024-10-31 21:00:00,42.35352
CAISO SP15,USA,2024-11-01 06:00:00,2024-10-31 22:00:00,39.31624
CAISO SP15,USA,2024-11-01 07:00:00,2024-10-31 23:00:00,40.79998
CAISO SP15,USA,2024-11-01 08:00:00,2024-11-01 00:00:00,40.33615
CAISO SP15,USA,2024-11-01 09:00:00,2024-11-01 01:00:00,38.67304
CAISO SP15,USA,2024-11-01 10:00:00,2024-11-01 02:00:00,39.84374
CAISO SP15,USA,2024-11-01 11:00:00,2024-11-01 03:00:00,42.45183
CAISO SP15,USA,2024-11-01 12:00:00,2024-11-01 04:00:00,48.32949
CAISO SP15,USA,2024-11-01 13:00:00,2024-11-01 05:00:00,52.23234
CAISO SP15,USA,2024-11-01 14:00:00,2024-11-01 06:00:00,50.44861
CAISO SP15,USA,2024-11-01 15:00:00,2024-11-01 07:00:00,30.51167
CAISO SP15,USA,2024-11-01 16:00:00,2024-11-01 08:00:00,12.87764
CAISO SP15,USA,2024-11-01 17:00:00,2024-11-01 09:00:00,11.1901
CAISO SP15,USA,2024-11-01 18:00:00,2024-11-01 10:00:00,10.62
CAISO SP15,USA,2024-11-01 19:00:00,2024-11-01 11:00:00,11.28425
CAISO SP15,USA,2024-11-01 20:00:00,2024-11-01 12:00:00,10.25276
CAISO SP15,USA,2024-11-01 21:00:00,2024-11-01 13:00:00,9.23436
CAISO SP15,USA,2024-11-01 22:00:00,2024-11-01 14:00:00,11.01744
CAISO SP15,USA,2024-11-01 23:00:00,2024-11-01 15:00:00,32.31
CAISO SP15,USA,2024-11-02 00:00:00,2024-11-01 16:00:00,46.11161
CAISO SP15,USA,2024-11-02 01:00:00,2024-11-01 17:00:00,47.04439
CAISO SP15,USA,2024-11-02 02:00:00,2024-11-01 18:00:00,45.51913
CAISO SP15,USA,2024-11-02 03:00:00,2024-11-01 19:00:00,45.19168
CAISO SP15,USA,2024-11-02 04:00:00,2024-11-01 20:00:00,45.33508
CAISO SP15,USA,2024-11-02 05:00:00,2024-11-01 21:00:00,45.70322
CAISO SP15,USA,2024-11-02 06:00:00,2024-11-01 22:00:00,43.41529
CAISO SP15,USA,2024-11-02 07:00:00,2024-11-01 23:00:00,34.78793
CAISO SP15,USA,2024-11-02 08:00:00,2024-11-02 00:00:00,34.44737
CAISO SP15,USA,2024-11-02 09:00:00,2024-11-02 01:00:00,32.50689
CAISO SP15,USA,2024-11-02 10:00:00,2024-11-02 02:00:00,31.61504
CAISO SP15,USA,2024-11-02 11:00:00,2024-11-02 03:00:00,32.7958
CAISO SP15,USA,2024-11-02 12:00:00,2024-11-02 04:00:00,34.57039
CAISO SP15,USA,2024-11-02 13:00:00,2024-11-02 05:00:00,34.40289
CAISO SP15,USA,2024-11-02 14:00:00,2024-11-02 06:00:00,31.64073
CAISO SP15,USA,2024-11-02 15:00:00,2024-11-02 07:00:00,22.78177
CAISO SP15,USA,2024-11-02 16:00:00,2024-11-02 08:00:00,7.88541
CAISO SP15,USA,2024-11-02 17:00:00,2024-11-02 09:00:00,5.82362
CAISO SP15,USA,2024-11-02 18:00:00,2024-11-02 10:00:00,4.56124
CAISO SP15,USA,2024-11-02 19:00:00,2024-11-02 11:00:00,1.9275
CAISO SP15,USA,2024-11-02 20:00:00,2024-11-02 12:00:00,-0.15068
CAISO SP15,USA,2024-11-02 21:00:00,2024-11-02 13:00:00,0.0
CAISO SP15,USA,2024-11-02 22:00:00,2024-11-02 14:00:00,-0.72353
CAISO SP15,USA,2024-11-02 23:00:00,2024-11-02 15:00:00,11.87824
CAISO SP15,USA,2024-11-03 00:00:00,2024-11-02 16:00:00,35.03034
CAISO SP15,USA,2024-11-03 01:00:00,2024-11-02 17:00:00,35.44777
CAISO SP15,USA,2024-11-03 02:00:00,2024-11-02 18:00:00,35.6824
CAISO SP15,USA,2024-11-03 03:00:00,2024-11-02 19:00:00,35.29347
CAISO SP15,USA,2024-11-03 04:00:00,2024-11-02 20:00:00,33.56174
CAISO SP15,USA,2024-11-03 05:00:00,2024-11-02 21:00:00,32.68788
CAISO SP15,USA,2024-11-03 06:00:00,2024-11-02 22:00:00,32.08057
CAISO SP15,USA,2024-11-03 07:00:00,2024-11-02 23:00:00,32.64437
CAISO SP15,USA,2024-11-03 08:00:00,2024-11-03 00:00:00,31.93202
CAISO SP15,USA,2024-11-03 09:00:00,2024-11-03 01:00:00,31.94177
CAISO SP15,USA,2024-11-03 10:00:00,2024-11-03 02:00:00,32.42658
CAISO SP15,USA,2024-11-03 11:00:00,2024-11-03 03:00:00,31.62
CAISO SP15,USA,2024-11-03 12:00:00,2024-11-03 04:00:00,30.80046
CAISO SP15,USA,2024-11-03 13:00:00,2024-11-03 05:00:00,31.67766
CAISO SP15,USA,2024-11-03 14:00:00,2024-11-03 06:00:00,29.50976
CAISO SP15,USA,2024-11-03 15:00:00,2024-11-03 07:00:00,8.61597
CAISO SP15,USA,2024-11-03 16:00:00,2024-11-03 08:00:00,-1.9402
CAISO SP15,USA,2024-11-03 17:00:00,2024-11-03 09:00:00,-3.29511
CAISO SP15,USA,2024-11-03 18:00:00,2024-11-03 10:00:00,-3.68388
CAISO SP15,USA,2024-11-03 19:00:00,2024-11-03 11:00:00,-4.07715
CAISO SP15,USA,2024-11-03 20:00:00,2024-11-03 12:00:00,-2.91353
CAISO SP15,USA,2024-11-03 21:00:00,2024-11-03 13:00:00,-2.97832
CAISO SP15,USA,2024-11-03 22:00:00,2024-11-03 14:00:00,-2.13347
CAISO SP15,USA,2024-11-03 23:00:00,2024-11-03 15:00:00,9.0
CAISO SP15,USA,2024-11-04 00:00:00,2024-11-03 16:00:00,35.5378
CAISO SP15,USA,2024-11-04 01:00:00,2024-11-03 17:00:00,36.32796
CAISO SP15,USA,2024-11-04 02:00:00,2024-11-03 18:00:00,36.28425
CAISO SP15,USA,2024-11-04 03:00:00,2024-11-03 19:00:00,36.70885
CAISO SP15,USA,2024-11-04 04:00:00,2024-11-03 20:00:00,36.80948
CAISO SP15,USA,2024-11-04 05:00:00,2024-11-03 21:00:00,36.56161
CAISO SP15,USA,2024-11-04 06:00:00,2024-11-03 22:00:00,36.1952
CAISO SP15,USA,2024-11-04 07:00:00,2024-11-03 23:00:00,32.29405
CAISO SP15,USA,2024-11-04 08:00:00,2024-11-04 00:00:00,39.29282
CAISO SP15,USA,2024-11-04 09:00:00,2024-11-04 01:00:00,38.26903
CAISO SP15,USA,2024-11-04 10:00:00,2024-11-04 02:00:00,35.68316
CAISO SP15,USA,2024-11-04 11:00:00,2024-11-04 03:00:00,35.921
CAISO SP15,USA,2024-11-04 12:00:00,2024-11-04 04:00:00,38.73338
CAISO SP15,USA,2024-11-04 13:00:00,2024-11-04 05:00:00,43.75228
CAISO SP15,USA,2024-11-04 14:00:00,2024-11-04 06:00:00,41.82574
CAISO SP15,USA,2024-11-04 15:00:00,2024-11-04 07:00:00,25.10982
CAISO SP15,USA,2024-11-04 16:00:00,2024-11-04 08:00:00,11.81647
CAISO SP15,USA,2024-11-04 17:00:00,2024-11-04 09:00:00,12.79171
CAISO SP15,USA,2024-11-04 18:00:00,2024-11-04 10:00:00,12.47696
CAISO SP15,USA,2024-11-04 19:00:00,2024-11-04 11:00:00,12.64175
CAISO SP15,USA,2024-11-04 20:00:00,2024-11-04 12:00:00,11.91626
CAISO SP15,USA,2024-11-04 21:00:00,2024-11-04 13:00:00,11.89962
CAISO SP15,USA,2024-11-04 22:00:00,2024-11-04 14:00:00,17.05532
CAISO SP15,USA,2024-11-04 23:00:00,2024-11-04 15:00:00,31.61257
CAISO SP15,USA,2024-11-05 00:00:00,2024-11-04 16:00:00,46.80217
CAISO SP15,USA,2024-11-05 01:00:00,2024-11-04 17:00:00,53.41562
CAISO SP15,USA,2024-11-05 02:00:00,2024-11-04 18:00:00,47.4348
CAISO SP15,USA,2024-11-05 03:00:00,2024-11-04 19:00:00,47.30868
CAISO SP15,USA,2024-11-05 04:00:00,2024-11-04 20:00:00,47.33242
CAISO SP15,USA,2024-11-05 05:00:00,2024-11-04 21:00:00,46.65947
CAISO SP15,USA,2024-11-05 06:00:00,2024-11-04 22:00:00,46.44406
CAISO SP15,USA,2024-11-05 07:00:00,2024-11-04 23:00:00,43.26059
CAISO SP15,USA,2024-11-05 08:00:00,2024-11-05 00:00:00,37.6106
CAISO SP15,USA,2024-11-05 09:00:00,2024-11-05 01:00:00,35.53595
CAISO SP15,USA,2024-11-05 10:00:00,2024-11-05 02:00:00,35.15907
CAISO SP15,USA,2024-11-05 11:00:00,2024-11-05 03:00:00,35.0
CAISO SP15,USA,2024-11-05 12:00:00,2024-11-05 04:00:00,36.30861
CAISO SP15,USA,2024-11-05 13:00:00,2024-11-05 05:00:00,42.06
CAISO SP15,USA,2024-11-05 14:00:00,2024-11-05 06:00:00,41.92064
CAISO SP15,USA,2024-11-05 15:00:00,2024-11-05 07:00:00,29.01738
CAISO SP15,USA,2024-11-05 16:00:00,2024-11-05 08:00:00,10.81864
CAISO SP15,USA,2024-11-05 17:00:00,2024-11-05 09:00:00,8.41353
CAISO SP15,USA,2024-11-05 18:00:00,2024-11-05 10:00:00,8.35299
CAISO SP15,USA,2024-11-05 19:00:00,2024-11-05 11:00:00,8.15456
CAISO SP15,USA,2024-11-05 20:00:00,2024-11-05 12:00:00,7.13089
CAISO SP15,USA,2024-11-05 21:00:00,2024-11-05 13:00:00,4.21219
CAISO SP15,USA,2024-11-05 22:00:00,2024-11-05 14:00:00,8.31928
CAISO SP15,USA,2024-11-05 23:00:00,2024-11-05 15:00:00,34.55352
CAISO SP15,USA,2024-11-06 00:00:00,2024-11-05 16:00:00,42.28463
CAISO SP15,USA,2024-11-06 01:00:00,2024-11-05 17:00:00,46.26432
CAISO SP15,USA,2024-11-06 02:00:00,2024-11-05 18:00:00,41.1909
CAISO SP15,USA,2024-11-06 03:00:00,2024-11-05 19:00:00,40.81844
CAISO SP15,USA,2024-11-06 04:00:00,2024-11-05 20:00:00,40.29197
CAISO SP15,USA,2024-11-06 05:00:00,2024-11-05 21:00:00,40.05544
CAISO SP15,USA,2024-11-06 06:00:00,2024-11-05 22:00:00,38.10193
CAISO SP15,USA,2024-11-06 07:00:00,2024-11-05 23:00:00,36.12
CAISO SP15,USA,2024-11-06 08:00:00,2024-11-06 00:00:00,38.00234
CAISO SP15,USA,2024-11-06 09:00:00,2024-11-06 01:00:00,38.09533
CAISO SP15,USA,2024-11-06 10:00:00,2024-11-06 02:00:00,37.96739
CAISO SP15,USA,2024-11-06 11:00:00,2024-11-06 03:00:00,37.98117
CAISO SP15,USA,2024-11-06 12:00:00,2024-11-06 04:00:00,38.97563
CAISO SP15,USA,2024-11-06 13:00:00,2024-11-06 05:00:00,43.72165
CAISO SP15,USA,2024-11-06 14:00:00,2024-11-06 06:00:00,45.17887
CAISO SP15,USA,2024-11-06 15:00:00,2024-11-06 07:00:00,28.74996
CAISO SP15,USA,2024-11-06 16:00:00,2024-11-06 08:00:00,4.15005
CAISO SP15,USA,2024-11-06 17:00:00,2024-11-06 09:00:00,1.66097
CAISO SP15,USA,2024-11-06 18:00:00,2024-11-06 10:00:00,0.87369
CAISO SP15,USA,2024-11-06 19:00:00,2024-11-06 11:00:00,1.11761
CAISO SP15,USA,2024-11-06 20:00:00,2024-11-06 12:00:00,0.0
CAISO SP15,USA,2024-11-06 21:00:00,2024-11-06 13:00:00,-0.60725
CAISO SP15,USA,2024-11-06 22:00:00,2024-11-06 14:00:00,1.40998
CAISO SP15,USA,2024-11-06 23:00:00,2024-11-06 15:00:00,28.63952
CAISO SP15,USA,2024-11-07 00:00:00,2024-11-06 16:00:00,44.94872
CAISO SP15,USA,2024-11-07 01:00:00,2024-11-06 17:00:00,48.74395
CAISO SP15,USA,2024-11-07 02:00:00,2024-11-06 18:00:00,45.67267
CAISO SP15,USA,2024-11-07 03:00:00,2024-11-06 19:00:00,45.79219
CAISO SP15,USA,2024-11-07 04:00:00,2024-11-06 20:00:00,45.53682
CAISO SP15,USA,2024-11-07 05:00:00,2024-11-06 21:00:00,45.63407
CAISO SP15,USA,2024-11-07 06:00:00,2024-11-06 22:00:00,44.61291
CAISO SP15,USA,2024-11-07 07:00:00,2024-11-06 23:00:00,43.91404
CAISO SP15,USA,2024-11-07 08:00:00,2024-11-07 00:00:00,42.56985
CAISO SP15,USA,2024-11-07 09:00:00,2024-11-07 01:00:00,42.08716
CAISO SP15,USA,2024-11-07 10:00:00,2024-11-07 02:00:00,42.25338
CAISO SP15,USA,2024-11-07 11:00:00,2024-11-07 03:00:00,43.49473
CAISO SP15,USA,2024-11-07 12:00:00,2024-11-07 04:00:00,49.64
CAISO SP15,USA,2024-11-07 13:00:00,2024-11-07 05:00:00,50.3762
CAISO SP15,USA,2024-11-07 14:00:00,2024-11-07 06:00:00,48.41514
CAISO SP15,USA,2024-11-07 15:00:00,2024-11-07 07:00:00,31.46544
CAISO SP15,USA,2024-11-07 16:00:00,2024-11-07 08:00:00,7.11776
CAISO SP15,USA,2024-11-07 17:00:00,2024-11-07 09:00:00,6.43079
CAISO SP15,USA,2024-11-07 18:00:00,2024-11-07 10:00:00,6.9063
CAISO SP15,USA,2024-11-07 19:00:00,2024-11-07 11:00:00,6.94462
CAISO SP15,USA,2024-11-07 20:00:00,2024-11-07 12:00:00,6.6894
CAISO SP15,USA,2024-11-07 21:00:00,2024-11-07 13:00:00,5.16191
CAISO SP15,USA,2024-11-07 22:00:00,2024-11-07 14:00:00,7.14304
CAISO SP15,USA,2024-11-07 23:00:00,2024-11-07 15:00:00,37.43523
CAISO SP15,USA,2024-11-08 00:00:00,2024-11-07 16:00:00,55.1073
CAISO SP15,USA,2024-11-08 01:00:00,2024-11-07 17:00:00,55.72845
CAISO SP15,USA,2024-11-08 02:00:00,2024-11-07 18:00:00,55.39557
CAISO SP15,USA,2024-11-08 03:00:00,2024-11-07 19:00:00,55.40316
CAISO SP15,USA,2024-11-08 04:00:00,2024-11-07 20:00:00,55.28758
CAISO SP15,USA,2024-11-08 05:00:00,2024-11-07 21:00:00,55.3047
CAISO SP15,USA,2024-11-08 06:00:00,2024-11-07 22:00:00,55.45516
CAISO SP15,USA,2024-11-08 07:00:00,2024-11-07 23:00:00,54.97705
CAISO SP15,USA,2024-11-08 08:00:00,2024-11-08 00:00:00,45.6619
CAISO SP15,USA,2024-11-08 09:00:00,2024-11-08 01:00:00,47.80604
CAISO SP15,USA,2024-11-08 10:00:00,2024-11-08 02:00:00,45.73472
CAISO SP15,USA,2024-11-08 11:00:00,2024-11-08 03:00:00,45.72061
CAISO SP15,USA,2024-11-08 12:00:00,2024-11-08 04:00:00,49.50645
CAISO SP15,USA,2024-11-08 13:00:00,2024-11-08 05:00:00,54.38913
CAISO SP15,USA,2024-11-08 14:00:00,2024-11-08 06:00:00,53.80118
CAISO SP15,USA,2024-11-08 15:00:00,2024-11-08 07:00:00,29.61873
CAISO SP15,USA,2024-11-08 16:00:00,2024-11-08 08:00:00,6.71928
CAISO SP15,USA,2024-11-08 17:00:00,2024-11-08 09:00:00,6.44694
CAISO SP15,USA,2024-11-08 18:00:00,2024-11-08 10:00:00,6.23117
CAISO SP15,USA,2024-11-08 19:00:00,2024-11-08 11:00:00,5.67902
CAISO SP15,USA,2024-11-08 20:00:00,2024-11-08 12:00:00,2.39377
CAISO SP15,USA,2024-11-08 21:00:00,2024-11-08 13:00:00,0.92285
CAISO SP15,USA,2024-11-08 22:00:00,2024-11-08 14:00:00,4.89405
CAISO SP15,USA,2024-11-08 23:00:00,2024-11-08 15:00:00,32.68425
CAISO SP15,USA,2024-11-09 00:00:00,2024-11-08 16:00:00,49.1152
CAISO SP15,USA,2024-11-09 01:00:00,2024-11-08 17:00:00,49.91041
CAISO SP15,USA,2024-11-09 02:00:00,2024-11-08 18:00:00,48.78359
CAISO SP15,USA,2024-11-09 03:00:00,2024-11-08 19:00:00,48.82732
CAISO SP15,USA,2024-11-09 04:00:00,2024-11-08 20:00:00,48.72524
CAISO SP15,USA,2024-11-09 05:00:00,2024-11-08 21:00:00,48.65672
CAISO SP15,USA,2024-11-09 06:00:00,2024-11-08 22:00:00,48.55728
CAISO SP15,USA,2024-11-09 07:00:00,2024-11-08 23:00:00,47.64829
CAISO SP15,USA,2024-11-09 08:00:00,2024-11-09 00:00:00,47.00773
CAISO SP15,USA,2024-11-09 09:00:00,2024-11-09 01:00:00,45.68361
CAISO SP15,USA,2024-11-09 10:00:00,2024-11-09 02:00:00,45.17666
CAISO SP15,USA,2024-11-09 11:00:00,2024-11-09 03:00:00,41.15787
CAISO SP15,USA,2024-11-09 12:00:00,2024-11-09 04:00:00,45.43106
CAISO SP15,USA,2024-11-09 13:00:00,2024-11-09 05:00:00,45.49482
CAISO SP15,USA,2024-11-09 14:00:00,2024-11-09 06:00:00,44.74691
CAISO SP15,USA,2024-11-09 15:00:00,2024-11-09 07:00:00,26.93596
CAISO SP15,USA,2024-11-09 16:00:00,2024-11-09 08:00:00,-0.23135
CAISO SP15,USA,2024-11-09 17:00:00,2024-11-09 09:00:00,-0.85318
CAISO SP15,USA,2024-11-09 18:00:00,2024-11-09 10:00:00,-0.88103
CAISO SP15,USA,2024-11-09 19:00:00,2024-11-09 11:00:00,-0.87384
CAISO SP15,USA,2024-11-09 20:00:00,2024-11-09 12:00:00,-1.15011
CAISO SP15,USA,2024-11-09 21:00:00,2024-11-09 13:00:00,-1.7672
CAISO SP15,USA,2024-11-09 22:00:00,2024-11-09 14:00:00,-0.41583
CAISO SP15,USA,2024-11-09 23:00:00,2024-11-09 15:00:00,29.75095
CAISO SP15,USA,2024-11-10 00:00:00,2024-11-09 16:00:00,47.02996
CAISO SP15,USA,2024-11-10 01:00:00,2024-11-09 17:00:00,47.28669
CAISO SP15,USA,2024-11-10 02:00:00,2024-11-09 18:00:00,46.62657
CAISO SP15,USA,2024-11-10 03:00:00,2024-11-09 19:00:00,46.4625
CAISO SP15,USA,2024-11-10 04:00:00,2024-11-09 20:00:00,46.63413
CAISO SP15,USA,2024-11-10 05:00:00,2024-11-09 21:00:00,46.54159
CAISO SP15,USA,2024-11-10 06:00:00,2024-11-09 22:00:00,46.05301
CAISO SP15,USA,2024-11-10 07:00:00,2024-11-09 23:00:00,45.1562
CAISO SP15,USA,2024-11-10 08:00:00,2024-11-10 00:00:00,37.02959
CAISO SP15,USA,2024-11-10 09:00:00,2024-11-10 01:00:00,36.46049
CAISO SP15,USA,2024-11-10 10:00:00,2024-11-10 02:00:00,35.26915
CAISO SP15,USA,2024-11-10 11:00:00,2024-11-10 03:00:00,35.29824
CAISO SP15,USA,2024-11-10 12:00:00,2024-11-10 04:00:00,35.14883
CAISO SP15,USA,2024-11-10 13:00:00,2024-11-10 05:00:00,37.71065
CAISO SP15,USA,2024-11-10 14:00:00,2024-11-10 06:00:00,37.4282
CAISO SP15,USA,2024-11-10 15:00:00,2024-11-10 07:00:00,20.44081
CAISO SP15,USA,2024-11-10 16:00:00,2024-11-10 08:00:00,-0.81964
CAISO SP15,USA,2024-11-10 17:00:00,2024-11-10 09:00:00,-1.30791
CAISO SP15,USA,2024-11-10 18:00:00,2024-11-10 10:00:00,-1.63155
CAISO SP15,USA,2024-11-10 19:00:00,2024-11-10 11:00:00,-1.58552
CAISO SP15,USA,2024-11-10 20:00:00,2024-11-10 12:00:00,-1.99681
CAISO SP15,USA,2024-11-10 21:00:00,2024-11-10 13:00:00,-2.61246
CAISO SP15,USA,2024-11-10 22:00:00,2024-11-10 14:00:00,-1.62582
CAISO SP15,USA,2024-11-10 23:00:00,2024-11-10 15:00:00,32.02689
CAISO SP15,USA,2024-11-11 00:00:00,2024-11-10 16:00:00,47.37359
CAISO SP15,USA,2024-11-11 01:00:00,2024-11-10 17:00:00,47.73662
CAISO SP15,USA,2024-11-11 02:00:00,2024-11-10 18:00:00,47.43753
CAISO SP15,USA,2024-11-11 03:00:00,2024-11-10 19:00:00,47.34975
CAISO SP15,USA,2024-11-11 04:00:00,2024-11-10 20:00:00,47.17992
CAISO SP15,USA,2024-11-11 05:00:00,2024-11-10 21:00:00,47.2172
CAISO SP15,USA,2024-11-11 06:00:00,2024-11-10 22:00:00,46.12721
CAISO SP15,USA,2024-11-11 07:00:00,2024-11-10 23:00:00,37.78099
CAISO SP15,USA,2024-11-11 08:00:00,2024-11-11 00:00:00,39.0
CAISO SP15,USA,2024-11-11 09:00:00,2024-11-11 01:00:00,37.43198
CAISO SP15,USA,2024-11-11 10:00:00,2024-11-11 02:00:00,35.33776
CAISO SP15,USA,2024-11-11 11:00:00,2024-11-11 03:00:00,32.11115
CAISO SP15,USA,2024-11-11 12:00:00,2024-11-11 04:00:00,36.0
CAISO SP15,USA,2024-11-11 13:00:00,2024-11-11 05:00:00,39.32095
CAISO SP15,USA,2024-11-11 14:00:00,2024-11-11 06:00:00,39.08159
CAISO SP15,USA,2024-11-11 15:00:00,2024-11-11 07:00:00,26.27561
CAISO SP15,USA,2024-11-11 16:00:00,2024-11-11 08:00:00,4.65157
CAISO SP15,USA,2024-11-11 17:00:00,2024-11-11 09:00:00,3.17057
CAISO SP15,USA,2024-11-11 18:00:00,2024-11-11 10:00:00,3.98533
CAISO SP15,USA,2024-11-11 19:00:00,2024-11-11 11:00:00,3.99483
CAISO SP15,USA,2024-11-11 20:00:00,2024-11-11 12:00:00,3.71089
CAISO SP15,USA,2024-11-11 21:00:00,2024-11-11 13:00:00,3.40986
CAISO SP15,USA,2024-11-11 22:00:00,2024-11-11 14:00:00,4.85333
CAISO SP15,USA,2024-11-11 23:00:00,2024-11-11 15:00:00,30.81248
CAISO SP15,USA,2024-11-12 00:00:00,2024-11-11 16:00:00,40.03687
CAISO SP15,USA,2024-11-12 01:00:00,2024-11-11 17:00:00,39.58373
CAISO SP15,USA,2024-11-12 02:00:00,2024-11-11 18:00:00,39.22506
CAISO SP15,USA,2024-11-12 03:00:00,2024-11-11 19:00:00,39.19448
CAISO SP15,USA,2024-11-12 04:00:00,2024-11-11 20:00:00,39.44214
CAISO SP15,USA,2024-11-12 05:00:00,2024-11-11 21:00:00,39.00004
CAISO SP15,USA,2024-11-12 06:00:00,2024-11-11 22:00:00,36.78998
CAISO SP15,USA,2024-11-12 07:00:00,2024-11-11 23:00:00,34.70048
CAISO SP15,USA,2024-11-12 08:00:00,2024-11-12 00:00:00,32.1204
CAISO SP15,USA,2024-11-12 09:00:00,2024-11-12 01:00:00,31.40011
CAISO SP15,USA,2024-11-12 10:00:00,2024-11-12 02:00:00,31.0
CAISO SP15,USA,2024-11-12 11:00:00,2024-11-12 03:00:00,31.36887
CAISO SP15,USA,2024-11-12 12:00:00,2024-11-12 04:00:00,34.27454
CAISO SP15,USA,2024-11-12 13:00:00,2024-11-12 05:00:00,40.07096
CAISO SP15,USA,2024-11-12 14:00:00,2024-11-12 06:00:00,41.21373
CAISO SP15,USA,2024-11-12 15:00:00,2024-11-12 07:00:00,27.53731
CAISO SP15,USA,2024-11-12 16:00:00,2024-11-12 08:00:00,3.99555
CAISO SP15,USA,2024-11-12 17:00:00,2024-11-12 09:00:00,2.79141
CAISO SP15,USA,2024-11-12 18:00:00,2024-11-12 10:00:00,2.44208
CAISO SP15,USA,2024-11-12 19:00:00,2024-11-12 11:00:00,2.43361
CAISO SP15,USA,2024-11-12 20:00:00,2024-11-12 12:00:00,2.29105
CAISO SP15,USA,2024-11-12 21:00:00,2024-11-12 13:00:00,1.03812
CAISO SP15,USA,2024-11-12 22:00:00,2024-11-12 14:00:00,2.61457
CAISO SP15,USA,2024-11-12 23:00:00,2024-11-12 15:00:00,29.89767
CAISO SP15,USA,2024-11-13 00:00:00,2024-11-12 16:00:00,47.51359
CAISO SP15,USA,2024-11-13 01:00:00,2024-11-12 17:00:00,50.44767
CAISO SP15,USA,2024-11-13 02:00:00,2024-11-12 18:00:00,47.49042
CAISO SP15,USA,2024-11-13 03:00:00,2024-11-12 19:00:00,47.2284
CAISO SP15,USA,2024-11-13 04:00:00,2024-11-12 20:00:00,47.27758
CAISO SP15,USA,2024-11-13 05:00:00,2024-11-12 21:00:00,47.17068
CAISO SP15,USA,2024-11-13 06:00:00,2024-11-12 22:00:00,46.7254
CAISO SP15,USA,2024-11-13 07:00:00,2024-11-12 23:00:00,44.14585
CAISO SP15,USA,2024-11-13 08:00:00,2024-11-13 00:00:00,44.05296
CAISO SP15,USA,2024-11-13 09:00:00,2024-11-13 01:00:00,42.37315
CAISO SP15,USA,2024-11-13 10:00:00,2024-11-13 02:00:00,42.50949
CAISO SP15,USA,2024-11-13 11:00:00,2024-11-13 03:00:00,42.08142
CAISO SP15,USA,2024-11-13 12:00:00,2024-11-13 04:00:00,44.21086
CAISO SP15,USA,2024-11-13 13:00:00,2024-11-13 05:00:00,50.43108
CAISO SP15,USA,2024-11-13 14:00:00,2024-11-13 06:00:00,50.93586
CAISO SP15,USA,2024-11-13 15:00:00,2024-11-13 07:00:00,36.70512
CAISO SP15,USA,2024-11-13 16:00:00,2024-11-13 08:00:00,10.09672
CAISO SP15,USA,2024-11-13 17:00:00,2024-11-13 09:00:00,8.77964
CAISO SP15,USA,2024-11-13 18:00:00,2024-11-13 10:00:00,7.94297
CAISO SP15,USA,2024-11-13 19:00:00,2024-11-13 11:00:00,8.45803
CAISO SP15,USA,2024-11-13 20:00:00,2024-11-13 12:00:00,5.44902
CAISO SP15,USA,2024-11-13 21:00:00,2024-11-13 13:00:00,6.50986
CAISO SP15,USA,2024-11-13 22:00:00,2024-11-13 14:00:00,6.90254
CAISO SP15,USA,2024-11-13 23:00:00,2024-11-13 15:00:00,38.76439
CAISO SP15,USA,2024-11-14 00:00:00,2024-11-13 16:00:00,56.58719
CAISO SP15,USA,2024-11-14 01:00:00,2024-11-13 17:00:00,58.57874
CAISO SP15,USA,2024-11-14 02:00:00,2024-11-13 18:00:00,55.85534
CAISO SP15,USA,2024-11-14 03:00:00,2024-11-13 19:00:00,55.75231
CAISO SP15,USA,2024-11-14 04:00:00,2024-11-13 20:00:00,55.72784
CAISO SP15,USA,2024-11-14 05:00:00,2024-11-13 21:00:00,55.64005
CAISO SP15,USA,2024-11-14 06:00:00,2024-11-13 22:00:00,52.82097
CAISO SP15,USA,2024-11-14 07:00:00,2024-11-13 23:00:00,46.10357
CAISO SP15,USA,2024-11-14 08:00:00,2024-11-14 00:00:00,42.05043
CAISO SP15,USA,2024-11-14 09:00:00,2024-11-14 01:00:00,41.74694
CAISO SP15,USA,2024-11-14 10:00:00,2024-11-14 02:00:00,41.83151
CAISO SP15,USA,2024-11-14 11:00:00,2024-11-14 03:00:00,41.94548
CAISO SP15,USA,2024-11-14 12:00:00,2024-11-14 04:00:00,47.14663
CAISO SP15,USA,2024-11-14 13:00:00,2024-11-14 05:00:00,50.11079
CAISO SP15,USA,2024-11-14 14:00:00,2024-11-14 06:00:00,49.5717
CAISO SP15,USA,2024-11-14 15:00:00,2024-11-14 07:00:00,30.3438
CAISO SP15,USA,2024-11-14 16:00:00,2024-11-14 08:00:00,5.47604
CAISO SP15,USA,2024-11-14 17:00:00,2024-11-14 09:00:00,4.49256
CAISO SP15,USA,2024-11-14 18:00:00,2024-11-14 10:00:00,4.36372
CAISO SP15,USA,2024-11-14 19:00:00,2024-11-14 11:00:00,4.22582
CAISO SP15,USA,2024-11-14 20:00:00,2024-11-14 12:00:00,4.02356
CAISO SP15,USA,2024-11-14 21:00:00,2024-11-14 13:00:00,3.05174
CAISO SP15,USA,2024-11-14 22:00:00,2024-11-14 14:00:00,4.44436
CAISO SP15,USA,2024-11-14 23:00:00,2024-11-14 15:00:00,32.25089
CAISO SP15,USA,2024-11-15 00:00:00,2024-11-14 16:00:00,49.16558
CAISO SP15,USA,2024-11-15 01:00:00,2024-11-14 17:00:00,48.40147
CAISO SP15,USA,2024-11-15 02:00:00,2024-11-14 18:00:00,46.83889
CAISO SP15,USA,2024-11-15 03:00:00,2024-11-14 19:00:00,46.47967
CAISO SP15,USA,2024-11-15 04:00:00,2024-11-14 20:00:00,46.29549
CAISO SP15,USA,2024-11-15 05:00:00,2024-11-14 21:00:00,46.14783
CAISO SP15,USA,2024-11-15 06:00:00,2024-11-14 22:00:00,45.81279
CAISO SP15,USA,2024-11-15 07:00:00,2024-11-14 23:00:00,42.14458
CAISO SP15,USA,2024-11-15 08:00:00,2024-11-15 00:00:00,39.94691
CAISO SP15,USA,2024-11-15 09:00:00,2024-11-15 01:00:00,39.19466
CAISO SP15,USA,2024-11-15 10:00:00,2024-11-15 02:00:00,39.1333
CAISO SP15,USA,2024-11-15 11:00:00,2024-11-15 03:00:00,39.08129
CAISO SP15,USA,2024-11-15 12:00:00,2024-11-15 04:00:00,40.05486
CAISO SP15,USA,2024-11-15 13:00:00,2024-11-15 05:00:00,46.12485
CAISO SP15,USA,2024-11-15 14:00:00,2024-11-15 06:00:00,46.04291
CAISO SP15,USA,2024-11-15 15:00:00,2024-11-15 07:00:00,24.1783
CAISO SP15,USA,2024-11-15 16:00:00,2024-11-15 08:00:00,2.63366
CAISO SP15,USA,2024-11-15 17:00:00,2024-11-15 09:00:00,1.12626
CAISO SP15,USA,2024-11-15 18:00:00,2024-11-15 10:00:00,0.30685
CAISO SP15,USA,2024-11-15 19:00:00,2024-11-15 11:00:00,0.02281
CAISO SP15,USA,2024-11-15 20:00:00,2024-11-15 12:00:00,-0.75805
CAISO SP15,USA,2024-11-15 21:00:00,2024-11-15 13:00:00,-1.44442
CAISO SP15,USA,2024-11-15 22:00:00,2024-11-15 14:00:00,0.45517
CAISO SP15,USA,2024-11-15 23:00:00,2024-11-15 15:00:00,19.86606
CAISO SP15,USA,2024-11-16 00:00:00,2024-11-15 16:00:00,47.59034
CAISO SP15,USA,2024-11-16 01:00:00,2024-11-15 17:00:00,48.15965
CAISO SP15,USA,2024-11-16 02:00:00,2024-11-15 18:00:00,47.35063
CAISO SP15,USA,2024-11-16 03:00:00,2024-11-15 19:00:00,46.99975
CAISO SP15,USA,2024-11-16 04:00:00,2024-11-15 20:00:00,46.83934
CAISO SP15,USA,2024-11-16 05:00:00,2024-11-15 21:00:00,46.40765
CAISO SP15,USA,2024-11-16 06:00:00,2024-11-15 22:00:00,45.91874
CAISO SP15,USA,2024-11-16 07:00:00,2024-11-15 23:00:00,44.83204
CAISO SP15,USA,2024-11-16 08:00:00,2024-11-16 00:00:00,37.17319
CAISO SP15,USA,2024-11-16 09:00:00,2024-11-16 01:00:00,37.00838
CAISO SP15,USA,2024-11-16 10:00:00,2024-11-16 02:00:00,36.93255
CAISO SP15,USA,2024-11-16 11:00:00,2024-11-16 03:00:00,37.44275
CAISO SP15,USA,2024-11-16 12:00:00,2024-11-16 04:00:00,39.02307
CAISO SP15,USA,2024-11-16 13:00:00,2024-11-16 05:00:00,44.01843
CAISO SP15,USA,2024-11-16 14:00:00,2024-11-16 06:00:00,44.10684
CAISO SP15,USA,2024-11-16 15:00:00,2024-11-16 07:00:00,21.59563
CAISO SP15,USA,2024-11-16 16:00:00,2024-11-16 08:00:00,1.11441
CAISO SP15,USA,2024-11-16 17:00:00,2024-11-16 09:00:00,0.1453
CAISO SP15,USA,2024-11-16 18:00:00,2024-11-16 10:00:00,-0.48357
CAISO SP15,USA,2024-11-16 19:00:00,2024-11-16 11:00:00,-0.90997
CAISO SP15,USA,2024-11-16 20:00:00,2024-11-16 12:00:00,-2.77386
CAISO SP15,USA,2024-11-16 21:00:00,2024-11-16 13:00:00,-10.21
CAISO SP15,USA,2024-11-16 22:00:00,2024-11-16 14:00:00,-7.39861
CAISO SP15,USA,2024-11-16 23:00:00,2024-11-16 15:00:00,19.6241
CAISO SP15,USA,2024-11-17 00:00:00,2024-11-16 16:00:00,50.55619
CAISO SP15,USA,2024-11-17 01:00:00,2024-11-16 17:00:00,50.72376
CAISO SP15,USA,2024-11-17 02:00:00,2024-11-16 18:00:00,50.61758
CAISO SP15,USA,2024-11-17 03:00:00,2024-11-16 19:00:00,50.48224
CAISO SP15,USA,2024-11-17 04:00:00,2024-11-16 20:00:00,50.26713
CAISO SP15,USA,2024-11-17 05:00:00,2024-11-16 21:00:00,50.64455
CAISO SP15,USA,2024-11-17 06:00:00,2024-11-16 22:00:00,50.40405
CAISO SP15,USA,2024-11-17 07:00:00,2024-11-16 23:00:00,50.04015
CAISO SP15,USA,2024-11-17 08:00:00,2024-11-17 00:00:00,44.96135
CAISO SP15,USA,2024-11-17 09:00:00,2024-11-17 01:00:00,44.44878
CAISO SP15,USA,2024-11-17 10:00:00,2024-11-17 02:00:00,43.44966
CAISO SP15,USA,2024-11-17 11:00:00,2024-11-17 03:00:00,42.55238
CAISO SP15,USA,2024-11-17 12:00:00,2024-11-17 04:00:00,44.43083
CAISO SP15,USA,2024-11-17 13:00:00,2024-11-17 05:00:00,44.20234
CAISO SP15,USA,2024-11-17 14:00:00,2024-11-17 06:00:00,43.1944
CAISO SP15,USA,2024-11-17 15:00:00,2024-11-17 07:00:00,26.22441
CAISO SP15,USA,2024-11-17 16:00:00,2024-11-17 08:00:00,-3.39185
CAISO SP15,USA,2024-11-17 17:00:00,2024-11-17 09:00:00,-4.34859
CAISO SP15,USA,2024-11-17 18:00:00,2024-11-17 10:00:00,-4.31863
CAISO SP15,USA,2024-11-17 19:00:00,2024-11-17 11:00:00,-4.32191
CAISO SP15,USA,2024-11-17 20:00:00,2024-11-17 12:00:00,-5.19255
CAISO SP15,USA,2024-11-17 21:00:00,2024-11-17 13:00:00,-5.00596
CAISO SP15,USA,2024-11-17 22:00:00,2024-11-17 14:00:00,-4.30661
CAISO SP15,USA,2024-11-17 23:00:00,2024-11-17 15:00:00,24.28
CAISO SP15,USA,2024-11-18 00:00:00,2024-11-17 16:00:00,44.41807
CAISO SP15,USA,2024-11-18 01:00:00,2024-11-17 17:00:00,46.23017
CAISO SP15,USA,2024-11-18 02:00:00,2024-11-17 18:00:00,44.52521
CAISO SP15,USA,2024-11-18 03:00:00,2024-11-17 19:00:00,44.78837
CAISO SP15,USA,2024-11-18 04:00:00,2024-11-17 20:00:00,44.53351
CAISO SP15,USA,2024-11-18 05:00:00,2024-11-17 21:00:00,44.00358
CAISO SP15,USA,2024-11-18 06:00:00,2024-11-17 22:00:00,40.66178
CAISO SP15,USA,2024-11-18 07:00:00,2024-11-17 23:00:00,37.77711
CAISO SP15,USA,2024-11-18 08:00:00,2024-11-18 00:00:00,33.10675
CAISO SP15,USA,2024-11-18 09:00:00,2024-11-18 01:00:00,32.42866
CAISO SP15,USA,2024-11-18 10:00:00,2024-11-18 02:00:00,31.29564
CAISO SP15,USA,2024-11-18 11:00:00,2024-11-18 03:00:00,31.54676
CAISO SP15,USA,2024-11-18 12:00:00,2024-11-18 04:00:00,34.91116
CAISO SP15,USA,2024-11-18 13:00:00,2024-11-18 05:00:00,40.90164
CAISO SP15,USA,2024-11-18 14:00:00,2024-11-18 06:00:00,41.6476
CAISO SP15,USA,2024-11-18 15:00:00,2024-11-18 07:00:00,26.82
CAISO SP15,USA,2024-11-18 16:00:00,2024-11-18 08:00:00,-4.80783
CAISO SP15,USA,2024-11-18 17:00:00,2024-11-18 09:00:00,-6.04304
CAISO SP15,USA,2024-11-18 18:00:00,2024-11-18 10:00:00,-6.4649
CAISO SP15,USA,2024-11-18 19:00:00,2024-11-18 11:00:00,-6.60497
CAISO SP15,USA,2024-11-18 20:00:00,2024-11-18 12:00:00,-6.47192
CAISO SP15,USA,2024-11-18 21:00:00,2024-11-18 13:00:00,-7.57842
CAISO SP15,USA,2024-11-18 22:00:00,2024-11-18 14:00:00,-6.44669
CAISO SP15,USA,2024-11-18 23:00:00,2024-11-18 15:00:00,11.83919
CAISO SP15,USA,2024-11-19 00:00:00,2024-11-18 16:00:00,42.38964
CAISO SP15,USA,2024-11-19 01:00:00,2024-11-18 17:00:00,41.62549
CAISO SP15,USA,2024-11-19 02:00:00,2024-11-18 18:00:00,43.15663
CAISO SP15,USA,2024-11-19 03:00:00,2024-11-18 19:00:00,42.14416
CAISO SP15,USA,2024-11-19 04:00:00,2024-11-18 20:00:00,42.4898
CAISO SP15,USA,2024-11-19 05:00:00,2024-11-18 21:00:00,44.4583
CAISO SP15,USA,2024-11-19 06:00:00,2024-11-18 22:00:00,41.89455
CAISO SP15,USA,2024-11-19 07:00:00,2024-11-18 23:00:00,40.452
CAISO SP15,USA,2024-11-19 08:00:00,2024-11-19 00:00:00,49.92826
CAISO SP15,USA,2024-11-19 09:00:00,2024-11-19 01:00:00,49.33943
CAISO SP15,USA,2024-11-19 10:00:00,2024-11-19 02:00:00,49.33455
CAISO SP15,USA,2024-11-19 11:00:00,2024-11-19 03:00:00,49.2665
CAISO SP15,USA,2024-11-19 12:00:00,2024-11-19 04:00:00,51.18672
CAISO SP15,USA,2024-11-19 13:00:00,2024-11-19 05:00:00,59.17396
CAISO SP15,USA,2024-11-19 14:00:00,2024-11-19 06:00:00,65.27019
CAISO SP15,USA,2024-11-19 15:00:00,2024-11-19 07:00:00,43.51866
CAISO SP15,USA,2024-11-19 16:00:00,2024-11-19 08:00:00,14.08186
CAISO SP15,USA,2024-11-19 17:00:00,2024-11-19 09:00:00,6.45795
CAISO SP15,USA,2024-11-19 18:00:00,2024-11-19 10:00:00,5.31857
CAISO SP15,USA,2024-11-19 19:00:00,2024-11-19 11:00:00,3.29871
CAISO SP15,USA,2024-11-19 20:00:00,2024-11-19 12:00:00,0.09516
CAISO SP15,USA,2024-11-19 21:00:00,2024-11-19 13:00:00,-1.11521
CAISO SP15,USA,2024-11-19 22:00:00,2024-11-19 14:00:00,3.05125
CAISO SP15,USA,2024-11-19 23:00:00,2024-11-19 15:00:00,35.89507
CAISO SP15,USA,2024-11-20 00:00:00,2024-11-19 16:00:00,62.90917
CAISO SP15,USA,2024-11-20 01:00:00,2024-11-19 17:00:00,61.85212
CAISO SP15,USA,2024-11-20 02:00:00,2024-11-19 18:00:00,61.35209
CAISO SP15,USA,2024-11-20 03:00:00,2024-11-19 19:00:00,59.66196
CAISO SP15,USA,2024-11-20 04:00:00,2024-11-19 20:00:00,61.36846
CAISO SP15,USA,2024-11-20 05:00:00,2024-11-19 21:00:00,61.35323
CAISO SP15,USA,2024-11-20 06:00:00,2024-11-19 22:00:00,59.76617
CAISO SP15,USA,2024-11-20 07:00:00,2024-11-19 23:00:00,56.50815
CAISO SP15,USA,2024-11-20 08:00:00,2024-11-20 00:00:00,47.18507
CAISO SP15,USA,2024-11-20 09:00:00,2024-11-20 01:00:00,46.58506
CAISO SP15,USA,2024-11-20 10:00:00,2024-11-20 02:00:00,46.0
CAISO SP15,USA,2024-11-20 11:00:00,2024-11-20 03:00:00,46.0
CAISO SP15,USA,2024-11-20 12:00:00,2024-11-20 04:00:00,49.01754
CAISO SP15,USA,2024-11-20 13:00:00,2024-11-20 05:00:00,53.25959
CAISO SP15,USA,2024-11-20 14:00:00,2024-11-20 06:00:00,55.72807
CAISO SP15,USA,2024-11-20 15:00:00,2024-11-20 07:00:00,36.94776
CAISO SP15,USA,2024-11-20 16:00:00,2024-11-20 08:00:00,8.21954
CAISO SP15,USA,2024-11-20 17:00:00,2024-11-20 09:00:00,-0.50611
CAISO SP15,USA,2024-11-20 18:00:00,2024-11-20 10:00:00,-3.23845
CAISO SP15,USA,2024-11-20 19:00:00,2024-11-20 11:00:00,-4.07064
CAISO SP15,USA,2024-11-20 20:00:00,2024-11-20 12:00:00,-5.7013
CAISO SP15,USA,2024-11-20 21:00:00,2024-11-20 13:00:00,-6.90797
CAISO SP15,USA,2024-11-20 22:00:00,2024-11-20 14:00:00,-2.88543
CAISO SP15,USA,2024-11-20 23:00:00,2024-11-20 15:00:00,34.8838
CAISO SP15,USA,2024-11-21 00:00:00,2024-11-20 16:00:00,54.3735
CAISO SP15,USA,2024-11-21 01:00:00,2024-11-20 17:00:00,53.70429
CAISO SP15,USA,2024-11-21 02:00:00,2024-11-20 18:00:00,52.85706
CAISO SP15,USA,2024-11-21 03:00:00,2024-11-20 19:00:00,54.0714
CAISO SP15,USA,2024-11-21 04:00:00,2024-11-20 20:00:00,54.89654
CAISO SP15,USA,2024-11-21 05:00:00,2024-11-20 21:00:00,54.35288
CAISO SP15,USA,2024-11-21 06:00:00,2024-11-20 22:00:00,50.82575
CAISO SP15,USA,2024-11-21 07:00:00,2024-11-20 23:00:00,46.68674
CAISO SP15,USA,2024-11-21 08:00:00,2024-11-21 00:00:00,51.04265
CAISO SP15,USA,2024-11-21 09:00:00,2024-11-21 01:00:00,49.82477
CAISO SP15,USA,2024-11-21 10:00:00,2024-11-21 02:00:00,49.29714
CAISO SP15,USA,2024-11-21 11:00:00,2024-11-21 03:00:00,49.06952
CAISO SP15,USA,2024-11-21 12:00:00,2024-11-21 04:00:00,49.38683
CAISO SP15,USA,2024-11-21 13:00:00,2024-11-21 05:00:00,54.12204
CAISO SP15,USA,2024-11-21 14:00:00,2024-11-21 06:00:00,58.60575
CAISO SP15,USA,2024-11-21 15:00:00,2024-11-21 07:00:00,40.14955
CAISO SP15,USA,2024-11-21 16:00:00,2024-11-21 08:00:00,11.64913
CAISO SP15,USA,2024-11-21 17:00:00,2024-11-21 09:00:00,2.10057
CAISO SP15,USA,2024-11-21 18:00:00,2024-11-21 10:00:00,1.03203
CAISO SP15,USA,2024-11-21 19:00:00,2024-11-21 11:00:00,-0.16998
CAISO SP15,USA,2024-11-21 20:00:00,2024-11-21 12:00:00,-1.52742
CAISO SP15,USA,2024-11-21 21:00:00,2024-11-21 13:00:00,-2.31491
CAISO SP15,USA,2024-11-21 22:00:00,2024-11-21 14:00:00,-0.51007
CAISO SP15,USA,2024-11-21 23:00:00,2024-11-21 15:00:00,38.11047
CAISO SP15,USA,2024-11-22 00:00:00,2024-11-21 16:00:00,65.04793
CAISO SP15,USA,2024-11-22 01:00:00,2024-11-21 17:00:00,63.13422
CAISO SP15,USA,2024-11-22 02:00:00,2024-11-21 18:00:00,60.89874
CAISO SP15,USA,2024-11-22 03:00:00,2024-11-21 19:00:00,61.74204
CAISO SP15,USA,2024-11-22 04:00:00,2024-11-21 20:00:00,61.52812
CAISO SP15,USA,2024-11-22 05:00:00,2024-11-21 21:00:00,61.13349
CAISO SP15,USA,2024-11-22 06:00:00,2024-11-21 22:00:00,55.70856
CAISO SP15,USA,2024-11-22 07:00:00,2024-11-21 23:00:00,49.54095
CAISO SP15,USA,2024-11-22 08:00:00,2024-11-22 00:00:00,49.07577
CAISO SP15,USA,2024-11-22 09:00:00,2024-11-22 01:00:00,48.4976
CAISO SP15,USA,2024-11-22 10:00:00,2024-11-22 02:00:00,48.1934
CAISO SP15,USA,2024-11-22 11:00:00,2024-11-22 03:00:00,48.06519
CAISO SP15,USA,2024-11-22 12:00:00,2024-11-22 04:00:00,48.79552
CAISO SP15,USA,2024-11-22 13:00:00,2024-11-22 05:00:00,55.52294
CAISO SP15,USA,2024-11-22 14:00:00,2024-11-22 06:00:00,59.33849
CAISO SP15,USA,2024-11-22 15:00:00,2024-11-22 07:00:00,46.33162
CAISO SP15,USA,2024-11-22 16:00:00,2024-11-22 08:00:00,14.54074
CAISO SP15,USA,2024-11-22 17:00:00,2024-11-22 09:00:00,10.60939
CAISO SP15,USA,2024-11-22 18:00:00,2024-11-22 10:00:00,9.18947
CAISO SP15,USA,2024-11-22 19:00:00,2024-11-22 11:00:00,5.88625
CAISO SP15,USA,2024-11-22 20:00:00,2024-11-22 12:00:00,5.65881
CAISO SP15,USA,2024-11-22 21:00:00,2024-11-22 13:00:00,3.28398
CAISO SP15,USA,2024-11-22 22:00:00,2024-11-22 14:00:00,7.92241
CAISO SP15,USA,2024-11-22 23:00:00,2024-11-22 15:00:00,43.92
CAISO SP15,USA,2024-11-23 00:00:00,2024-11-22 16:00:00,59.43006
CAISO SP15,USA,2024-11-23 01:00:00,2024-11-22 17:00:00,62.04033
CAISO SP15,USA,2024-11-23 02:00:00,2024-11-22 18:00:00,58.26563
CAISO SP15,USA,2024-11-23 03:00:00,2024-11-22 19:00:00,58.30563
CAISO SP15,USA,2024-11-23 04:00:00,2024-11-22 20:00:00,58.84369
CAISO SP15,USA,2024-11-23 05:00:00,2024-11-22 21:00:00,57.313
CAISO SP15,USA,2024-11-23 06:00:00,2024-11-22 22:00:00,52.61588
CAISO SP15,USA,2024-11-23 07:00:00,2024-11-22 23:00:00,49.54281
CAISO SP15,USA,2024-11-23 08:00:00,2024-11-23 00:00:00,43.46128
CAISO SP15,USA,2024-11-23 09:00:00,2024-11-23 01:00:00,42.57925
CAISO SP15,USA,2024-11-23 10:00:00,2024-11-23 02:00:00,41.406
CAISO SP15,USA,2024-11-23 11:00:00,2024-11-23 03:00:00,41.1815
CAISO SP15,USA,2024-11-23 12:00:00,2024-11-23 04:00:00,41.35451
CAISO SP15,USA,2024-11-23 13:00:00,2024-11-23 05:00:00,44.31432
CAISO SP15,USA,2024-11-23 14:00:00,2024-11-23 06:00:00,47.25453
CAISO SP15,USA,2024-11-23 15:00:00,2024-11-23 07:00:00,35.7303
CAISO SP15,USA,2024-11-23 16:00:00,2024-11-23 08:00:00,9.45872
CAISO SP15,USA,2024-11-23 17:00:00,2024-11-23 09:00:00,8.5002
CAISO SP15,USA,2024-11-23 18:00:00,2024-11-23 10:00:00,9.16569
CAISO SP15,USA,2024-11-23 19:00:00,2024-11-23 11:00:00,7.06
CAISO SP15,USA,2024-11-23 20:00:00,2024-11-23 12:00:00,6.34849
CAISO SP15,USA,2024-11-23 21:00:00,2024-11-23 13:00:00,6.88
CAISO SP15,USA,2024-11-23 22:00:00,2024-11-23 14:00:00,8.21491
CAISO SP15,USA,2024-11-23 23:00:00,2024-11-23 15:00:00,36.18772
CAISO SP15,USA,2024-11-24 00:00:00,2024-11-23 16:00:00,47.09684
CAISO SP15,USA,2024-11-24 01:00:00,2024-11-23 17:00:00,47.03324
CAISO SP15,USA,2024-11-24 02:00:00,2024-11-23 18:00:00,47.00579
CAISO SP15,USA,2024-11-24 03:00:00,2024-11-23 19:00:00,46.48955
CAISO SP15,USA,2024-11-24 04:00:00,2024-11-23 20:00:00,46.3112
CAISO SP15,USA,2024-11-24 05:00:00,2024-11-23 21:00:00,46.24761
CAISO SP15,USA,2024-11-24 06:00:00,2024-11-23 22:00:00,45.07017
CAISO SP15,USA,2024-11-24 07:00:00,2024-11-23 23:00:00,44.2572
CAISO SP15,USA,2024-11-24 08:00:00,2024-11-24 00:00:00,44.53949
CAISO SP15,USA,2024-11-24 09:00:00,2024-11-24 01:00:00,43.0699
CAISO SP15,USA,2024-11-24 10:00:00,2024-11-24 02:00:00,39.09465
CAISO SP15,USA,2024-11-24 11:00:00,2024-11-24 03:00:00,38.14694
CAISO SP15,USA,2024-11-24 12:00:00,2024-11-24 04:00:00,39.13609
CAISO SP15,USA,2024-11-24 13:00:00,2024-11-24 05:00:00,44.65139
CAISO SP15,USA,2024-11-24 14:00:00,2024-11-24 06:00:00,44.44283
CAISO SP15,USA,2024-11-24 15:00:00,2024-11-24 07:00:00,28.47469
CAISO SP15,USA,2024-11-24 16:00:00,2024-11-24 08:00:00,5.29181
CAISO SP15,USA,2024-11-24 17:00:00,2024-11-24 09:00:00,3.22139
CAISO SP15,USA,2024-11-24 18:00:00,2024-11-24 10:00:00,3.08606
CAISO SP15,USA,2024-11-24 19:00:00,2024-11-24 11:00:00,2.7095
CAISO SP15,USA,2024-11-24 20:00:00,2024-11-24 12:00:00,0.94659
CAISO SP15,USA,2024-11-24 21:00:00,2024-11-24 13:00:00,1.46043
CAISO SP15,USA,2024-11-24 22:00:00,2024-11-24 14:00:00,3.11539
CAISO SP15,USA,2024-11-24 23:00:00,2024-11-24 15:00:00,36.39085
CAISO SP15,USA,2024-11-25 00:00:00,2024-11-24 16:00:00,53.68521
CAISO SP15,USA,2024-11-25 01:00:00,2024-11-24 17:00:00,54.3862
CAISO SP15,USA,2024-11-25 02:00:00,2024-11-24 18:00:00,54.81465
CAISO SP15,USA,2024-11-25 03:00:00,2024-11-24 19:00:00,53.89793
CAISO SP15,USA,2024-11-25 04:00:00,2024-11-24 20:00:00,53.61622
CAISO SP15,USA,2024-11-25 05:00:00,2024-11-24 21:00:00,53.58251
CAISO SP15,USA,2024-11-25 06:00:00,2024-11-24 22:00:00,52.06599
CAISO SP15,USA,2024-11-25 07:00:00,2024-11-24 23:00:00,48.47005
CAISO SP15,USA,2024-11-25 08:00:00,2024-11-25 00:00:00,45.93633
CAISO SP15,USA,2024-11-25 09:00:00,2024-11-25 01:00:00,45.81505
CAISO SP15,USA,2024-11-25 10:00:00,2024-11-25 02:00:00,45.56147
CAISO SP15,USA,2024-11-25 11:00:00,2024-11-25 03:00:00,45.75613
CAISO SP15,USA,2024-11-25 12:00:00,2024-11-25 04:00:00,46.30241
CAISO SP15,USA,2024-11-25 13:00:00,2024-11-25 05:00:00,51.98243
CAISO SP15,USA,2024-11-25 14:00:00,2024-11-25 06:00:00,55.17432
CAISO SP15,USA,2024-11-25 15:00:00,2024-11-25 07:00:00,51.2343
CAISO SP15,USA,2024-11-25 16:00:00,2024-11-25 08:00:00,41.96571
CAISO SP15,USA,2024-11-25 17:00:00,2024-11-25 09:00:00,40.52673
CAISO SP15,USA,2024-11-25 18:00:00,2024-11-25 10:00:00,39.10302
CAISO SP15,USA,2024-11-25 19:00:00,2024-11-25 11:00:00,37.51145
CAISO SP15,USA,2024-11-25 20:00:00,2024-11-25 12:00:00,38.44198
CAISO SP15,USA,2024-11-25 21:00:00,2024-11-25 13:00:00,37.72532
CAISO SP15,USA,2024-11-25 22:00:00,2024-11-25 14:00:00,40.0
CAISO SP15,USA,2024-11-25 23:00:00,2024-11-25 15:00:00,61.15726
CAISO SP15,USA,2024-11-26 00:00:00,2024-11-25 16:00:00,65.77
CAISO SP15,USA,2024-11-26 01:00:00,2024-11-25 17:00:00,66.35047
CAISO SP15,USA,2024-11-26 02:00:00,2024-11-25 18:00:00,65.88377
CAISO SP15,USA,2024-11-26 03:00:00,2024-11-25 19:00:00,65.93019
CAISO SP15,USA,2024-11-26 04:00:00,2024-11-25 20:00:00,65.33784
CAISO SP15,USA,2024-11-26 05:00:00,2024-11-25 21:00:00,64.28489
CAISO SP15,USA,2024-11-26 06:00:00,2024-11-25 22:00:00,57.78799
CAISO SP15,USA,2024-11-26 07:00:00,2024-11-25 23:00:00,51.35587
CAISO SP15,USA,2024-11-26 08:00:00,2024-11-26 00:00:00,47.57281
CAISO SP15,USA,2024-11-26 09:00:00,2024-11-26 01:00:00,44.44
CAISO SP15,USA,2024-11-26 10:00:00,2024-11-26 02:00:00,43.97106
CAISO SP15,USA,2024-11-26 11:00:00,2024-11-26 03:00:00,44.12843
CAISO SP15,USA,2024-11-26 12:00:00,2024-11-26 04:00:00,44.29059
CAISO SP15,USA,2024-11-26 13:00:00,2024-11-26 05:00:00,49.6762
CAISO SP15,USA,2024-11-26 14:00:00,2024-11-26 06:00:00,53.21342
CAISO SP15,USA,2024-11-26 15:00:00,2024-11-26 07:00:00,50.56376
CAISO SP15,USA,2024-11-26 16:00:00,2024-11-26 08:00:00,43.73579
CAISO SP15,USA,2024-11-26 17:00:00,2024-11-26 09:00:00,42.81781
CAISO SP15,USA,2024-11-26 18:00:00,2024-11-26 10:00:00,41.74396
CAISO SP15,USA,2024-11-26 19:00:00,2024-11-26 11:00:00,39.142
CAISO SP15,USA,2024-11-26 20:00:00,2024-11-26 12:00:00,38.6832
CAISO SP15,USA,2024-11-26 21:00:00,2024-11-26 13:00:00,39.87637
CAISO SP15,USA,2024-11-26 22:00:00,2024-11-26 14:00:00,41.83
CAISO SP15,USA,2024-11-26 23:00:00,2024-11-26 15:00:00,51.99437
CAISO SP15,USA,2024-11-27 00:00:00,2024-11-26 16:00:00,54.10774
CAISO SP15,USA,2024-11-27 01:00:00,2024-11-26 17:00:00,54.93551
CAISO SP15,USA,2024-11-27 02:00:00,2024-11-26 18:00:00,51.36107
CAISO SP15,USA,2024-11-27 03:00:00,2024-11-26 19:00:00,54.37686
CAISO SP15,USA,2024-11-27 04:00:00,2024-11-26 20:00:00,54.92627
CAISO SP15,USA,2024-11-27 05:00:00,2024-11-26 21:00:00,52.48958
CAISO SP15,USA,2024-11-27 06:00:00,2024-11-26 22:00:00,48.2003
CAISO SP15,USA,2024-11-27 07:00:00,2024-11-26 23:00:00,44.21299
CAISO SP15,USA,2024-11-27 08:00:00,2024-11-27 00:00:00,43.41105
CAISO SP15,USA,2024-11-27 09:00:00,2024-11-27 01:00:00,41.77327
CAISO SP15,USA,2024-11-27 10:00:00,2024-11-27 02:00:00,41.57632
CAISO SP15,USA,2024-11-27 11:00:00,2024-11-27 03:00:00,41.56711
CAISO SP15,USA,2024-11-27 12:00:00,2024-11-27 04:00:00,41.98991
CAISO SP15,USA,2024-11-27 13:00:00,2024-11-27 05:00:00,45.94435
CAISO SP15,USA,2024-11-27 14:00:00,2024-11-27 06:00:00,50.50127
CAISO SP15,USA,2024-11-27 15:00:00,2024-11-27 07:00:00,51.60385
CAISO SP15,USA,2024-11-27 16:00:00,2024-11-27 08:00:00,48.56803
CAISO SP15,USA,2024-11-27 17:00:00,2024-11-27 09:00:00,41.51878
CAISO SP15,USA,2024-11-27 18:00:00,2024-11-27 10:00:00,36.77354
CAISO SP15,USA,2024-11-27 19:00:00,2024-11-27 11:00:00,32.01308
CAISO SP15,USA,2024-11-27 20:00:00,2024-11-27 12:00:00,31.78574
CAISO SP15,USA,2024-11-27 21:00:00,2024-11-27 13:00:00,32.38119
CAISO SP15,USA,2024-11-27 22:00:00,2024-11-27 14:00:00,34.01555
CAISO SP15,USA,2024-11-27 23:00:00,2024-11-27 15:00:00,48.31026
CAISO SP15,USA,2024-11-28 00:00:00,2024-11-27 16:00:00,56.19223
CAISO SP15,USA,2024-11-28 01:00:00,2024-11-27 17:00:00,60.55519
CAISO SP15,USA,2024-11-28 02:00:00,2024-11-27 18:00:00,60.29514
CAISO SP15,USA,2024-11-28 03:00:00,2024-11-27 19:00:00,57.35456
CAISO SP15,USA,2024-11-28 04:00:00,2024-11-27 20:00:00,57.39823
CAISO SP15,USA,2024-11-28 05:00:00,2024-11-27 21:00:00,57.37874
CAISO SP15,USA,2024-11-28 06:00:00,2024-11-27 22:00:00,57.09304
CAISO SP15,USA,2024-11-28 07:00:00,2024-11-27 23:00:00,55.06124
CAISO SP15,USA,2024-11-28 08:00:00,2024-11-28 00:00:00,46.13138
CAISO SP15,USA,2024-11-28 09:00:00,2024-11-28 01:00:00,46.87568
CAISO SP15,USA,2024-11-28 10:00:00,2024-11-28 02:00:00,45.2266
CAISO SP15,USA,2024-11-28 11:00:00,2024-11-28 03:00:00,45.19818
CAISO SP15,USA,2024-11-28 12:00:00,2024-11-28 04:00:00,45.7263
CAISO SP15,USA,2024-11-28 13:00:00,2024-11-28 05:00:00,47.80777
CAISO SP15,USA,2024-11-28 14:00:00,2024-11-28 06:00:00,47.90183
CAISO SP15,USA,2024-11-28 15:00:00,2024-11-28 07:00:00,42.77116
CAISO SP15,USA,2024-11-28 16:00:00,2024-11-28 08:00:00,20.0
CAISO SP15,USA,2024-11-28 17:00:00,2024-11-28 09:00:00,14.69285
CAISO SP15,USA,2024-11-28 18:00:00,2024-11-28 10:00:00,14.2577
CAISO SP15,USA,2024-11-28 19:00:00,2024-11-28 11:00:00,14.04271
CAISO SP15,USA,2024-11-28 20:00:00,2024-11-28 12:00:00,8.06068
CAISO SP15,USA,2024-11-28 21:00:00,2024-11-28 13:00:00,8.41995
CAISO SP15,USA,2024-11-28 22:00:00,2024-11-28 14:00:00,15.0031
CAISO SP15,USA,2024-11-28 23:00:00,2024-11-28 15:00:00,42.76358
CAISO SP15,USA,2024-11-29 00:00:00,2024-11-28 16:00:00,50.68045
CAISO SP15,USA,2024-11-29 01:00:00,2024-11-28 17:00:00,51.04885
CAISO SP15,USA,2024-11-29 02:00:00,2024-11-28 18:00:00,50.86084
CAISO SP15,USA,2024-11-29 03:00:00,2024-11-28 19:00:00,50.18826
CAISO SP15,USA,2024-11-29 04:00:00,2024-11-28 20:00:00,50.20046
CAISO SP15,USA,2024-11-29 05:00:00,2024-11-28 21:00:00,50.41377
CAISO SP15,USA,2024-11-29 06:00:00,2024-11-28 22:00:00,49.9301
CAISO SP15,USA,2024-11-29 07:00:00,2024-11-28 23:00:00,49.0808
CAISO SP15,USA,2024-11-29 08:00:00,2024-11-29 00:00:00,46.18231
CAISO SP15,USA,2024-11-29 09:00:00,2024-11-29 01:00:00,43.8561
CAISO SP15,USA,2024-11-29 10:00:00,2024-11-29 02:00:00,43.26826
CAISO SP15,USA,2024-11-29 11:00:00,2024-11-29 03:00:00,43.42189
CAISO SP15,USA,2024-11-29 12:00:00,2024-11-29 04:00:00,44.82229
CAISO SP15,USA,2024-11-29 13:00:00,2024-11-29 05:00:00,46.11676
CAISO SP15,USA,2024-11-29 14:00:00,2024-11-29 06:00:00,46.50396
CAISO SP15,USA,2024-11-29 15:00:00,2024-11-29 07:00:00,45.0
CAISO SP15,USA,2024-11-29 16:00:00,2024-11-29 08:00:00,37.12793
CAISO SP15,USA,2024-11-29 17:00:00,2024-11-29 09:00:00,34.82713
CAISO SP15,USA,2024-11-29 18:00:00,2024-11-29 10:00:00,32.45538
CAISO SP15,USA,2024-11-29 19:00:00,2024-11-29 11:00:00,30.68926
CAISO SP15,USA,2024-11-29 20:00:00,2024-11-29 12:00:00,29.57236
CAISO SP15,USA,2024-11-29 21:00:00,2024-11-29 13:00:00,32.90226
CAISO SP15,USA,2024-11-29 22:00:00,2024-11-29 14:00:00,34.75
CAISO SP15,USA,2024-11-29 23:00:00,2024-11-29 15:00:00,50.03808
CAISO SP15,USA,2024-11-30 00:00:00,2024-11-29 16:00:00,51.67281
CAISO SP15,USA,2024-11-30 01:00:00,2024-11-29 17:00:00,54.30687
CAISO SP15,USA,2024-11-30 02:00:00,2024-11-29 18:00:00,52.72068
CAISO SP15,USA,2024-11-30 03:00:00,2024-11-29 19:00:00,52.32141
CAISO SP15,USA,2024-11-30 04:00:00,2024-11-29 20:00:00,51.58675
CAISO SP15,USA,2024-11-30 05:00:00,2024-11-29 21:00:00,51.21861
CAISO SP15,USA,2024-11-30 06:00:00,2024-11-29 22:00:00,50.55233
CAISO SP15,USA,2024-11-30 07:00:00,2024-11-29 23:00:00,45.26194
CAISO SP15,USA,2024-11-30 08:00:00,2024-11-30 00:00:00,49.46754
CAISO SP15,USA,2024-11-30 09:00:00,2024-11-30 01:00:00,46.54296
CAISO SP15,USA,2024-11-30 10:00:00,2024-11-30 02:00:00,44.80833
CAISO SP15,USA,2024-11-30 11:00:00,2024-11-30 03:00:00,45.87499
CAISO SP15,USA,2024-11-30 12:00:00,2024-11-30 04:00:00,48.68355
CAISO SP15,USA,2024-11-30 13:00:00,2024-11-30 05:00:00,49.1865
CAISO SP15,USA,2024-11-30 14:00:00,2024-11-30 06:00:00,49.02557
CAISO SP15,USA,2024-11-30 15:00:00,2024-11-30 07:00:00,41.54056
CAISO SP15,USA,2024-11-30 16:00:00,2024-11-30 08:00:00,30.84634
CAISO SP15,USA,2024-11-30 17:00:00,2024-11-30 09:00:00,28.71472
CAISO SP15,USA,2024-11-30 18:00:00,2024-11-30 10:00:00,28.52798
CAISO SP15,USA,2024-11-30 19:00:00,2024-11-30 11:00:00,26.63378
CAISO SP15,USA,2024-11-30 20:00:00,2024-11-30 12:00:00,25.45425
CAISO SP15,USA,2024-11-30 21:00:00,2024-11-30 13:00:00,27.77672
CAISO SP15,USA,2024-11-30 22:00:00,2024-11-30 14:00:00,31.01046
CAISO SP15,USA,2024-11-30 23:00:00,2024-11-30 15:00:00,52.3131
CAISO SP15,USA,2024-12-01 00:00:00,2024-11-30 16:00:00,57.26554
CAISO SP15,USA,2024-12-01 01:00:00,2024-11-30 17:00:00,57.91943
CAISO SP15,USA,2024-12-01 02:00:00,2024-11-30 18:00:00,59.15576
CAISO SP15,USA,2024-12-01 03:00:00,2024-11-30 19:00:00,57.22665
CAISO SP15,USA,2024-12-01 04:00:00,2024-11-30 20:00:00,56.95802
CAISO SP15,USA,2024-12-01 05:00:00,2024-11-30 21:00:00,56.80233
CAISO SP15,USA,2024-12-01 06:00:00,2024-11-30 22:00:00,56.70636
CAISO SP15,USA,2024-12-01 07:00:00,2024-11-30 23:00:00,54.66251
CAISO SP15,USA,2024-12-01 08:00:00,2024-12-01 00:00:00,62.66061
CAISO SP15,USA,2024-12-01 09:00:00,2024-12-01 01:00:00,61.52251
CAISO SP15,USA,2024-12-01 10:00:00,2024-12-01 02:00:00,56.96297
CAISO SP15,USA,2024-12-01 11:00:00,2024-12-01 03:00:00,55.0
CAISO SP15,USA,2024-12-01 12:00:00,2024-12-01 04:00:00,55.0
CAISO SP15,USA,2024-12-01 13:00:00,2024-12-01 05:00:00,56.05127
CAISO SP15,USA,2024-12-01 14:00:00,2024-12-01 06:00:00,56.1923
CAISO SP15,USA,2024-12-01 15:00:00,2024-12-01 07:00:00,45.18363
CAISO SP15,USA,2024-12-01 16:00:00,2024-12-01 08:00:00,27.19686
CAISO SP15,USA,2024-12-01 17:00:00,2024-12-01 09:00:00,22.73169
CAISO SP15,USA,2024-12-01 18:00:00,2024-12-01 10:00:00,20.93664
CAISO SP15,USA,2024-12-01 19:00:00,2024-12-01 11:00:00,20.87771
CAISO SP15,USA,2024-12-01 20:00:00,2024-12-01 12:00:00,20.58667
CAISO SP15,USA,2024-12-01 21:00:00,2024-12-01 13:00:00,20.39088
CAISO SP15,USA,2024-12-01 22:00:00,2024-12-01 14:00:00,22.99488
CAISO SP15,USA,2024-12-01 23:00:00,2024-12-01 15:00:00,50.98847
CAISO SP15,USA,2024-12-02 00:00:00,2024-12-01 16:00:00,62.25252
CAISO SP15,USA,2024-12-02 01:00:00,2024-12-01 17:00:00,63.09009
CAISO SP15,USA,2024-12-02 02:00:00,2024-12-01 18:00:00,62.90694
CAISO SP15,USA,2024-12-02 03:00:00,2024-12-01 19:00:00,61.65871
CAISO SP15,USA,2024-12-02 04:00:00,2024-12-01 20:00:00,61.24652
CAISO SP15,USA,2024-12-02 05:00:00,2024-12-01 21:00:00,61.52294
CAISO SP15,USA,2024-12-02 06:00:00,2024-12-01 22:00:00,59.29906
CAISO SP15,USA,2024-12-02 07:00:00,2024-12-01 23:00:00,58.04687
CAISO SP15,USA,2024-12-02 08:00:00,2024-12-02 00:00:00,62.20328
CAISO SP15,USA,2024-12-02 09:00:00,2024-12-02 01:00:00,56.77534
CAISO SP15,USA,2024-12-02 10:00:00,2024-12-02 02:00:00,56.35719
CAISO SP15,USA,2024-12-02 11:00:00,2024-12-02 03:00:00,56.21803
CAISO SP15,USA,2024-12-02 12:00:00,2024-12-02 04:00:00,58.26161
CAISO SP15,USA,2024-12-02 13:00:00,2024-12-02 05:00:00,67.88508
CAISO SP15,USA,2024-12-02 14:00:00,2024-12-02 06:00:00,68.73397
CAISO SP15,USA,2024-12-02 15:00:00,2024-12-02 07:00:00,63.48467
CAISO SP15,USA,2024-12-02 16:00:00,2024-12-02 08:00:00,38.11041
CAISO SP15,USA,2024-12-02 17:00:00,2024-12-02 09:00:00,30.97967
CAISO SP15,USA,2024-12-02 18:00:00,2024-12-02 10:00:00,29.28458
CAISO SP15,USA,2024-12-02 19:00:00,2024-12-02 11:00:00,28.70942
CAISO SP15,USA,2024-12-02 20:00:00,2024-12-02 12:00:00,28.5
CAISO SP15,USA,2024-12-02 21:00:00,2024-12-02 13:00:00,30.03224
CAISO SP15,USA,2024-12-02 22:00:00,2024-12-02 14:00:00,33.8112
CAISO SP15,USA,2024-12-02 23:00:00,2024-12-02 15:00:00,53.82301
CAISO SP15,USA,2024-12-03 00:00:00,2024-12-02 16:00:00,64.89825
CAISO SP15,USA,2024-12-03 01:00:00,2024-12-02 17:00:00,69.01145
CAISO SP15,USA,2024-12-03 02:00:00,2024-12-02 18:00:00,66.14509
CAISO SP15,USA,2024-12-03 03:00:00,2024-12-02 19:00:00,65.77659
CAISO SP15,USA,2024-12-03 04:00:00,2024-12-02 20:00:00,65.98268
CAISO SP15,USA,2024-12-03 05:00:00,2024-12-02 21:00:00,65.88095
CAISO SP15,USA,2024-12-03 06:00:00,2024-12-02 22:00:00,64.68748
CAISO SP15,USA,2024-12-03 07:00:00,2024-12-02 23:00:00,61.62528
CAISO SP15,USA,2024-12-03 08:00:00,2024-12-03 00:00:00,50.05472
CAISO SP15,USA,2024-12-03 09:00:00,2024-12-03 01:00:00,47.17557
CAISO SP15,USA,2024-12-03 10:00:00,2024-12-03 02:00:00,46.58568
CAISO SP15,USA,2024-12-03 11:00:00,2024-12-03 03:00:00,46.52651
CAISO SP15,USA,2024-12-03 12:00:00,2024-12-03 04:00:00,47.2661
CAISO SP15,USA,2024-12-03 13:00:00,2024-12-03 05:00:00,55.5657
CAISO SP15,USA,2024-12-03 14:00:00,2024-12-03 06:00:00,61.90425
CAISO SP15,USA,2024-12-03 15:00:00,2024-12-03 07:00:00,55.80781
CAISO SP15,USA,2024-12-03 16:00:00,2024-12-03 08:00:00,40.40233
CAISO SP15,USA,2024-12-03 17:00:00,2024-12-03 09:00:00,36.13476
CAISO SP15,USA,2024-12-03 18:00:00,2024-12-03 10:00:00,35.73671
CAISO SP15,USA,2024-12-03 19:00:00,2024-12-03 11:00:00,35.12609
CAISO SP15,USA,2024-12-03 20:00:00,2024-12-03 12:00:00,32.86729
CAISO SP15,USA,2024-12-03 21:00:00,2024-12-03 13:00:00,32.81105
CAISO SP15,USA,2024-12-03 22:00:00,2024-12-03 14:00:00,35.71895
CAISO SP15,USA,2024-12-03 23:00:00,2024-12-03 15:00:00,49.63165
CAISO SP15,USA,2024-12-04 00:00:00,2024-12-03 16:00:00,61.93442
CAISO SP15,USA,2024-12-04 01:00:00,2024-12-03 17:00:00,63.59444
CAISO SP15,USA,2024-12-04 02:00:00,2024-12-03 18:00:00,62.76385
CAISO SP15,USA,2024-12-04 03:00:00,2024-12-03 19:00:00,62.56064
CAISO SP15,USA,2024-12-04 04:00:00,2024-12-03 20:00:00,62.04641
CAISO SP15,USA,2024-12-04 05:00:00,2024-12-03 21:00:00,60.82548
CAISO SP15,USA,2024-12-04 06:00:00,2024-12-03 22:00:00,56.61443
CAISO SP15,USA,2024-12-04 07:00:00,2024-12-03 23:00:00,53.25233
CAISO SP15,USA,2024-12-04 08:00:00,2024-12-04 00:00:00,46.21234
CAISO SP15,USA,2024-12-04 09:00:00,2024-12-04 01:00:00,44.45121
CAISO SP15,USA,2024-12-04 10:00:00,2024-12-04 02:00:00,43.89256
CAISO SP15,USA,2024-12-04 11:00:00,2024-12-04 03:00:00,43.79764
CAISO SP15,USA,2024-12-04 12:00:00,2024-12-04 04:00:00,45.26472
CAISO SP15,USA,2024-12-04 13:00:00,2024-12-04 05:00:00,52.0
CAISO SP15,USA,2024-12-04 14:00:00,2024-12-04 06:00:00,55.81411
CAISO SP15,USA,2024-12-04 15:00:00,2024-12-04 07:00:00,51.33723
CAISO SP15,USA,2024-12-04 16:00:00,2024-12-04 08:00:00,37.41505
CAISO SP15,USA,2024-12-04 17:00:00,2024-12-04 09:00:00,26.51832
CAISO SP15,USA,2024-12-04 18:00:00,2024-12-04 10:00:00,25.59153
CAISO SP15,USA,2024-12-04 19:00:00,2024-12-04 11:00:00,24.6366
CAISO SP15,USA,2024-12-04 20:00:00,2024-12-04 12:00:00,23.61807
CAISO SP15,USA,2024-12-04 21:00:00,2024-12-04 13:00:00,20.1119
CAISO SP15,USA,2024-12-04 22:00:00,2024-12-04 14:00:00,25.70653
CAISO SP15,USA,2024-12-04 23:00:00,2024-12-04 15:00:00,47.36936
CAISO SP15,USA,2024-12-05 00:00:00,2024-12-04 16:00:00,56.50951
CAISO SP15,USA,2024-12-05 01:00:00,2024-12-04 17:00:00,58.89539
CAISO SP15,USA,2024-12-05 02:00:00,2024-12-04 18:00:00,56.7637
CAISO SP15,USA,2024-12-05 03:00:00,2024-12-04 19:00:00,56.1766
CAISO SP15,USA,2024-12-05 04:00:00,2024-12-04 20:00:00,55.80542
CAISO SP15,USA,2024-12-05 05:00:00,2024-12-04 21:00:00,55.82071
CAISO SP15,USA,2024-12-05 06:00:00,2024-12-04 22:00:00,54.1916
CAISO SP15,USA,2024-12-05 07:00:00,2024-12-04 23:00:00,52.47017
CAISO SP15,USA,2024-12-05 08:00:00,2024-12-05 00:00:00,49.30784
CAISO SP15,USA,2024-12-05 09:00:00,2024-12-05 01:00:00,45.49272
CAISO SP15,USA,2024-12-05 10:00:00,2024-12-05 02:00:00,44.30969
CAISO SP15,USA,2024-12-05 11:00:00,2024-12-05 03:00:00,44.1961
CAISO SP15,USA,2024-12-05 12:00:00,2024-12-05 04:00:00,47.91762
CAISO SP15,USA,2024-12-05 13:00:00,2024-12-05 05:00:00,51.47049
CAISO SP15,USA,2024-12-05 14:00:00,2024-12-05 06:00:00,53.05113
CAISO SP15,USA,2024-12-05 15:00:00,2024-12-05 07:00:00,48.76367
CAISO SP15,USA,2024-12-05 16:00:00,2024-12-05 08:00:00,29.96404
CAISO SP15,USA,2024-12-05 17:00:00,2024-12-05 09:00:00,25.33905
CAISO SP15,USA,2024-12-05 18:00:00,2024-12-05 10:00:00,22.75418
CAISO SP15,USA,2024-12-05 19:00:00,2024-12-05 11:00:00,22.52324
CAISO SP15,USA,2024-12-05 20:00:00,2024-12-05 12:00:00,19.84067
CAISO SP15,USA,2024-12-05 21:00:00,2024-12-05 13:00:00,19.77123
CAISO SP15,USA,2024-12-05 22:00:00,2024-12-05 14:00:00,24.1618
CAISO SP15,USA,2024-12-05 23:00:00,2024-12-05 15:00:00,46.44302
CAISO SP15,USA,2024-12-06 00:00:00,2024-12-05 16:00:00,56.01479
CAISO SP15,USA,2024-12-06 01:00:00,2024-12-05 17:00:00,56.35941
CAISO SP15,USA,2024-12-06 02:00:00,2024-12-05 18:00:00,54.86425
CAISO SP15,USA,2024-12-06 03:00:00,2024-12-05 19:00:00,54.62289
CAISO SP15,USA,2024-12-06 04:00:00,2024-12-05 20:00:00,54.42095
CAISO SP15,USA,2024-12-06 05:00:00,2024-12-05 21:00:00,54.67305
CAISO SP15,USA,2024-12-06 06:00:00,2024-12-05 22:00:00,53.02971
CAISO SP15,USA,2024-12-06 07:00:00,2024-12-05 23:00:00,51.53272
CAISO SP15,USA,2024-12-06 08:00:00,2024-12-06 00:00:00,48.91757
CAISO SP15,USA,2024-12-06 09:00:00,2024-12-06 01:00:00,45.29151
CAISO SP15,USA,2024-12-06 10:00:00,2024-12-06 02:00:00,44.68068
CAISO SP15,USA,2024-12-06 11:00:00,2024-12-06 03:00:00,44.4762
CAISO SP15,USA,2024-12-06 12:00:00,2024-12-06 04:00:00,45.24406
CAISO SP15,USA,2024-12-06 13:00:00,2024-12-06 05:00:00,54.08225
CAISO SP15,USA,2024-12-06 14:00:00,2024-12-06 06:00:00,55.82956
CAISO SP15,USA,2024-12-06 15:00:00,2024-12-06 07:00:00,46.98156
CAISO SP15,USA,2024-12-06 16:00:00,2024-12-06 08:00:00,26.4631
CAISO SP15,USA,2024-12-06 17:00:00,2024-12-06 09:00:00,18.9843
CAISO SP15,USA,2024-12-06 18:00:00,2024-12-06 10:00:00,18.19087
CAISO SP15,USA,2024-12-06 19:00:00,2024-12-06 11:00:00,17.3687
CAISO SP15,USA,2024-12-06 20:00:00,2024-12-06 12:00:00,17.28512
CAISO SP15,USA,2024-12-06 21:00:00,2024-12-06 13:00:00,17.35789
CAISO SP15,USA,2024-12-06 22:00:00,2024-12-06 14:00:00,18.66
CAISO SP15,USA,2024-12-06 23:00:00,2024-12-06 15:00:00,46.19067
CAISO SP15,USA,2024-12-07 00:00:00,2024-12-06 16:00:00,56.7137
CAISO SP15,USA,2024-12-07 01:00:00,2024-12-06 17:00:00,57.48518
CAISO SP15,USA,2024-12-07 02:00:00,2024-12-06 18:00:00,56.33434
CAISO SP15,USA,2024-12-07 03:00:00,2024-12-06 19:00:00,55.75094
CAISO SP15,USA,2024-12-07 04:00:00,2024-12-06 20:00:00,56.18801
CAISO SP15,USA,2024-12-07 05:00:00,2024-12-06 21:00:00,55.87412
CAISO SP15,USA,2024-12-07 06:00:00,2024-12-06 22:00:00,55.401
CAISO SP15,USA,2024-12-07 07:00:00,2024-12-06 23:00:00,53.42971
CAISO SP15,USA,2024-12-07 08:00:00,2024-12-07 00:00:00,47.15065
CAISO SP15,USA,2024-12-07 09:00:00,2024-12-07 01:00:00,46.4387
CAISO SP15,USA,2024-12-07 10:00:00,2024-12-07 02:00:00,44.03926
CAISO SP15,USA,2024-12-07 11:00:00,2024-12-07 03:00:00,43.62917
CAISO SP15,USA,2024-12-07 12:00:00,2024-12-07 04:00:00,43.93062
CAISO SP15,USA,2024-12-07 13:00:00,2024-12-07 05:00:00,47.0681
CAISO SP15,USA,2024-12-07 14:00:00,2024-12-07 06:00:00,47.13951
CAISO SP15,USA,2024-12-07 15:00:00,2024-12-07 07:00:00,42.37504
CAISO SP15,USA,2024-12-07 16:00:00,2024-12-07 08:00:00,13.4061
CAISO SP15,USA,2024-12-07 17:00:00,2024-12-07 09:00:00,10.67146
CAISO SP15,USA,2024-12-07 18:00:00,2024-12-07 10:00:00,10.25747
CAISO SP15,USA,2024-12-07 19:00:00,2024-12-07 11:00:00,9.65324
CAISO SP15,USA,2024-12-07 20:00:00,2024-12-07 12:00:00,8.47143
CAISO SP15,USA,2024-12-07 21:00:00,2024-12-07 13:00:00,7.31601
CAISO SP15,USA,2024-12-07 22:00:00,2024-12-07 14:00:00,12.77343
CAISO SP15,USA,2024-12-07 23:00:00,2024-12-07 15:00:00,39.68141
CAISO SP15,USA,2024-12-08 00:00:00,2024-12-07 16:00:00,48.504
CAISO SP15,USA,2024-12-08 01:00:00,2024-12-07 17:00:00,50.05759
CAISO SP15,USA,2024-12-08 02:00:00,2024-12-07 18:00:00,48.62528
CAISO SP15,USA,2024-12-08 03:00:00,2024-12-07 19:00:00,48.14593
CAISO SP15,USA,2024-12-08 04:00:00,2024-12-07 20:00:00,47.59783
CAISO SP15,USA,2024-12-08 05:00:00,2024-12-07 21:00:00,46.90931
CAISO SP15,USA,2024-12-08 06:00:00,2024-12-07 22:00:00,46.54276
CAISO SP15,USA,2024-12-08 07:00:00,2024-12-07 23:00:00,46.27624
CAISO SP15,USA,2024-12-08 08:00:00,2024-12-08 00:00:00,43.82191
CAISO SP15,USA,2024-12-08 09:00:00,2024-12-08 01:00:00,43.43531
CAISO SP15,USA,2024-12-08 10:00:00,2024-12-08 02:00:00,42.71197
CAISO SP15,USA,2024-12-08 11:00:00,2024-12-08 03:00:00,40.86145
CAISO SP15,USA,2024-12-08 12:00:00,2024-12-08 04:00:00,40.45577
CAISO SP15,USA,2024-12-08 13:00:00,2024-12-08 05:00:00,42.47181
CAISO SP15,USA,2024-12-08 14:00:00,2024-12-08 06:00:00,42.58538
CAISO SP15,USA,2024-12-08 15:00:00,2024-12-08 07:00:00,31.85
CAISO SP15,USA,2024-12-08 16:00:00,2024-12-08 08:00:00,18.7005
CAISO SP15,USA,2024-12-08 17:00:00,2024-12-08 09:00:00,17.99797
CAISO SP15,USA,2024-12-08 18:00:00,2024-12-08 10:00:00,18.05505
CAISO SP15,USA,2024-12-08 19:00:00,2024-12-08 11:00:00,16.23691
CAISO SP15,USA,2024-12-08 20:00:00,2024-12-08 12:00:00,17.60147
CAISO SP15,USA,2024-12-08 21:00:00,2024-12-08 13:00:00,18.40841
CAISO SP15,USA,2024-12-08 22:00:00,2024-12-08 14:00:00,22.03879
CAISO SP15,USA,2024-12-08 23:00:00,2024-12-08 15:00:00,40.57903
CAISO SP15,USA,2024-12-09 00:00:00,2024-12-08 16:00:00,46.73312
CAISO SP15,USA,2024-12-09 01:00:00,2024-12-08 17:00:00,47.66417
CAISO SP15,USA,2024-12-09 02:00:00,2024-12-08 18:00:00,47.01293
CAISO SP15,USA,2024-12-09 03:00:00,2024-12-08 19:00:00,46.73399
CAISO SP15,USA,2024-12-09 04:00:00,2024-12-08 20:00:00,46.6809
CAISO SP15,USA,2024-12-09 05:00:00,2024-12-08 21:00:00,46.52173
CAISO SP15,USA,2024-12-09 06:00:00,2024-12-08 22:00:00,45.47009
CAISO SP15,USA,2024-12-09 07:00:00,2024-12-08 23:00:00,44.60951
CAISO SP15,USA,2024-12-09 08:00:00,2024-12-09 00:00:00,40.46799
CAISO SP15,USA,2024-12-09 09:00:00,2024-12-09 01:00:00,40.59411
CAISO SP15,USA,2024-12-09 10:00:00,2024-12-09 02:00:00,40.5026
CAISO SP15,USA,2024-12-09 11:00:00,2024-12-09 03:00:00,40.71097
CAISO SP15,USA,2024-12-09 12:00:00,2024-12-09 04:00:00,42.24415
CAISO SP15,USA,2024-12-09 13:00:00,2024-12-09 05:00:00,48.37716
CAISO SP15,USA,2024-12-09 14:00:00,2024-12-09 06:00:00,52.43664
CAISO SP15,USA,2024-12-09 15:00:00,2024-12-09 07:00:00,47.69503
CAISO SP15,USA,2024-12-09 16:00:00,2024-12-09 08:00:00,25.30268
CAISO SP15,USA,2024-12-09 17:00:00,2024-12-09 09:00:00,21.15234
CAISO SP15,USA,2024-12-09 18:00:00,2024-12-09 10:00:00,18.65568
CAISO SP15,USA,2024-12-09 19:00:00,2024-12-09 11:00:00,18.47618
CAISO SP15,USA,2024-12-09 20:00:00,2024-12-09 12:00:00,18.32124
CAISO SP15,USA,2024-12-09 21:00:00,2024-12-09 13:00:00,16.02
CAISO SP15,USA,2024-12-09 22:00:00,2024-12-09 14:00:00,18.64484
CAISO SP15,USA,2024-12-09 23:00:00,2024-12-09 15:00:00,44.93027
CAISO SP15,USA,2024-12-10 00:00:00,2024-12-09 16:00:00,55.1117
CAISO SP15,USA,2024-12-10 01:00:00,2024-12-09 17:00:00,56.51191
CAISO SP15,USA,2024-12-10 02:00:00,2024-12-09 18:00:00,54.76655
CAISO SP15,USA,2024-12-10 03:00:00,2024-12-09 19:00:00,54.61585
CAISO SP15,USA,2024-12-10 04:00:00,2024-12-09 20:00:00,54.48584
CAISO SP15,USA,2024-12-10 05:00:00,2024-12-09 21:00:00,54.52775
CAISO SP15,USA,2024-12-10 06:00:00,2024-12-09 22:00:00,53.7466
CAISO SP15,USA,2024-12-10 07:00:00,2024-12-09 23:00:00,51.12968
CAISO SP15,USA,2024-12-10 08:00:00,2024-12-10 00:00:00,44.04136
CAISO SP15,USA,2024-12-10 09:00:00,2024-12-10 01:00:00,44.23198
CAISO SP15,USA,2024-12-10 10:00:00,2024-12-10 02:00:00,43.84673
CAISO SP15,USA,2024-12-10 11:00:00,2024-12-10 03:00:00,43.74136
CAISO SP15,USA,2024-12-10 12:00:00,2024-12-10 04:00:00,46.57566
CAISO SP15,USA,2024-12-10 13:00:00,2024-12-10 05:00:00,52.422
CAISO SP15,USA,2024-12-10 14:00:00,2024-12-10 06:00:00,52.61457
CAISO SP15,USA,2024-12-10 15:00:00,2024-12-10 07:00:00,49.79206
CAISO SP15,USA,2024-12-10 16:00:00,2024-12-10 08:00:00,29.76283
CAISO SP15,USA,2024-12-10 17:00:00,2024-12-10 09:00:00,18.20087
CAISO SP15,USA,2024-12-10 18:00:00,2024-12-10 10:00:00,16.47879
CAISO SP15,USA,2024-12-10 19:00:00,2024-12-10 11:00:00,15.37054
CAISO SP15,USA,2024-12-10 20:00:00,2024-12-10 12:00:00,15.04541
CAISO SP15,USA,2024-12-10 21:00:00,2024-12-10 13:00:00,14.29505
CAISO SP15,USA,2024-12-10 22:00:00,2024-12-10 14:00:00,16.02
CAISO SP15,USA,2024-12-10 23:00:00,2024-12-10 15:00:00,44.1424
CAISO SP15,USA,2024-12-11 00:00:00,2024-12-10 16:00:00,59.60368
CAISO SP15,USA,2024-12-11 01:00:00,2024-12-10 17:00:00,62.52948
CAISO SP15,USA,2024-12-11 02:00:00,2024-12-10 18:00:00,60.16648
CAISO SP15,USA,2024-12-11 03:00:00,2024-12-10 19:00:00,60.2268
CAISO SP15,USA,2024-12-11 04:00:00,2024-12-10 20:00:00,59.60602
CAISO SP15,USA,2024-12-11 05:00:00,2024-12-10 21:00:00,59.4
CAISO SP15,USA,2024-12-11 06:00:00,2024-12-10 22:00:00,57.58138
CAISO SP15,USA,2024-12-11 07:00:00,2024-12-10 23:00:00,55.46658
CAISO SP15,USA,2024-12-11 08:00:00,2024-12-11 00:00:00,49.79017
CAISO SP15,USA,2024-12-11 09:00:00,2024-12-11 01:00:00,48.88088
CAISO SP15,USA,2024-12-11 10:00:00,2024-12-11 02:00:00,48.62206
CAISO SP15,USA,2024-12-11 11:00:00,2024-12-11 03:00:00,49.23907
CAISO SP15,USA,2024-12-11 12:00:00,2024-12-11 04:00:00,51.51987
CAISO SP15,USA,2024-12-11 13:00:00,2024-12-11 05:00:00,59.97455
CAISO SP15,USA,2024-12-11 14:00:00,2024-12-11 06:00:00,60.02673
CAISO SP15,USA,2024-12-11 15:00:00,2024-12-11 07:00:00,51.82184
CAISO SP15,USA,2024-12-11 16:00:00,2024-12-11 08:00:00,37.35613
CAISO SP15,USA,2024-12-11 17:00:00,2024-12-11 09:00:00,35.38451
CAISO SP15,USA,2024-12-11 18:00:00,2024-12-11 10:00:00,34.54871
CAISO SP15,USA,2024-12-11 19:00:00,2024-12-11 11:00:00,34.56278
CAISO SP15,USA,2024-12-11 20:00:00,2024-12-11 12:00:00,33.1472
CAISO SP15,USA,2024-12-11 21:00:00,2024-12-11 13:00:00,32.5062
CAISO SP15,USA,2024-12-11 22:00:00,2024-12-11 14:00:00,34.29753
CAISO SP15,USA,2024-12-11 23:00:00,2024-12-11 15:00:00,47.59614
CAISO SP15,USA,2024-12-12 00:00:00,2024-12-11 16:00:00,59.63361
CAISO SP15,USA,2024-12-12 01:00:00,2024-12-11 17:00:00,60.6698
CAISO SP15,USA,2024-12-12 02:00:00,2024-12-11 18:00:00,60.76799
CAISO SP15,USA,2024-12-12 03:00:00,2024-12-11 19:00:00,59.80787
CAISO SP15,USA,2024-12-12 04:00:00,2024-12-11 20:00:00,60.07005
CAISO SP15,USA,2024-12-12 05:00:00,2024-12-11 21:00:00,59.44943
CAISO SP15,USA,2024-12-12 06:00:00,2024-12-11 22:00:00,57.75475
CAISO SP15,USA,2024-12-12 07:00:00,2024-12-11 23:00:00,53.73261
CAISO SP15,USA,2024-12-12 08:00:00,2024-12-12 00:00:00,49.71226
CAISO SP15,USA,2024-12-12 09:00:00,2024-12-12 01:00:00,47.60968
CAISO SP15,USA,2024-12-12 10:00:00,2024-12-12 02:00:00,47.69434
CAISO SP15,USA,2024-12-12 11:00:00,2024-12-12 03:00:00,47.44128
CAISO SP15,USA,2024-12-12 12:00:00,2024-12-12 04:00:00,48.01345
CAISO SP15,USA,2024-12-12 13:00:00,2024-12-12 05:00:00,56.64188
CAISO SP15,USA,2024-12-12 14:00:00,2024-12-12 06:00:00,59.16188
CAISO SP15,USA,2024-12-12 15:00:00,2024-12-12 07:00:00,55.68924
CAISO SP15,USA,2024-12-12 16:00:00,2024-12-12 08:00:00,45.4908
CAISO SP15,USA,2024-12-12 17:00:00,2024-12-12 09:00:00,41.75844
CAISO SP15,USA,2024-12-12 18:00:00,2024-12-12 10:00:00,40.0701
CAISO SP15,USA,2024-12-12 19:00:00,2024-12-12 11:00:00,36.22975
CAISO SP15,USA,2024-12-12 20:00:00,2024-12-12 12:00:00,25.35887
CAISO SP15,USA,2024-12-12 21:00:00,2024-12-12 13:00:00,19.43876
CAISO SP15,USA,2024-12-12 22:00:00,2024-12-12 14:00:00,20.89385
CAISO SP15,USA,2024-12-12 23:00:00,2024-12-12 15:00:00,39.51744
CAISO SP15,USA,2024-12-13 00:00:00,2024-12-12 16:00:00,51.73283
CAISO SP15,USA,2024-12-13 01:00:00,2024-12-12 17:00:00,52.02469
CAISO SP15,USA,2024-12-13 02:00:00,2024-12-12 18:00:00,52.41152
CAISO SP15,USA,2024-12-13 03:00:00,2024-12-12 19:00:00,52.70841
CAISO SP15,USA,2024-12-13 04:00:00,2024-12-12 20:00:00,52.43465
CAISO SP15,USA,2024-12-13 05:00:00,2024-12-12 21:00:00,51.84372
CAISO SP15,USA,2024-12-13 06:00:00,2024-12-12 22:00:00,50.24
CAISO SP15,USA,2024-12-13 07:00:00,2024-12-12 23:00:00,46.35987
CAISO SP15,USA,2024-12-13 08:00:00,2024-12-13 00:00:00,42.26634
CAISO SP15,USA,2024-12-13 09:00:00,2024-12-13 01:00:00,42.0093
CAISO SP15,USA,2024-12-13 10:00:00,2024-12-13 02:00:00,42.15316
CAISO SP15,USA,2024-12-13 11:00:00,2024-12-13 03:00:00,42.20394
CAISO SP15,USA,2024-12-13 12:00:00,2024-12-13 04:00:00,43.03385
CAISO SP15,USA,2024-12-13 13:00:00,2024-12-13 05:00:00,49.63044
CAISO SP15,USA,2024-12-13 14:00:00,2024-12-13 06:00:00,52.12688
CAISO SP15,USA,2024-12-13 15:00:00,2024-12-13 07:00:00,49.45484
CAISO SP15,USA,2024-12-13 16:00:00,2024-12-13 08:00:00,31.21762
CAISO SP15,USA,2024-12-13 17:00:00,2024-12-13 09:00:00,22.30163
CAISO SP15,USA,2024-12-13 18:00:00,2024-12-13 10:00:00,21.21152
CAISO SP15,USA,2024-12-13 19:00:00,2024-12-13 11:00:00,21.0437
CAISO SP15,USA,2024-12-13 20:00:00,2024-12-13 12:00:00,17.34957
CAISO SP15,USA,2024-12-13 21:00:00,2024-12-13 13:00:00,16.72898
CAISO SP15,USA,2024-12-13 22:00:00,2024-12-13 14:00:00,21.43
CAISO SP15,USA,2024-12-13 23:00:00,2024-12-13 15:00:00,40.2115
CAISO SP15,USA,2024-12-14 00:00:00,2024-12-13 16:00:00,53.9191
CAISO SP15,USA,2024-12-14 01:00:00,2024-12-13 17:00:00,55.03755
CAISO SP15,USA,2024-12-14 02:00:00,2024-12-13 18:00:00,54.22687
CAISO SP15,USA,2024-12-14 03:00:00,2024-12-13 19:00:00,53.79573
CAISO SP15,USA,2024-12-14 04:00:00,2024-12-13 20:00:00,53.63764
CAISO SP15,USA,2024-12-14 05:00:00,2024-12-13 21:00:00,53.08087
CAISO SP15,USA,2024-12-14 06:00:00,2024-12-13 22:00:00,51.83663
CAISO SP15,USA,2024-12-14 07:00:00,2024-12-13 23:00:00,51.30314
CAISO SP15,USA,2024-12-14 08:00:00,2024-12-14 00:00:00,48.85826
CAISO SP15,USA,2024-12-14 09:00:00,2024-12-14 01:00:00,46.05351
CAISO SP15,USA,2024-12-14 10:00:00,2024-12-14 02:00:00,43.85731
CAISO SP15,USA,2024-12-14 11:00:00,2024-12-14 03:00:00,43.29909
CAISO SP15,USA,2024-12-14 12:00:00,2024-12-14 04:00:00,45.32345
CAISO SP15,USA,2024-12-14 13:00:00,2024-12-14 05:00:00,49.85749
CAISO SP15,USA,2024-12-14 14:00:00,2024-12-14 06:00:00,50.11658
CAISO SP15,USA,2024-12-14 15:00:00,2024-12-14 07:00:00,48.48862
CAISO SP15,USA,2024-12-14 16:00:00,2024-12-14 08:00:00,37.0685
CAISO SP15,USA,2024-12-14 17:00:00,2024-12-14 09:00:00,30.72853
CAISO SP15,USA,2024-12-14 18:00:00,2024-12-14 10:00:00,30.42807
CAISO SP15,USA,2024-12-14 19:00:00,2024-12-14 11:00:00,29.29
CAISO SP15,USA,2024-12-14 20:00:00,2024-12-14 12:00:00,24.34646
CAISO SP15,USA,2024-12-14 21:00:00,2024-12-14 13:00:00,19.67252
CAISO SP15,USA,2024-12-14 22:00:00,2024-12-14 14:00:00,21.23221
CAISO SP15,USA,2024-12-14 23:00:00,2024-12-14 15:00:00,37.47065
CAISO SP15,USA,2024-12-15 00:00:00,2024-12-14 16:00:00,47.37524
CAISO SP15,USA,2024-12-15 01:00:00,2024-12-14 17:00:00,47.89809
CAISO SP15,USA,2024-12-15 02:00:00,2024-12-14 18:00:00,47.47841
CAISO SP15,USA,2024-12-15 03:00:00,2024-12-14 19:00:00,47.17953
CAISO SP15,USA,2024-12-15 04:00:00,2024-12-14 20:00:00,46.68876
CAISO SP15,USA,2024-12-15 05:00:00,2024-12-14 21:00:00,46.59171
CAISO SP15,USA,2024-12-15 06:00:00,2024-12-14 22:00:00,45.87173
CAISO SP15,USA,2024-12-15 07:00:00,2024-12-14 23:00:00,42.9012
CAISO SP15,USA,2024-12-15 08:00:00,2024-12-15 00:00:00,37.64755
CAISO SP15,USA,2024-12-15 09:00:00,2024-12-15 01:00:00,36.73092
CAISO SP15,USA,2024-12-15 10:00:00,2024-12-15 02:00:00,36.14163
CAISO SP15,USA,2024-12-15 11:00:00,2024-12-15 03:00:00,35.89182
CAISO SP15,USA,2024-12-15 12:00:00,2024-12-15 04:00:00,36.89465
CAISO SP15,USA,2024-12-15 13:00:00,2024-12-15 05:00:00,37.40283
CAISO SP15,USA,2024-12-15 14:00:00,2024-12-15 06:00:00,39.43105
CAISO SP15,USA,2024-12-15 15:00:00,2024-12-15 07:00:00,39.0514
CAISO SP15,USA,2024-12-15 16:00:00,2024-12-15 08:00:00,10.10507
CAISO SP15,USA,2024-12-15 17:00:00,2024-12-15 09:00:00,0.86003
CAISO SP15,USA,2024-12-15 18:00:00,2024-12-15 10:00:00,-1.00412
CAISO SP15,USA,2024-12-15 19:00:00,2024-12-15 11:00:00,-1.40204
CAISO SP15,USA,2024-12-15 20:00:00,2024-12-15 12:00:00,-2.88155
CAISO SP15,USA,2024-12-15 21:00:00,2024-12-15 13:00:00,-2.50267
CAISO SP15,USA,2024-12-15 22:00:00,2024-12-15 14:00:00,0.61353
CAISO SP15,USA,2024-12-15 23:00:00,2024-12-15 15:00:00,22.9383
CAISO SP15,USA,2024-12-16 00:00:00,2024-12-15 16:00:00,50.30295
CAISO SP15,USA,2024-12-16 01:00:00,2024-12-15 17:00:00,50.78217
CAISO SP15,USA,2024-12-16 02:00:00,2024-12-15 18:00:00,50.82332
CAISO SP15,USA,2024-12-16 03:00:00,2024-12-15 19:00:00,50.43799
CAISO SP15,USA,2024-12-16 04:00:00,2024-12-15 20:00:00,50.11485
CAISO SP15,USA,2024-12-16 05:00:00,2024-12-15 21:00:00,50.30211
CAISO SP15,USA,2024-12-16 06:00:00,2024-12-15 22:00:00,49.53411
CAISO SP15,USA,2024-12-16 07:00:00,2024-12-15 23:00:00,48.23118
CAISO SP15,USA,2024-12-16 08:00:00,2024-12-16 00:00:00,46.95348
CAISO SP15,USA,2024-12-16 09:00:00,2024-12-16 01:00:00,45.92686
CAISO SP15,USA,2024-12-16 10:00:00,2024-12-16 02:00:00,46.86995
CAISO SP15,USA,2024-12-16 11:00:00,2024-12-16 03:00:00,46.87587
CAISO SP15,USA,2024-12-16 12:00:00,2024-12-16 04:00:00,48.15304
CAISO SP15,USA,2024-12-16 13:00:00,2024-12-16 05:00:00,56.34967
CAISO SP15,USA,2024-12-16 14:00:00,2024-12-16 06:00:00,58.65018
CAISO SP15,USA,2024-12-16 15:00:00,2024-12-16 07:00:00,55.95885
CAISO SP15,USA,2024-12-16 16:00:00,2024-12-16 08:00:00,46.39776
CAISO SP15,USA,2024-12-16 17:00:00,2024-12-16 09:00:00,38.41862
CAISO SP15,USA,2024-12-16 18:00:00,2024-12-16 10:00:00,38.25777
CAISO SP15,USA,2024-12-16 19:00:00,2024-12-16 11:00:00,37.92152
CAISO SP15,USA,2024-12-16 20:00:00,2024-12-16 12:00:00,35.329
CAISO SP15,USA,2024-12-16 21:00:00,2024-12-16 13:00:00,32.72686
CAISO SP15,USA,2024-12-16 22:00:00,2024-12-16 14:00:00,37.39313
CAISO SP15,USA,2024-12-16 23:00:00,2024-12-16 15:00:00,47.40403
CAISO SP15,USA,2024-12-17 00:00:00,2024-12-16 16:00:00,55.24898
CAISO SP15,USA,2024-12-17 01:00:00,2024-12-16 17:00:00,56.14783
CAISO SP15,USA,2024-12-17 02:00:00,2024-12-16 18:00:00,55.31779
CAISO SP15,USA,2024-12-17 03:00:00,2024-12-16 19:00:00,54.70602
CAISO SP15,USA,2024-12-17 04:00:00,2024-12-16 20:00:00,54.34915
CAISO SP15,USA,2024-12-17 05:00:00,2024-12-16 21:00:00,54.11652
CAISO SP15,USA,2024-12-17 06:00:00,2024-12-16 22:00:00,51.01491
CAISO SP15,USA,2024-12-17 07:00:00,2024-12-16 23:00:00,44.85118
CAISO SP15,USA,2024-12-17 08:00:00,2024-12-17 00:00:00,42.82532
CAISO SP15,USA,2024-12-17 09:00:00,2024-12-17 01:00:00,41.40022
CAISO SP15,USA,2024-12-17 10:00:00,2024-12-17 02:00:00,41.32718
CAISO SP15,USA,2024-12-17 11:00:00,2024-12-17 03:00:00,41.40901
CAISO SP15,USA,2024-12-17 12:00:00,2024-12-17 04:00:00,41.85371
CAISO SP15,USA,2024-12-17 13:00:00,2024-12-17 05:00:00,49.50181
CAISO SP15,USA,2024-12-17 14:00:00,2024-12-17 06:00:00,52.72505
CAISO SP15,USA,2024-12-17 15:00:00,2024-12-17 07:00:00,48.6806
CAISO SP15,USA,2024-12-17 16:00:00,2024-12-17 08:00:00,35.09063
CAISO SP15,USA,2024-12-17 17:00:00,2024-12-17 09:00:00,30.91402
CAISO SP15,USA,2024-12-17 18:00:00,2024-12-17 10:00:00,29.36057
CAISO SP15,USA,2024-12-17 19:00:00,2024-12-17 11:00:00,28.3205
CAISO SP15,USA,2024-12-17 20:00:00,2024-12-17 12:00:00,18.97241
CAISO SP15,USA,2024-12-17 21:00:00,2024-12-17 13:00:00,15.0
CAISO SP15,USA,2024-12-17 22:00:00,2024-12-17 14:00:00,21.83842
CAISO SP15,USA,2024-12-17 23:00:00,2024-12-17 15:00:00,38.4033
CAISO SP15,USA,2024-12-18 00:00:00,2024-12-17 16:00:00,52.53928
CAISO SP15,USA,2024-12-18 01:00:00,2024-12-17 17:00:00,52.33647
CAISO SP15,USA,2024-12-18 02:00:00,2024-12-17 18:00:00,51.50701
CAISO SP15,USA,2024-12-18 03:00:00,2024-12-17 19:00:00,50.44153
CAISO SP15,USA,2024-12-18 04:00:00,2024-12-17 20:00:00,51.46084
CAISO SP15,USA,2024-12-18 05:00:00,2024-12-17 21:00:00,51.21753
CAISO SP15,USA,2024-12-18 06:00:00,2024-12-17 22:00:00,50.39764
CAISO SP15,USA,2024-12-18 07:00:00,2024-12-17 23:00:00,48.56121
CAISO SP15,USA,2024-12-18 08:00:00,2024-12-18 00:00:00,48.76318
CAISO SP15,USA,2024-12-18 09:00:00,2024-12-18 01:00:00,43.15552
CAISO SP15,USA,2024-12-18 10:00:00,2024-12-18 02:00:00,43.09652
CAISO SP15,USA,2024-12-18 11:00:00,2024-12-18 03:00:00,43.0
CAISO SP15,USA,2024-12-18 12:00:00,2024-12-18 04:00:00,44.86874
CAISO SP15,USA,2024-12-18 13:00:00,2024-12-18 05:00:00,50.24547
CAISO SP15,USA,2024-12-18 14:00:00,2024-12-18 06:00:00,53.17827
CAISO SP15,USA,2024-12-18 15:00:00,2024-12-18 07:00:00,49.12331
CAISO SP15,USA,2024-12-18 16:00:00,2024-12-18 08:00:00,34.91802
CAISO SP15,USA,2024-12-18 17:00:00,2024-12-18 09:00:00,28.32239
CAISO SP15,USA,2024-12-18 18:00:00,2024-12-18 10:00:00,28.18818
CAISO SP15,USA,2024-12-18 19:00:00,2024-12-18 11:00:00,27.44277
CAISO SP15,USA,2024-12-18 20:00:00,2024-12-18 12:00:00,26.34128
CAISO SP15,USA,2024-12-18 21:00:00,2024-12-18 13:00:00,23.07516
CAISO SP15,USA,2024-12-18 22:00:00,2024-12-18 14:00:00,26.99496
CAISO SP15,USA,2024-12-18 23:00:00,2024-12-18 15:00:00,44.56383
CAISO SP15,USA,2024-12-19 00:00:00,2024-12-18 16:00:00,49.57637
CAISO SP15,USA,2024-12-19 01:00:00,2024-12-18 17:00:00,49.93959
CAISO SP15,USA,2024-12-19 02:00:00,2024-12-18 18:00:00,49.28067
CAISO SP15,USA,2024-12-19 03:00:00,2024-12-18 19:00:00,49.37648
CAISO SP15,USA,2024-12-19 04:00:00,2024-12-18 20:00:00,49.5725
CAISO SP15,USA,2024-12-19 05:00:00,2024-12-18 21:00:00,49.23135
CAISO SP15,USA,2024-12-19 06:00:00,2024-12-18 22:00:00,48.66511
CAISO SP15,USA,2024-12-19 07:00:00,2024-12-18 23:00:00,47.57082
CAISO SP15,USA,2024-12-19 08:00:00,2024-12-19 00:00:00,41.21967
CAISO SP15,USA,2024-12-19 09:00:00,2024-12-19 01:00:00,41.03612
CAISO SP15,USA,2024-12-19 10:00:00,2024-12-19 02:00:00,41.31511
CAISO SP15,USA,2024-12-19 11:00:00,2024-12-19 03:00:00,41.34729
CAISO SP15,USA,2024-12-19 12:00:00,2024-12-19 04:00:00,41.98363
CAISO SP15,USA,2024-12-19 13:00:00,2024-12-19 05:00:00,48.10983
CAISO SP15,USA,2024-12-19 14:00:00,2024-12-19 06:00:00,51.82138
CAISO SP15,USA,2024-12-19 15:00:00,2024-12-19 07:00:00,48.50733
CAISO SP15,USA,2024-12-19 16:00:00,2024-12-19 08:00:00,39.05008
CAISO SP15,USA,2024-12-19 17:00:00,2024-12-19 09:00:00,37.42719
CAISO SP15,USA,2024-12-19 18:00:00,2024-12-19 10:00:00,34.83913
CAISO SP15,USA,2024-12-19 19:00:00,2024-12-19 11:00:00,34.62705
CAISO SP15,USA,2024-12-19 20:00:00,2024-12-19 12:00:00,35.91491
CAISO SP15,USA,2024-12-19 21:00:00,2024-12-19 13:00:00,35.26512
CAISO SP15,USA,2024-12-19 22:00:00,2024-12-19 14:00:00,37.65394
CAISO SP15,USA,2024-12-19 23:00:00,2024-12-19 15:00:00,48.19341
CAISO SP15,USA,2024-12-20 00:00:00,2024-12-19 16:00:00,53.80668
CAISO SP15,USA,2024-12-20 01:00:00,2024-12-19 17:00:00,54.54765
CAISO SP15,USA,2024-12-20 02:00:00,2024-12-19 18:00:00,52.90106
CAISO SP15,USA,2024-12-20 03:00:00,2024-12-19 19:00:00,52.51205
CAISO SP15,USA,2024-12-20 04:00:00,2024-12-19 20:00:00,53.08411
CAISO SP15,USA,2024-12-20 05:00:00,2024-12-19 21:00:00,52.50468
CAISO SP15,USA,2024-12-20 06:00:00,2024-12-19 22:00:00,51.5242
CAISO SP15,USA,2024-12-20 07:00:00,2024-12-19 23:00:00,48.5965
CAISO SP15,USA,2024-12-20 08:00:00,2024-12-20 00:00:00,45.98188
CAISO SP15,USA,2024-12-20 09:00:00,2024-12-20 01:00:00,44.34776
CAISO SP15,USA,2024-12-20 10:00:00,2024-12-20 02:00:00,41.83327
CAISO SP15,USA,2024-12-20 11:00:00,2024-12-20 03:00:00,41.98838
CAISO SP15,USA,2024-12-20 12:00:00,2024-12-20 04:00:00,47.0362
CAISO SP15,USA,2024-12-20 13:00:00,2024-12-20 05:00:00,49.31863
CAISO SP15,USA,2024-12-20 14:00:00,2024-12-20 06:00:00,50.70147
CAISO SP15,USA,2024-12-20 15:00:00,2024-12-20 07:00:00,49.26319
CAISO SP15,USA,2024-12-20 16:00:00,2024-12-20 08:00:00,31.41568
CAISO SP15,USA,2024-12-20 17:00:00,2024-12-20 09:00:00,29.02982
CAISO SP15,USA,2024-12-20 18:00:00,2024-12-20 10:00:00,28.82743
CAISO SP15,USA,2024-12-20 19:00:00,2024-12-20 11:00:00,27.41713
CAISO SP15,USA,2024-12-20 20:00:00,2024-12-20 12:00:00,27.90604
CAISO SP15,USA,2024-12-20 21:00:00,2024-12-20 13:00:00,27.33235
CAISO SP15,USA,2024-12-20 22:00:00,2024-12-20 14:00:00,29.15689
CAISO SP15,USA,2024-12-20 23:00:00,2024-12-20 15:00:00,39.09002
CAISO SP15,USA,2024-12-21 00:00:00,2024-12-20 16:00:00,48.71485
CAISO SP15,USA,2024-12-21 01:00:00,2024-12-20 17:00:00,49.54379
CAISO SP15,USA,2024-12-21 02:00:00,2024-12-20 18:00:00,48.14162
CAISO SP15,USA,2024-12-21 03:00:00,2024-12-20 19:00:00,47.75765
CAISO SP15,USA,2024-12-21 04:00:00,2024-12-20 20:00:00,47.55962
CAISO SP15,USA,2024-12-21 05:00:00,2024-12-20 21:00:00,47.54608
CAISO SP15,USA,2024-12-21 06:00:00,2024-12-20 22:00:00,46.97761
CAISO SP15,USA,2024-12-21 07:00:00,2024-12-20 23:00:00,45.00538
CAISO SP15,USA,2024-12-21 08:00:00,2024-12-21 00:00:00,42.72635
CAISO SP15,USA,2024-12-21 09:00:00,2024-12-21 01:00:00,42.61429
CAISO SP15,USA,2024-12-21 10:00:00,2024-12-21 02:00:00,40.67993
CAISO SP15,USA,2024-12-21 11:00:00,2024-12-21 03:00:00,39.88912
CAISO SP15,USA,2024-12-21 12:00:00,2024-12-21 04:00:00,42.65663
CAISO SP15,USA,2024-12-21 13:00:00,2024-12-21 05:00:00,43.5006
CAISO SP15,USA,2024-12-21 14:00:00,2024-12-21 06:00:00,43.4131
CAISO SP15,USA,2024-12-21 15:00:00,2024-12-21 07:00:00,41.74117
CAISO SP15,USA,2024-12-21 16:00:00,2024-12-21 08:00:00,29.50823
CAISO SP15,USA,2024-12-21 17:00:00,2024-12-21 09:00:00,22.98061
CAISO SP15,USA,2024-12-21 18:00:00,2024-12-21 10:00:00,22.10149
CAISO SP15,USA,2024-12-21 19:00:00,2024-12-21 11:00:00,21.96903
CAISO SP15,USA,2024-12-21 20:00:00,2024-12-21 12:00:00,20.25098
CAISO SP15,USA,2024-12-21 21:00:00,2024-12-21 13:00:00,18.70968
CAISO SP15,USA,2024-12-21 22:00:00,2024-12-21 14:00:00,22.09431
CAISO SP15,USA,2024-12-21 23:00:00,2024-12-21 15:00:00,29.5278
CAISO SP15,USA,2024-12-22 00:00:00,2024-12-21 16:00:00,44.89716
CAISO SP15,USA,2024-12-22 01:00:00,2024-12-21 17:00:00,45.50015
CAISO SP15,USA,2024-12-22 02:00:00,2024-12-21 18:00:00,44.78415
CAISO SP15,USA,2024-12-22 03:00:00,2024-12-21 19:00:00,44.5159
CAISO SP15,USA,2024-12-22 04:00:00,2024-12-21 20:00:00,44.27425
CAISO SP15,USA,2024-12-22 05:00:00,2024-12-21 21:00:00,44.36226
CAISO SP15,USA,2024-12-22 06:00:00,2024-12-21 22:00:00,44.29449
CAISO SP15,USA,2024-12-22 07:00:00,2024-12-21 23:00:00,43.75478
CAISO SP15,USA,2024-12-22 08:00:00,2024-12-22 00:00:00,37.66603
CAISO SP15,USA,2024-12-22 09:00:00,2024-12-22 01:00:00,37.30895
CAISO SP15,USA,2024-12-22 10:00:00,2024-12-22 02:00:00,36.97263
CAISO SP15,USA,2024-12-22 11:00:00,2024-12-22 03:00:00,35.44436
CAISO SP15,USA,2024-12-22 12:00:00,2024-12-22 04:00:00,37.31392
CAISO SP15,USA,2024-12-22 13:00:00,2024-12-22 05:00:00,37.45704
CAISO SP15,USA,2024-12-22 14:00:00,2024-12-22 06:00:00,38.57
CAISO SP15,USA,2024-12-22 15:00:00,2024-12-22 07:00:00,36.61358
CAISO SP15,USA,2024-12-22 16:00:00,2024-12-22 08:00:00,31.19155
CAISO SP15,USA,2024-12-22 17:00:00,2024-12-22 09:00:00,20.27328
CAISO SP15,USA,2024-12-22 18:00:00,2024-12-22 10:00:00,19.52689
CAISO SP15,USA,2024-12-22 19:00:00,2024-12-22 11:00:00,18.0453
CAISO SP15,USA,2024-12-22 20:00:00,2024-12-22 12:00:00,14.79319
CAISO SP15,USA,2024-12-22 21:00:00,2024-12-22 13:00:00,16.2121
CAISO SP15,USA,2024-12-22 22:00:00,2024-12-22 14:00:00,20.23796
CAISO SP15,USA,2024-12-22 23:00:00,2024-12-22 15:00:00,32.05353
CAISO SP15,USA,2024-12-23 00:00:00,2024-12-22 16:00:00,44.44653
CAISO SP15,USA,2024-12-23 01:00:00,2024-12-22 17:00:00,44.41535
CAISO SP15,USA,2024-12-23 02:00:00,2024-12-22 18:00:00,44.41164
CAISO SP15,USA,2024-12-23 03:00:00,2024-12-22 19:00:00,44.23491
CAISO SP15,USA,2024-12-23 04:00:00,2024-12-22 20:00:00,44.00873
CAISO SP15,USA,2024-12-23 05:00:00,2024-12-22 21:00:00,43.73808
CAISO SP15,USA,2024-12-23 06:00:00,2024-12-22 22:00:00,40.39034
CAISO SP15,USA,2024-12-23 07:00:00,2024-12-22 23:00:00,38.33771
CAISO SP15,USA,2024-12-23 08:00:00,2024-12-23 00:00:00,36.54019
CAISO SP15,USA,2024-12-23 09:00:00,2024-12-23 01:00:00,36.49593
CAISO SP15,USA,2024-12-23 10:00:00,2024-12-23 02:00:00,36.70598
CAISO SP15,USA,2024-12-23 11:00:00,2024-12-23 03:00:00,37.83066
CAISO SP15,USA,2024-12-23 12:00:00,2024-12-23 04:00:00,40.87176
CAISO SP15,USA,2024-12-23 13:00:00,2024-12-23 05:00:00,43.52792
CAISO SP15,USA,2024-12-23 14:00:00,2024-12-23 06:00:00,48.32671
CAISO SP15,USA,2024-12-23 15:00:00,2024-12-23 07:00:00,45.19008
CAISO SP15,USA,2024-12-23 16:00:00,2024-12-23 08:00:00,34.90132
CAISO SP15,USA,2024-12-23 17:00:00,2024-12-23 09:00:00,31.16557
CAISO SP15,USA,2024-12-23 18:00:00,2024-12-23 10:00:00,30.0
CAISO SP15,USA,2024-12-23 19:00:00,2024-12-23 11:00:00,29.6631
CAISO SP15,USA,2024-12-23 20:00:00,2024-12-23 12:00:00,29.67119
CAISO SP15,USA,2024-12-23 21:00:00,2024-12-23 13:00:00,28.98606
CAISO SP15,USA,2024-12-23 22:00:00,2024-12-23 14:00:00,30.14626
CAISO SP15,USA,2024-12-23 23:00:00,2024-12-23 15:00:00,38.28557
CAISO SP15,USA,2024-12-24 00:00:00,2024-12-23 16:00:00,49.60561
CAISO SP15,USA,2024-12-24 01:00:00,2024-12-23 17:00:00,51.23978
CAISO SP15,USA,2024-12-24 02:00:00,2024-12-23 18:00:00,50.59349
CAISO SP15,USA,2024-12-24 03:00:00,2024-12-23 19:00:00,50.02766
CAISO SP15,USA,2024-12-24 04:00:00,2024-12-23 20:00:00,49.8074
CAISO SP15,USA,2024-12-24 05:00:00,2024-12-23 21:00:00,48.90245
CAISO SP15,USA,2024-12-24 06:00:00,2024-12-23 22:00:00,48.57821
CAISO SP15,USA,2024-12-24 07:00:00,2024-12-23 23:00:00,47.79094
CAISO SP15,USA,2024-12-24 08:00:00,2024-12-24 00:00:00,43.12879
CAISO SP15,USA,2024-12-24 09:00:00,2024-12-24 01:00:00,42.37757
CAISO SP15,USA,2024-12-24 10:00:00,2024-12-24 02:00:00,39.89642
CAISO SP15,USA,2024-12-24 11:00:00,2024-12-24 03:00:00,39.47665
CAISO SP15,USA,2024-12-24 12:00:00,2024-12-24 04:00:00,42.65637
CAISO SP15,USA,2024-12-24 13:00:00,2024-12-24 05:00:00,46.16819
CAISO SP15,USA,2024-12-24 14:00:00,2024-12-24 06:00:00,46.15916
CAISO SP15,USA,2024-12-24 15:00:00,2024-12-24 07:00:00,45.68157
CAISO SP15,USA,2024-12-24 16:00:00,2024-12-24 08:00:00,38.22643
CAISO SP15,USA,2024-12-24 17:00:00,2024-12-24 09:00:00,34.38542
CAISO SP15,USA,2024-12-24 18:00:00,2024-12-24 10:00:00,32.3214
CAISO SP15,USA,2024-12-24 19:00:00,2024-12-24 11:00:00,31.97373
CAISO SP15,USA,2024-12-24 20:00:00,2024-12-24 12:00:00,30.98858
CAISO SP15,USA,2024-12-24 21:00:00,2024-12-24 13:00:00,29.78689
CAISO SP15,USA,2024-12-24 22:00:00,2024-12-24 14:00:00,29.55092
CAISO SP15,USA,2024-12-24 23:00:00,2024-12-24 15:00:00,32.92733
CAISO SP15,USA,2024-12-25 00:00:00,2024-12-24 16:00:00,42.73986
CAISO SP15,USA,2024-12-25 01:00:00,2024-12-24 17:00:00,43.07592
CAISO SP15,USA,2024-12-25 02:00:00,2024-12-24 18:00:00,42.46172
CAISO SP15,USA,2024-12-25 03:00:00,2024-12-24 19:00:00,42.46057
CAISO SP15,USA,2024-12-25 04:00:00,2024-12-24 20:00:00,42.59423
CAISO SP15,USA,2024-12-25 05:00:00,2024-12-24 21:00:00,42.43635
CAISO SP15,USA,2024-12-25 06:00:00,2024-12-24 22:00:00,42.21123
CAISO SP15,USA,2024-12-25 07:00:00,2024-12-24 23:00:00,41.85394
CAISO SP15,USA,2024-12-25 08:00:00,2024-12-25 00:00:00,36.01338
CAISO SP15,USA,2024-12-25 09:00:00,2024-12-25 01:00:00,35.11113
CAISO SP15,USA,2024-12-25 10:00:00,2024-12-25 02:00:00,33.36976
CAISO SP15,USA,2024-12-25 11:00:00,2024-12-25 03:00:00,33.59139
CAISO SP15,USA,2024-12-25 12:00:00,2024-12-25 04:00:00,35.76836
CAISO SP15,USA,2024-12-25 13:00:00,2024-12-25 05:00:00,38.06137
CAISO SP15,USA,2024-12-25 14:00:00,2024-12-25 06:00:00,40.35508
CAISO SP15,USA,2024-12-25 15:00:00,2024-12-25 07:00:00,34.61629
CAISO SP15,USA,2024-12-25 16:00:00,2024-12-25 08:00:00,15.23767
CAISO SP15,USA,2024-12-25 17:00:00,2024-12-25 09:00:00,10.12818
CAISO SP15,USA,2024-12-25 18:00:00,2024-12-25 10:00:00,9.56038
CAISO SP15,USA,2024-12-25 19:00:00,2024-12-25 11:00:00,8.16
CAISO SP15,USA,2024-12-25 20:00:00,2024-12-25 12:00:00,5.84342
CAISO SP15,USA,2024-12-25 21:00:00,2024-12-25 13:00:00,6.09735
CAISO SP15,USA,2024-12-25 22:00:00,2024-12-25 14:00:00,9.3619
CAISO SP15,USA,2024-12-25 23:00:00,2024-12-25 15:00:00,22.83767
CAISO SP15,USA,2024-12-26 00:00:00,2024-12-25 16:00:00,41.58513
CAISO SP15,USA,2024-12-26 01:00:00,2024-12-25 17:00:00,41.98317
CAISO SP15,USA,2024-12-26 02:00:00,2024-12-25 18:00:00,41.66851
CAISO SP15,USA,2024-12-26 03:00:00,2024-12-25 19:00:00,40.99451
CAISO SP15,USA,2024-12-26 04:00:00,2024-12-25 20:00:00,41.18894
CAISO SP15,USA,2024-12-26 05:00:00,2024-12-25 21:00:00,41.67179
CAISO SP15,USA,2024-12-26 06:00:00,2024-12-25 22:00:00,41.63812
CAISO SP15,USA,2024-12-26 07:00:00,2024-12-25 23:00:00,40.90113
CAISO SP15,USA,2024-12-26 08:00:00,2024-12-26 00:00:00,39.5792
CAISO SP15,USA,2024-12-26 09:00:00,2024-12-26 01:00:00,36.71803
CAISO SP15,USA,2024-12-26 10:00:00,2024-12-26 02:00:00,35.55286
CAISO SP15,USA,2024-12-26 11:00:00,2024-12-26 03:00:00,35.3865
CAISO SP15,USA,2024-12-26 12:00:00,2024-12-26 04:00:00,36.94707
CAISO SP15,USA,2024-12-26 13:00:00,2024-12-26 05:00:00,40.92419
CAISO SP15,USA,2024-12-26 14:00:00,2024-12-26 06:00:00,41.48836
CAISO SP15,USA,2024-12-26 15:00:00,2024-12-26 07:00:00,41.14508
CAISO SP15,USA,2024-12-26 16:00:00,2024-12-26 08:00:00,38.56927
CAISO SP15,USA,2024-12-26 17:00:00,2024-12-26 09:00:00,32.37047
CAISO SP15,USA,2024-12-26 18:00:00,2024-12-26 10:00:00,29.55578
CAISO SP15,USA,2024-12-26 19:00:00,2024-12-26 11:00:00,28.1665
CAISO SP15,USA,2024-12-26 20:00:00,2024-12-26 12:00:00,26.19705
CAISO SP15,USA,2024-12-26 21:00:00,2024-12-26 13:00:00,18.94912
CAISO SP15,USA,2024-12-26 22:00:00,2024-12-26 14:00:00,23.22459
CAISO SP15,USA,2024-12-26 23:00:00,2024-12-26 15:00:00,30.45594
CAISO SP15,USA,2024-12-27 00:00:00,2024-12-26 16:00:00,45.34779
CAISO SP15,USA,2024-12-27 01:00:00,2024-12-26 17:00:00,45.71788
CAISO SP15,USA,2024-12-27 02:00:00,2024-12-26 18:00:00,45.62044
CAISO SP15,USA,2024-12-27 03:00:00,2024-12-26 19:00:00,45.565
CAISO SP15,USA,2024-12-27 04:00:00,2024-12-26 20:00:00,45.33366
CAISO SP15,USA,2024-12-27 05:00:00,2024-12-26 21:00:00,45.2655
CAISO SP15,USA,2024-12-27 06:00:00,2024-12-26 22:00:00,44.07731
CAISO SP15,USA,2024-12-27 07:00:00,2024-12-26 23:00:00,40.91933
CAISO SP15,USA,2024-12-27 08:00:00,2024-12-27 00:00:00,33.33089
CAISO SP15,USA,2024-12-27 09:00:00,2024-12-27 01:00:00,31.24974
CAISO SP15,USA,2024-12-27 10:00:00,2024-12-27 02:00:00,31.5838
CAISO SP15,USA,2024-12-27 11:00:00,2024-12-27 03:00:00,31.32984
CAISO SP15,USA,2024-12-27 12:00:00,2024-12-27 04:00:00,33.22997
CAISO SP15,USA,2024-12-27 13:00:00,2024-12-27 05:00:00,35.76383
CAISO SP15,USA,2024-12-27 14:00:00,2024-12-27 06:00:00,35.7507
CAISO SP15,USA,2024-12-27 15:00:00,2024-12-27 07:00:00,35.36917
CAISO SP15,USA,2024-12-27 16:00:00,2024-12-27 08:00:00,31.70696
CAISO SP15,USA,2024-12-27 17:00:00,2024-12-27 09:00:00,28.67
CAISO SP15,USA,2024-12-27 18:00:00,2024-12-27 10:00:00,28.09388
CAISO SP15,USA,2024-12-27 19:00:00,2024-12-27 11:00:00,27.66293
CAISO SP15,USA,2024-12-27 20:00:00,2024-12-27 12:00:00,27.48303
CAISO SP15,USA,2024-12-27 21:00:00,2024-12-27 13:00:00,25.77291
CAISO SP15,USA,2024-12-27 22:00:00,2024-12-27 14:00:00,27.5881
CAISO SP15,USA,2024-12-27 23:00:00,2024-12-27 15:00:00,29.10054
CAISO SP15,USA,2024-12-28 00:00:00,2024-12-27 16:00:00,38.75147
CAISO SP15,USA,2024-12-28 01:00:00,2024-12-27 17:00:00,38.68102
CAISO SP15,USA,2024-12-28 02:00:00,2024-12-27 18:00:00,38.82506
CAISO SP15,USA,2024-12-28 03:00:00,2024-12-27 19:00:00,38.86049
CAISO SP15,USA,2024-12-28 04:00:00,2024-12-27 20:00:00,38.98486
CAISO SP15,USA,2024-12-28 05:00:00,2024-12-27 21:00:00,38.91601
CAISO SP15,USA,2024-12-28 06:00:00,2024-12-27 22:00:00,38.24349
CAISO SP15,USA,2024-12-28 07:00:00,2024-12-27 23:00:00,36.18317
CAISO SP15,USA,2024-12-28 08:00:00,2024-12-28 00:00:00,31.99998
CAISO SP15,USA,2024-12-28 09:00:00,2024-12-28 01:00:00,32.21046
CAISO SP15,USA,2024-12-28 10:00:00,2024-12-28 02:00:00,31.35492
CAISO SP15,USA,2024-12-28 11:00:00,2024-12-28 03:00:00,30.17012
CAISO SP15,USA,2024-12-28 12:00:00,2024-12-28 04:00:00,33.63866
CAISO SP15,USA,2024-12-28 13:00:00,2024-12-28 05:00:00,34.24441
CAISO SP15,USA,2024-12-28 14:00:00,2024-12-28 06:00:00,34.20711
CAISO SP15,USA,2024-12-28 15:00:00,2024-12-28 07:00:00,31.48889
CAISO SP15,USA,2024-12-28 16:00:00,2024-12-28 08:00:00,23.56179
CAISO SP15,USA,2024-12-28 17:00:00,2024-12-28 09:00:00,22.89856
CAISO SP15,USA,2024-12-28 18:00:00,2024-12-28 10:00:00,23.33322
CAISO SP15,USA,2024-12-28 19:00:00,2024-12-28 11:00:00,23.29852
CAISO SP15,USA,2024-12-28 20:00:00,2024-12-28 12:00:00,22.29628
CAISO SP15,USA,2024-12-28 21:00:00,2024-12-28 13:00:00,20.83589
CAISO SP15,USA,2024-12-28 22:00:00,2024-12-28 14:00:00,23.36182
CAISO SP15,USA,2024-12-28 23:00:00,2024-12-28 15:00:00,26.72593
CAISO SP15,USA,2024-12-29 00:00:00,2024-12-28 16:00:00,36.54779
CAISO SP15,USA,2024-12-29 01:00:00,2024-12-28 17:00:00,37.50848
CAISO SP15,USA,2024-12-29 02:00:00,2024-12-28 18:00:00,36.797
CAISO SP15,USA,2024-12-29 03:00:00,2024-12-28 19:00:00,36.63384
CAISO SP15,USA,2024-12-29 04:00:00,2024-12-28 20:00:00,36.53966
CAISO SP15,USA,2024-12-29 05:00:00,2024-12-28 21:00:00,36.45373
CAISO SP15,USA,2024-12-29 06:00:00,2024-12-28 22:00:00,35.89206
CAISO SP15,USA,2024-12-29 07:00:00,2024-12-28 23:00:00,35.96941
CAISO SP15,USA,2024-12-29 08:00:00,2024-12-29 00:00:00,32.85419
CAISO SP15,USA,2024-12-29 09:00:00,2024-12-29 01:00:00,30.62811
CAISO SP15,USA,2024-12-29 10:00:00,2024-12-29 02:00:00,31.10673
CAISO SP15,USA,2024-12-29 11:00:00,2024-12-29 03:00:00,31.64038
CAISO SP15,USA,2024-12-29 12:00:00,2024-12-29 04:00:00,33.14129
CAISO SP15,USA,2024-12-29 13:00:00,2024-12-29 05:00:00,34.72319
CAISO SP15,USA,2024-12-29 14:00:00,2024-12-29 06:00:00,34.34364
CAISO SP15,USA,2024-12-29 15:00:00,2024-12-29 07:00:00,31.10485
CAISO SP15,USA,2024-12-29 16:00:00,2024-12-29 08:00:00,12.73374
CAISO SP15,USA,2024-12-29 17:00:00,2024-12-29 09:00:00,2.38314
CAISO SP15,USA,2024-12-29 18:00:00,2024-12-29 10:00:00,1.81746
CAISO SP15,USA,2024-12-29 19:00:00,2024-12-29 11:00:00,1.60711
CAISO SP15,USA,2024-12-29 20:00:00,2024-12-29 12:00:00,0.7328
CAISO SP15,USA,2024-12-29 21:00:00,2024-12-29 13:00:00,-1.38799
CAISO SP15,USA,2024-12-29 22:00:00,2024-12-29 14:00:00,0.80402
CAISO SP15,USA,2024-12-29 23:00:00,2024-12-29 15:00:00,12.99278
CAISO SP15,USA,2024-12-30 00:00:00,2024-12-29 16:00:00,35.27612
CAISO SP15,USA,2024-12-30 01:00:00,2024-12-29 17:00:00,35.86418
CAISO SP15,USA,2024-12-30 02:00:00,2024-12-29 18:00:00,35.5207
CAISO SP15,USA,2024-12-30 03:00:00,2024-12-29 19:00:00,35.47297
CAISO SP15,USA,2024-12-30 04:00:00,2024-12-29 20:00:00,35.49594
CAISO SP15,USA,2024-12-30 05:00:00,2024-12-29 21:00:00,35.19691
CAISO SP15,USA,2024-12-30 06:00:00,2024-12-29 22:00:00,34.19054
CAISO SP15,USA,2024-12-30 07:00:00,2024-12-29 23:00:00,33.39853
CAISO SP15,USA,2024-12-30 08:00:00,2024-12-30 00:00:00,29.73379
CAISO SP15,USA,2024-12-30 09:00:00,2024-12-30 01:00:00,28.57735
CAISO SP15,USA,2024-12-30 10:00:00,2024-12-30 02:00:00,28.47233
CAISO SP15,USA,2024-12-30 11:00:00,2024-12-30 03:00:00,28.89527
CAISO SP15,USA,2024-12-30 12:00:00,2024-12-30 04:00:00,31.25
CAISO SP15,USA,2024-12-30 13:00:00,2024-12-30 05:00:00,35.02765
CAISO SP15,USA,2024-12-30 14:00:00,2024-12-30 06:00:00,37.15069
CAISO SP15,USA,2024-12-30 15:00:00,2024-12-30 07:00:00,35.03169
CAISO SP15,USA,2024-12-30 16:00:00,2024-12-30 08:00:00,25.17641
CAISO SP15,USA,2024-12-30 17:00:00,2024-12-30 09:00:00,22.6212
CAISO SP15,USA,2024-12-30 18:00:00,2024-12-30 10:00:00,22.2314
CAISO SP15,USA,2024-12-30 19:00:00,2024-12-30 11:00:00,21.34699
CAISO SP15,USA,2024-12-30 20:00:00,2024-12-30 12:00:00,21.40099
CAISO SP15,USA,2024-12-30 21:00:00,2024-12-30 13:00:00,20.46088
CAISO SP15,USA,2024-12-30 22:00:00,2024-12-30 14:00:00,21.64558
CAISO SP15,USA,2024-12-30 23:00:00,2024-12-30 15:00:00,31.52506
CAISO SP15,USA,2024-12-31 00:00:00,2024-12-30 16:00:00,43.44089
CAISO SP15,USA,2024-12-31 01:00:00,2024-12-30 17:00:00,44.21437
CAISO SP15,USA,2024-12-31 02:00:00,2024-12-30 18:00:00,44.82167
CAISO SP15,USA,2024-12-31 03:00:00,2024-12-30 19:00:00,43.58844
CAISO SP15,USA,2024-12-31 04:00:00,2024-12-30 20:00:00,43.45223
CAISO SP15,USA,2024-12-31 05:00:00,2024-12-30 21:00:00,41.64116
CAISO SP15,USA,2024-12-31 06:00:00,2024-12-30 22:00:00,41.5484
CAISO SP15,USA,2024-12-31 07:00:00,2024-12-30 23:00:00,39.83
CAISO SP15,USA,2024-12-31 08:00:00,2024-12-31 00:00:00,41.59534
CAISO SP15,USA,2024-12-31 09:00:00,2024-12-31 01:00:00,44.56335
CAISO SP15,USA,2024-12-31 10:00:00,2024-12-31 02:00:00,41.75464
CAISO SP15,USA,2024-12-31 11:00:00,2024-12-31 03:00:00,41.40638
CAISO SP15,USA,2024-12-31 12:00:00,2024-12-31 04:00:00,44.07987
CAISO SP15,USA,2024-12-31 13:00:00,2024-12-31 05:00:00,48.64547
CAISO SP15,USA,2024-12-31 14:00:00,2024-12-31 06:00:00,51.3279
CAISO SP15,USA,2024-12-31 15:00:00,2024-12-31 07:00:00,50.14527
CAISO SP15,USA,2024-12-31 16:00:00,2024-12-31 08:00:00,39.13371
CAISO SP15,USA,2024-12-31 17:00:00,2024-12-31 09:00:00,32.80044
CAISO SP15,USA,2024-12-31 18:00:00,2024-12-31 10:00:00,32.23749
CAISO SP15,USA,2024-12-31 19:00:00,2024-12-31 11:00:00,32.18233
CAISO SP15,USA,2024-12-31 20:00:00,2024-12-31 12:00:00,29.99413
CAISO SP15,USA,2024-12-31 21:00:00,2024-12-31 13:00:00,29.11225
CAISO SP15,USA,2024-12-31 22:00:00,2024-12-31 14:00:00,33.28485
CAISO SP15,USA,2024-12-31 23:00:00,2024-12-31 15:00:00,39.73999
CAISO SP15,USA,2025-01-01 00:00:00,2024-12-31 16:00:00,51.63201
CAISO SP15,USA,2025-01-01 01:00:00,2024-12-31 17:00:00,53.91716
CAISO SP15,USA,2025-01-01 02:00:00,2024-12-31 18:00:00,51.54655
CAISO SP15,USA,2025-01-01 03:00:00,2024-12-31 19:00:00,51.32403
CAISO SP15,USA,2025-01-01 04:00:00,2024-12-31 20:00:00,51.57697
CAISO SP15,USA,2025-01-01 05:00:00,2024-12-31 21:00:00,50.44737
CAISO SP15,USA,2025-01-01 06:00:00,2024-12-31 22:00:00,50.0
